id,robotId,sensorId,timestamp,temperature,humidity,controlMode,motorInterval
4,Rpi__1,Sensor__4,2024/12/11 11:00,21.2,46.6,timer,10
8,Rpi__1,Sensor__4,2024/12/11 11:05,21.2,46.6,timer,10
12,Rpi__1,Sensor__4,2024/12/11 11:15,21.1,47.2,timer,10
16,Rpi__1,Sensor__4,2024/12/11 11:20,21,47.8,timer,10
20,Rpi__1,Sensor__4,2024/12/11 11:25,20.9,48.5,timer,10
24,Rpi__1,Sensor__4,2024/12/11 11:30,20.8,49.1,timer,10
28,Rpi__1,Sensor__4,2024/12/11 11:35,20.8,49.3,timer,10
32,Rpi__1,Sensor__4,2024/12/11 11:40,20.8,49.5,timer,10
36,Rpi__1,Sensor__4,2024/12/11 11:45,20.7,49.7,timer,10
40,Rpi__1,Sensor__4,2024/12/11 11:50,20.8,49.9,timer,10
44,Rpi__1,Sensor__4,2024/12/11 11:55,20.7,50,timer,10
48,Rpi__1,Sensor__4,2024/12/11 12:00,20.7,49.9,timer,10
52,Rpi__1,Sensor__4,2024/12/11 12:05,20.6,50.1,timer,3570
56,Rpi__1,Sensor__4,2024/12/11 12:10,20.5,50.2,timer,3570
60,Rpi__1,Sensor__4,2024/12/11 12:15,20.4,50.4,timer,3570
64,Rpi__1,Sensor__4,2024/12/11 12:20,20.4,50.5,timer,3570
68,Rpi__1,Sensor__4,2024/12/11 12:25,20.3,50.6,timer,3570
72,Rpi__1,Sensor__4,2024/12/11 12:30,20.3,50.7,timer,3570
76,Rpi__1,Sensor__4,2024/12/11 12:35,20.2,50.7,timer,3570
80,Rpi__1,Sensor__4,2024/12/11 12:40,20.2,50.7,timer,3570
84,Rpi__1,Sensor__4,2024/12/11 12:45,20.2,50.8,timer,3570
88,Rpi__1,Sensor__4,2024/12/11 12:50,20.2,50.8,timer,3570
92,Rpi__1,Sensor__4,2024/12/11 12:55,20.2,50.9,timer,3570
96,Rpi__1,Sensor__4,2024/12/11 13:00,20.2,50.9,timer,3570
100,Rpi__1,Sensor__4,2024/12/11 13:05,20.2,50.9,timer,3570
104,Rpi__1,Sensor__4,2024/12/11 13:10,20.2,50.9,timer,3570
108,Rpi__1,Sensor__4,2024/12/11 13:15,20.2,51,timer,3570
112,Rpi__1,Sensor__4,2024/12/11 13:20,20.2,51,timer,3570
116,Rpi__1,Sensor__4,2024/12/11 13:25,20.2,51,timer,3570
120,Rpi__1,Sensor__4,2024/12/11 13:30,20.2,51,timer,3570
124,Rpi__1,Sensor__4,2024/12/11 13:35,20.2,51.1,timer,3570
128,Rpi__1,Sensor__4,2024/12/11 13:40,20.2,51,timer,3570
132,Rpi__1,Sensor__4,2024/12/11 13:45,20.2,50.8,timer,3570
136,Rpi__1,Sensor__4,2024/12/11 13:50,20.2,50.8,timer,3570
140,Rpi__1,Sensor__4,2024/12/11 13:55,20.1,50.8,timer,3570
144,Rpi__1,Sensor__4,2024/12/11 14:00,20.1,50.8,timer,3570
148,Rpi__1,Sensor__4,2024/12/11 14:05,20.1,50.7,timer,3570
152,Rpi__1,Sensor__4,2024/12/11 14:10,20.1,50.6,timer,3570
156,Rpi__1,Sensor__4,2024/12/11 14:15,20.1,50.5,timer,3570
160,Rpi__1,Sensor__4,2024/12/11 14:20,20,50.3,timer,3570
164,Rpi__1,Sensor__4,2024/12/11 14:25,20.1,50.2,timer,3570
168,Rpi__1,Sensor__4,2024/12/11 14:30,20,50.2,timer,3570
172,Rpi__1,Sensor__4,2024/12/11 14:35,20,50,timer,3570
176,Rpi__1,Sensor__4,2024/12/11 14:40,20,50,timer,3570
180,Rpi__1,Sensor__4,2024/12/11 14:45,20,49.8,timer,3570
184,Rpi__1,Sensor__4,2024/12/11 14:50,20,49.8,timer,3570
188,Rpi__1,Sensor__4,2024/12/11 14:55,20,49.6,timer,3570
192,Rpi__1,Sensor__4,2024/12/11 15:00,19.9,49.6,timer,3570
196,Rpi__1,Sensor__4,2024/12/11 15:05,20,49.5,timer,3570
200,Rpi__1,Sensor__4,2024/12/11 15:10,20,49.5,timer,3570
204,Rpi__1,Sensor__4,2024/12/11 15:15,20,49.3,timer,3570
208,Rpi__1,Sensor__4,2024/12/11 15:20,20,49.4,timer,3570
212,Rpi__1,Sensor__4,2024/12/11 15:25,20,49.2,timer,3570
216,Rpi__1,Sensor__4,2024/12/11 15:30,20,49.2,timer,3570
220,Rpi__1,Sensor__4,2024/12/11 15:35,20,49.2,timer,3570
224,Rpi__1,Sensor__4,2024/12/11 15:40,20,49,timer,3570
228,Rpi__1,Sensor__4,2024/12/11 15:45,20,49.1,timer,3570
232,Rpi__1,Sensor__4,2024/12/11 15:50,20,48.9,timer,3570
236,Rpi__1,Sensor__4,2024/12/11 15:55,20,48.9,timer,3570
240,Rpi__1,Sensor__4,2024/12/11 16:00,20,48.9,timer,3570
244,Rpi__1,Sensor__4,2024/12/11 16:05,20,48.8,timer,3570
248,Rpi__1,Sensor__4,2024/12/11 16:10,20,48.7,timer,3570
252,Rpi__1,Sensor__4,2024/12/11 16:15,20,48.7,timer,3570
256,Rpi__1,Sensor__4,2024/12/11 16:20,20,48.7,timer,3570
260,Rpi__1,Sensor__4,2024/12/11 16:25,20,48.5,timer,3570
264,Rpi__1,Sensor__4,2024/12/11 16:30,20,48.5,timer,3570
268,Rpi__1,Sensor__4,2024/12/11 16:35,20,48.5,timer,3570
272,Rpi__1,Sensor__4,2024/12/11 16:40,20,48.4,timer,3570
276,Rpi__1,Sensor__4,2024/12/11 16:45,20,48.4,timer,3570
280,Rpi__1,Sensor__4,2024/12/11 16:50,20,48.3,timer,3570
284,Rpi__1,Sensor__4,2024/12/11 16:55,20,48.3,timer,3570
288,Rpi__1,Sensor__4,2024/12/11 17:00,20,48.1,timer,3570
292,Rpi__1,Sensor__4,2024/12/11 17:05,20,48.2,timer,3570
296,Rpi__1,Sensor__4,2024/12/11 17:10,20,48.1,timer,3570
300,Rpi__1,Sensor__4,2024/12/11 17:15,20,48.1,timer,3570
304,Rpi__1,Sensor__4,2024/12/11 17:20,20,48.1,timer,3570
308,Rpi__1,Sensor__4,2024/12/11 17:25,20,48,timer,3570
314,Rpi__1,Sensor__4,2024/12/12 9:45,19.3,52.4,timer,10
318,Rpi__1,Sensor__4,2024/12/12 9:50,19.4,54.7,timer,10
322,Rpi__1,Sensor__4,2024/12/12 9:55,19.4,56.6,timer,10
326,Rpi__1,Sensor__4,2024/12/12 10:00,19.5,56.7,timer,10
330,Rpi__1,Sensor__4,2024/12/12 10:05,19.5,56.5,timer,10
334,Rpi__1,Sensor__4,2024/12/12 10:10,19.5,56.2,timer,10
338,Rpi__1,Sensor__4,2024/12/12 10:15,19.6,56,timer,10
342,Rpi__1,Sensor__4,2024/12/12 10:20,19.6,56,timer,10
346,Rpi__1,Sensor__4,2024/12/12 10:25,19.8,52.2,timer,10
350,Rpi__1,Sensor__4,2024/12/12 10:30,20,52.3,timer,10
354,Rpi__1,Sensor__4,2024/12/12 10:35,20,52.6,timer,10
358,Rpi__1,Sensor__4,2024/12/12 10:40,20,52.8,timer,10
362,Rpi__1,Sensor__4,2024/12/12 10:45,20,52.8,timer,3570
366,Rpi__1,Sensor__4,2024/12/12 10:50,20,53,timer,3570
370,Rpi__1,Sensor__4,2024/12/12 10:55,20,53,timer,3570
374,Rpi__1,Sensor__4,2024/12/12 11:00,20,53,timer,3570
378,Rpi__1,Sensor__4,2024/12/12 11:05,20,53.2,timer,3570
382,Rpi__1,Sensor__4,2024/12/12 11:10,20,55.9,timer,3570
386,Rpi__1,Sensor__4,2024/12/12 11:15,20,56.9,timer,3570
390,Rpi__1,Sensor__4,2024/12/12 11:20,20,56.3,timer,3570
394,Rpi__1,Sensor__4,2024/12/12 11:25,20,55.2,timer,3570
398,Rpi__1,Sensor__4,2024/12/12 11:30,20,54.4,timer,3570
402,Rpi__1,Sensor__4,2024/12/12 11:35,20,53.8,timer,3570
406,Rpi__1,Sensor__4,2024/12/12 11:40,20,53.4,timer,3570
410,Rpi__1,Sensor__4,2024/12/12 11:45,20,53.2,timer,3570
414,Rpi__1,Sensor__4,2024/12/12 11:50,20,53.2,timer,3570
418,Rpi__1,Sensor__4,2024/12/12 11:55,20,53.3,timer,3570
422,Rpi__1,Sensor__4,2024/12/12 12:00,20,53.5,timer,3570
426,Rpi__1,Sensor__4,2024/12/12 12:05,20,53.2,timer,3570
430,Rpi__1,Sensor__4,2024/12/12 12:10,20,53.2,timer,3570
434,Rpi__1,Sensor__4,2024/12/12 12:15,20,52.9,timer,3570
438,Rpi__1,Sensor__4,2024/12/12 12:20,20,52.9,timer,3570
442,Rpi__1,Sensor__4,2024/12/12 12:25,20,52.9,timer,3570
446,Rpi__1,Sensor__4,2024/12/12 12:30,20,52.7,timer,3570
450,Rpi__1,Sensor__4,2024/12/12 12:35,20,53.1,timer,3570
454,Rpi__1,Sensor__4,2024/12/12 12:40,20,52.8,timer,3570
458,Rpi__1,Sensor__4,2024/12/12 12:45,20.1,53,timer,3570
462,Rpi__1,Sensor__4,2024/12/12 12:50,20.1,52.6,timer,3570
466,Rpi__1,Sensor__4,2024/12/12 12:55,20.1,52,timer,3570
470,Rpi__1,Sensor__4,2024/12/12 13:00,20.1,52.1,timer,3570
474,Rpi__1,Sensor__4,2024/12/12 13:05,20.1,52.2,timer,3570
478,Rpi__1,Sensor__4,2024/12/12 13:10,20.2,52.1,timer,3570
482,Rpi__1,Sensor__4,2024/12/12 13:15,20.1,52.2,timer,3570
486,Rpi__1,Sensor__4,2024/12/12 13:20,20.2,51.9,timer,3570
490,Rpi__1,Sensor__4,2024/12/12 13:25,20.2,51.9,timer,3570
494,Rpi__1,Sensor__4,2024/12/12 13:30,20.2,52.1,timer,3570
498,Rpi__1,Sensor__4,2024/12/12 13:35,20.2,52.4,timer,3570
502,Rpi__1,Sensor__4,2024/12/12 13:40,20.3,53.6,timer,3570
506,Rpi__1,Sensor__4,2024/12/12 13:45,20.3,53.2,timer,3570
510,Rpi__1,Sensor__4,2024/12/12 13:50,20.3,53,timer,3570
514,Rpi__1,Sensor__4,2024/12/12 13:55,20.3,52.9,timer,3570
518,Rpi__1,Sensor__4,2024/12/12 14:00,20.3,52.9,timer,3570
522,Rpi__1,Sensor__4,2024/12/12 14:05,20.3,52.2,timer,3570
526,Rpi__1,Sensor__4,2024/12/12 14:10,20.4,52.1,timer,3570
530,Rpi__1,Sensor__4,2024/12/12 14:15,20.3,51.9,timer,3570
534,Rpi__1,Sensor__4,2024/12/12 14:20,20.4,52.1,timer,3570
538,Rpi__1,Sensor__4,2024/12/12 14:25,20.3,51.7,timer,3570
542,Rpi__1,Sensor__4,2024/12/12 14:30,20.4,51.7,timer,3570
546,Rpi__1,Sensor__4,2024/12/12 14:35,20.4,52.1,timer,3570
550,Rpi__1,Sensor__4,2024/12/12 14:40,20.4,52,timer,3570
554,Rpi__1,Sensor__4,2024/12/12 14:45,20.4,51.8,timer,3570
558,Rpi__1,Sensor__4,2024/12/12 14:50,20.4,52.1,timer,3570
562,Rpi__1,Sensor__4,2024/12/12 14:55,20.4,51.9,timer,3570
566,Rpi__1,Sensor__4,2024/12/12 15:00,20.4,51.6,timer,3570
570,Rpi__1,Sensor__4,2024/12/12 15:05,20.4,51.9,timer,3570
574,Rpi__1,Sensor__4,2024/12/12 15:10,20.5,52.6,timer,3570
578,Rpi__1,Sensor__4,2024/12/12 15:15,20.5,52.3,timer,3570
582,Rpi__1,Sensor__4,2024/12/12 15:20,20.5,51.2,timer,3570
586,Rpi__1,Sensor__4,2024/12/12 15:25,20.5,51.9,timer,3570
590,Rpi__1,Sensor__4,2024/12/12 15:30,20.5,51.2,timer,3570
594,Rpi__1,Sensor__4,2024/12/12 15:35,20.5,51.2,timer,3570
598,Rpi__1,Sensor__4,2024/12/12 15:40,20.5,51.3,timer,3570
602,Rpi__1,Sensor__4,2024/12/12 15:45,20.5,51.8,timer,3570
606,Rpi__1,Sensor__4,2024/12/12 15:50,20.5,51.6,timer,3570
610,Rpi__1,Sensor__4,2024/12/12 15:55,20.5,51.1,timer,3570
614,Rpi__1,Sensor__4,2024/12/12 16:00,20.5,51.3,timer,3570
618,Rpi__1,Sensor__4,2024/12/12 16:05,20.5,51.3,timer,3570
622,Rpi__1,Sensor__4,2024/12/12 16:10,20.5,51.9,timer,3570
626,Rpi__1,Sensor__4,2024/12/12 16:15,20.5,51.9,timer,3570
630,Rpi__1,Sensor__4,2024/12/12 16:20,20.5,50.2,timer,3570
634,Rpi__1,Sensor__4,2024/12/12 16:25,20.5,51.1,timer,3570
638,Rpi__1,Sensor__4,2024/12/12 16:30,20.5,50.3,timer,3570
642,Rpi__1,Sensor__4,2024/12/12 16:35,20.5,50.2,timer,3570
646,Rpi__1,Sensor__4,2024/12/12 16:40,20.6,51.1,timer,3570
650,Rpi__1,Sensor__4,2024/12/12 16:45,20.5,50.2,timer,3570
654,Rpi__1,Sensor__4,2024/12/12 16:50,20.6,50.7,timer,3570
658,Rpi__1,Sensor__4,2024/12/12 16:55,20.6,50.7,timer,3570
662,Rpi__1,Sensor__4,2024/12/12 17:00,20.6,51.9,timer,3570
666,Rpi__1,Sensor__4,2024/12/12 17:05,20.6,51.6,timer,3570
670,Rpi__1,Sensor__4,2024/12/12 17:10,20.6,52.4,timer,3570
674,Rpi__1,Sensor__4,2024/12/12 17:15,20.6,52.5,timer,3570
678,Rpi__1,Sensor__4,2024/12/12 17:20,20.6,52.4,timer,3570
682,Rpi__1,Sensor__4,2024/12/12 17:25,20.6,52.7,timer,3570
686,Rpi__1,Sensor__4,2024/12/12 17:30,20.6,53.1,timer,3570
690,Rpi__1,Sensor__4,2024/12/12 17:35,20.6,53,timer,3570
694,Rpi__1,Sensor__4,2024/12/12 17:40,20.6,52.8,timer,3570
698,Rpi__1,Sensor__4,2024/12/12 17:45,20.6,52.8,timer,3570
702,Rpi__1,Sensor__4,2024/12/12 17:55,20.5,52,timer,3570
706,Rpi__1,Sensor__4,2024/12/12 18:00,20.5,51.6,timer,3570
710,Rpi__1,Sensor__4,2024/12/12 18:05,20.5,51.7,timer,3570
714,Rpi__1,Sensor__4,2024/12/12 18:10,20.6,51.5,timer,3570
718,Rpi__1,Sensor__4,2024/12/12 18:15,20.5,51.5,timer,3570
722,Rpi__1,Sensor__4,2024/12/12 18:20,20.6,51.5,timer,3570
726,Rpi__1,Sensor__4,2024/12/12 18:25,20.6,51,timer,3570
730,Rpi__1,Sensor__4,2024/12/12 18:30,20.6,51.5,timer,3570
734,Rpi__1,Sensor__4,2024/12/12 18:35,20.6,51.5,timer,3570
738,Rpi__1,Sensor__4,2024/12/12 18:40,20.6,51.5,timer,3570
742,Rpi__1,Sensor__4,2024/12/12 18:45,20.6,51.7,timer,3570
746,Rpi__1,Sensor__4,2024/12/12 18:50,20.6,51.6,timer,3570
750,Rpi__1,Sensor__4,2024/12/12 18:55,20.6,51.3,timer,3570
754,Rpi__1,Sensor__4,2024/12/12 19:00,20.6,51.4,timer,3570
758,Rpi__1,Sensor__4,2024/12/12 19:05,20.6,51.2,timer,3570
762,Rpi__1,Sensor__4,2024/12/12 19:10,20.6,51.3,timer,3570
766,Rpi__1,Sensor__4,2024/12/12 19:15,20.6,51,timer,3570
770,Rpi__1,Sensor__4,2024/12/12 19:20,20.6,51,timer,3570
774,Rpi__1,Sensor__4,2024/12/12 19:25,20.5,50.6,timer,3570
778,Rpi__1,Sensor__4,2024/12/12 19:30,20.5,50.7,timer,3570
782,Rpi__1,Sensor__4,2024/12/12 19:35,20.5,50.6,timer,3570
786,Rpi__1,Sensor__4,2024/12/12 19:40,20.5,50.6,timer,3570
790,Rpi__1,Sensor__4,2024/12/12 19:45,20.5,50.5,timer,3570
794,Rpi__1,Sensor__4,2024/12/12 19:50,20.5,49.4,timer,3570
798,Rpi__1,Sensor__4,2024/12/12 19:55,20.4,49.4,timer,3570
802,Rpi__1,Sensor__4,2024/12/12 20:00,20.4,48.9,timer,3570
806,Rpi__1,Sensor__4,2024/12/12 20:05,20.4,48.8,timer,3570
810,Rpi__1,Sensor__4,2024/12/12 20:10,20.4,48.4,timer,3570
814,Rpi__1,Sensor__4,2024/12/12 20:15,20.4,48.4,timer,3570
818,Rpi__1,Sensor__4,2024/12/12 20:20,20.4,49.3,timer,3570
822,Rpi__1,Sensor__4,2024/12/12 20:25,20.4,49.3,timer,3570
826,Rpi__1,Sensor__4,2024/12/12 20:30,20.3,48.7,timer,3570
830,Rpi__1,Sensor__4,2024/12/12 20:35,20.3,48.3,timer,3570
834,Rpi__1,Sensor__4,2024/12/12 20:40,20.2,47.1,timer,3570
838,Rpi__1,Sensor__4,2024/12/12 20:45,20.2,47.6,timer,3570
842,Rpi__1,Sensor__4,2024/12/12 20:50,20.2,47.7,timer,3570
846,Rpi__1,Sensor__4,2024/12/12 20:55,20.2,47.5,timer,3570
850,Rpi__1,Sensor__4,2024/12/12 21:00,20.2,47.3,timer,3570
854,Rpi__1,Sensor__4,2024/12/12 21:05,20.1,48.4,timer,3570
858,Rpi__1,Sensor__4,2024/12/12 21:10,20.1,49.5,timer,3570
862,Rpi__1,Sensor__4,2024/12/12 21:15,20.1,49.6,timer,3570
866,Rpi__1,Sensor__4,2024/12/12 21:20,20,49.7,timer,3570
870,Rpi__1,Sensor__4,2024/12/12 21:25,20,49.7,timer,3570
874,Rpi__1,Sensor__4,2024/12/12 21:30,20,49.5,timer,3570
878,Rpi__1,Sensor__4,2024/12/12 21:35,19.9,49.2,timer,3570
882,Rpi__1,Sensor__4,2024/12/12 21:40,19.9,49.8,timer,3570
886,Rpi__1,Sensor__4,2024/12/12 21:45,19.9,49.9,timer,43170
890,Rpi__1,Sensor__4,2024/12/12 21:50,19.9,49.9,timer,43170
894,Rpi__1,Sensor__4,2024/12/12 21:55,19.9,49.8,timer,43170
898,Rpi__1,Sensor__4,2024/12/12 22:00,19.8,49.9,timer,43170
902,Rpi__1,Sensor__4,2024/12/12 22:05,19.8,49.7,timer,43170
906,Rpi__1,Sensor__4,2024/12/12 22:10,19.8,49.4,timer,43170
910,Rpi__1,Sensor__4,2024/12/12 22:15,19.8,50,timer,43170
914,Rpi__1,Sensor__4,2024/12/12 22:20,19.8,50.1,timer,43170
918,Rpi__1,Sensor__4,2024/12/12 22:25,19.7,50.1,timer,43170
922,Rpi__1,Sensor__4,2024/12/12 22:30,19.7,49.9,timer,43170
926,Rpi__1,Sensor__4,2024/12/12 22:35,19.7,49,timer,43170
930,Rpi__1,Sensor__4,2024/12/12 22:40,19.7,48.2,timer,43170
934,Rpi__1,Sensor__4,2024/12/12 22:45,19.6,48,timer,43170
938,Rpi__1,Sensor__4,2024/12/12 22:50,19.6,48.1,timer,3570
942,Rpi__1,Sensor__4,2024/12/12 22:55,19.6,48.6,timer,3570
946,Rpi__1,Sensor__4,2024/12/12 23:00,19.6,49.3,timer,3570
950,Rpi__1,Sensor__4,2024/12/12 23:05,19.6,49.6,timer,3570
954,Rpi__1,Sensor__4,2024/12/12 23:10,19.6,49.2,timer,3570
958,Rpi__1,Sensor__4,2024/12/12 23:15,19.6,48.7,timer,3570
962,Rpi__1,Sensor__4,2024/12/12 23:20,19.5,48.9,timer,3570
966,Rpi__1,Sensor__4,2024/12/12 23:25,19.6,49.3,timer,3570
970,Rpi__1,Sensor__4,2024/12/12 23:30,19.5,48.8,timer,3570
974,Rpi__1,Sensor__4,2024/12/12 23:35,19.5,48.2,timer,3570
978,Rpi__1,Sensor__4,2024/12/12 23:40,19.5,48.4,timer,3570
982,Rpi__1,Sensor__4,2024/12/12 23:45,19.5,48.2,timer,3570
986,Rpi__1,Sensor__4,2024/12/12 23:50,19.5,47.9,timer,3570
990,Rpi__1,Sensor__4,2024/12/12 23:55,19.5,49.1,timer,3570
994,Rpi__1,Sensor__4,2024/12/13 0:00,19.5,49.2,timer,3570
998,Rpi__1,Sensor__4,2024/12/13 0:05,19.4,49.5,timer,3570
1002,Rpi__1,Sensor__4,2024/12/13 0:10,19.4,49.7,timer,3570
1006,Rpi__1,Sensor__4,2024/12/13 0:15,19.4,49.4,timer,3570
1010,Rpi__1,Sensor__4,2024/12/13 0:20,19.4,49.3,timer,3570
1014,Rpi__1,Sensor__4,2024/12/13 0:25,19.4,49.3,timer,3570
1018,Rpi__1,Sensor__4,2024/12/13 0:30,19.4,49.3,timer,3570
1022,Rpi__1,Sensor__4,2024/12/13 0:35,19.3,48.3,timer,3570
1026,Rpi__1,Sensor__4,2024/12/13 0:40,19.3,48.2,timer,3570
1030,Rpi__1,Sensor__4,2024/12/13 0:45,19.3,48.7,timer,3570
1034,Rpi__1,Sensor__4,2024/12/13 0:50,19.3,49.1,timer,3570
1038,Rpi__1,Sensor__4,2024/12/13 0:55,19.3,49,timer,3570
1042,Rpi__1,Sensor__4,2024/12/13 1:00,19.3,49.3,timer,3570
1046,Rpi__1,Sensor__4,2024/12/13 1:05,19.2,49.2,timer,3570
1050,Rpi__1,Sensor__4,2024/12/13 1:10,19.2,48.6,timer,3570
1054,Rpi__1,Sensor__4,2024/12/13 1:15,19.2,48.8,timer,3570
1058,Rpi__1,Sensor__4,2024/12/13 1:20,19.2,48.2,timer,3570
1062,Rpi__1,Sensor__4,2024/12/13 1:25,19.2,48.5,timer,3570
1066,Rpi__1,Sensor__4,2024/12/13 1:30,19.2,48.2,timer,3570
1070,Rpi__1,Sensor__4,2024/12/13 1:35,19.1,47.9,timer,3570
1074,Rpi__1,Sensor__4,2024/12/13 1:40,19.2,48.2,timer,3570
1078,Rpi__1,Sensor__4,2024/12/13 1:45,19.2,47.9,timer,3570
1082,Rpi__1,Sensor__4,2024/12/13 1:50,19.1,48,timer,3570
1086,Rpi__1,Sensor__4,2024/12/13 1:55,19.1,47.9,timer,3570
1090,Rpi__1,Sensor__4,2024/12/13 2:00,19.1,48,timer,3570
1094,Rpi__1,Sensor__4,2024/12/13 2:05,19.1,48.1,timer,3570
1098,Rpi__1,Sensor__4,2024/12/13 2:10,19.1,47.9,timer,3570
1102,Rpi__1,Sensor__4,2024/12/13 2:15,19.1,47.8,timer,3570
1106,Rpi__1,Sensor__4,2024/12/13 2:20,19.1,47.7,timer,3570
1110,Rpi__1,Sensor__4,2024/12/13 2:25,19.1,48.2,timer,3570
1114,Rpi__1,Sensor__4,2024/12/13 2:30,19.1,48.2,timer,3570
1118,Rpi__1,Sensor__4,2024/12/13 2:35,19.1,49.2,timer,3570
1122,Rpi__1,Sensor__4,2024/12/13 2:40,19.1,49.3,timer,3570
1126,Rpi__1,Sensor__4,2024/12/13 2:45,19.1,48.8,timer,3570
1130,Rpi__1,Sensor__4,2024/12/13 2:50,19,47.9,timer,3570
1134,Rpi__1,Sensor__4,2024/12/13 2:55,19,47.9,timer,3570
1138,Rpi__1,Sensor__4,2024/12/13 3:00,19,47.8,timer,3570
1142,Rpi__1,Sensor__4,2024/12/13 3:05,19,48.1,timer,3570
1146,Rpi__1,Sensor__4,2024/12/13 3:10,19,47.7,timer,3570
1150,Rpi__1,Sensor__4,2024/12/13 3:15,18.9,47.6,timer,3570
1154,Rpi__1,Sensor__4,2024/12/13 3:20,18.9,47.8,timer,3570
1158,Rpi__1,Sensor__4,2024/12/13 3:25,18.9,47.6,timer,3570
1162,Rpi__1,Sensor__4,2024/12/13 3:30,18.9,47.5,timer,3570
1166,Rpi__1,Sensor__4,2024/12/13 3:35,18.8,47.5,timer,3570
1170,Rpi__1,Sensor__4,2024/12/13 3:40,18.8,47.4,timer,3570
1174,Rpi__1,Sensor__4,2024/12/13 3:45,18.8,47.6,timer,3570
1178,Rpi__1,Sensor__4,2024/12/13 3:50,18.8,47.5,timer,3570
1182,Rpi__1,Sensor__4,2024/12/13 3:55,18.8,47.4,timer,3570
1186,Rpi__1,Sensor__4,2024/12/13 4:00,18.7,47.6,timer,3570
1190,Rpi__1,Sensor__4,2024/12/13 4:05,18.7,47.8,timer,3570
1194,Rpi__1,Sensor__4,2024/12/13 4:10,18.7,47.7,timer,3570
1198,Rpi__1,Sensor__4,2024/12/13 4:15,18.7,47.6,timer,3570
1202,Rpi__1,Sensor__4,2024/12/13 4:20,18.7,47.7,timer,3570
1206,Rpi__1,Sensor__4,2024/12/13 4:25,18.6,47.8,timer,3570
1210,Rpi__1,Sensor__4,2024/12/13 4:30,18.6,47.9,timer,3570
1214,Rpi__1,Sensor__4,2024/12/13 4:35,18.6,48,timer,3570
1218,Rpi__1,Sensor__4,2024/12/13 4:40,18.6,48.1,timer,3570
1222,Rpi__1,Sensor__4,2024/12/13 4:45,18.6,48.2,timer,3570
1226,Rpi__1,Sensor__4,2024/12/13 4:50,18.6,48.2,timer,3570
1230,Rpi__1,Sensor__4,2024/12/13 4:55,18.6,49,timer,3570
1234,Rpi__1,Sensor__4,2024/12/13 5:00,18.5,49.7,timer,3570
1238,Rpi__1,Sensor__4,2024/12/13 5:05,18.5,49.7,timer,3570
1242,Rpi__1,Sensor__4,2024/12/13 5:10,18.5,49.7,timer,3570
1246,Rpi__1,Sensor__4,2024/12/13 5:15,18.5,49.6,timer,3570
1250,Rpi__1,Sensor__4,2024/12/13 5:20,18.4,49.6,timer,3570
1254,Rpi__1,Sensor__4,2024/12/13 5:25,18.4,49.6,timer,3570
1258,Rpi__1,Sensor__4,2024/12/13 5:30,18.4,49.6,timer,3570
1262,Rpi__1,Sensor__4,2024/12/13 5:35,18.4,49.9,timer,3570
1266,Rpi__1,Sensor__4,2024/12/13 5:40,18.4,50,timer,3570
1270,Rpi__1,Sensor__4,2024/12/13 5:45,18.4,50.2,timer,3570
1274,Rpi__1,Sensor__4,2024/12/13 5:50,18.4,50.3,timer,3570
1278,Rpi__1,Sensor__4,2024/12/13 5:55,18.4,50.2,timer,3570
1282,Rpi__1,Sensor__4,2024/12/13 6:00,18.4,50.3,timer,3570
1286,Rpi__1,Sensor__4,2024/12/13 6:05,18.4,50.2,timer,3570
1290,Rpi__1,Sensor__4,2024/12/13 6:10,18.3,50.1,timer,3570
1294,Rpi__1,Sensor__4,2024/12/13 6:15,18.3,50.2,timer,3570
1298,Rpi__1,Sensor__4,2024/12/13 6:20,18.3,50,timer,3570
1302,Rpi__1,Sensor__4,2024/12/13 6:25,18.3,49.9,timer,3570
1306,Rpi__1,Sensor__4,2024/12/13 6:30,18.3,49.8,timer,3570
1310,Rpi__1,Sensor__4,2024/12/13 6:35,18.2,49.9,timer,3570
1314,Rpi__1,Sensor__4,2024/12/13 6:40,18.2,50,timer,3570
1318,Rpi__1,Sensor__4,2024/12/13 6:45,18.2,50.1,timer,3570
1322,Rpi__1,Sensor__4,2024/12/13 6:50,18.2,50.4,timer,3570
1326,Rpi__1,Sensor__4,2024/12/13 6:55,18.2,50.5,timer,3570
1330,Rpi__1,Sensor__4,2024/12/13 7:00,18.2,50.4,timer,3570
1334,Rpi__1,Sensor__4,2024/12/13 7:05,18.2,50.3,timer,3570
1338,Rpi__1,Sensor__4,2024/12/13 7:10,18.2,50.2,timer,3570
1342,Rpi__1,Sensor__4,2024/12/13 7:15,18.2,50.2,timer,3570
1346,Rpi__1,Sensor__4,2024/12/13 7:20,18.2,50.2,timer,3570
1350,Rpi__1,Sensor__4,2024/12/13 7:25,18.1,50.1,timer,3570
1354,Rpi__1,Sensor__4,2024/12/13 7:30,18.1,50.1,timer,3570
1358,Rpi__1,Sensor__4,2024/12/13 7:35,18.1,50.1,timer,3570
1362,Rpi__1,Sensor__4,2024/12/13 7:40,18.1,49.9,timer,3570
1366,Rpi__1,Sensor__4,2024/12/13 7:45,18.1,49.9,timer,3570
1370,Rpi__1,Sensor__4,2024/12/13 7:50,18.1,49.9,timer,3570
1374,Rpi__1,Sensor__4,2024/12/13 7:55,18.1,49.9,timer,3570
1378,Rpi__1,Sensor__4,2024/12/13 8:00,18.1,50,timer,3570
1382,Rpi__1,Sensor__4,2024/12/13 8:05,18.1,50.1,timer,3570
1386,Rpi__1,Sensor__4,2024/12/13 8:10,18.2,50.1,timer,3570
1390,Rpi__1,Sensor__4,2024/12/13 8:15,18.2,50.2,timer,3570
1394,Rpi__1,Sensor__4,2024/12/13 8:20,18.2,50.1,timer,3570
1398,Rpi__1,Sensor__4,2024/12/13 8:25,18.2,50.2,timer,3570
1402,Rpi__1,Sensor__4,2024/12/13 8:30,18.3,50.1,timer,3570
1406,Rpi__1,Sensor__4,2024/12/13 8:35,18.3,50,timer,3570
1410,Rpi__1,Sensor__4,2024/12/13 8:40,18.3,50.1,timer,3570
1414,Rpi__1,Sensor__4,2024/12/13 8:45,18.4,50.1,timer,3570
1418,Rpi__1,Sensor__4,2024/12/13 8:50,18.4,50.1,timer,3570
1422,Rpi__1,Sensor__4,2024/12/13 8:55,18.5,50,timer,3570
1426,Rpi__1,Sensor__4,2024/12/13 9:00,18.5,49.8,timer,3570
1430,Rpi__1,Sensor__4,2024/12/13 9:05,18.5,49.7,timer,3570
1434,Rpi__1,Sensor__4,2024/12/13 9:10,18.6,49.6,timer,3570
1438,Rpi__1,Sensor__4,2024/12/13 9:15,18.6,49.5,timer,3570
1442,Rpi__1,Sensor__4,2024/12/13 9:20,18.7,49.5,timer,3570
1446,Rpi__1,Sensor__4,2024/12/13 9:25,18.7,49.4,timer,3570
1450,Rpi__1,Sensor__4,2024/12/13 9:30,18.7,49.2,timer,3570
1454,Rpi__1,Sensor__4,2024/12/13 9:35,18.7,49.2,timer,3570
1458,Rpi__1,Sensor__4,2024/12/13 9:40,18.8,48.7,timer,43170
1462,Rpi__1,Sensor__4,2024/12/13 9:45,18.9,48.4,timer,43170
1466,Rpi__1,Sensor__4,2024/12/13 9:50,18.9,48.2,timer,43170
1470,Rpi__1,Sensor__4,2024/12/13 9:55,19,48,timer,43170
1474,Rpi__1,Sensor__4,2024/12/13 10:00,19.1,47.8,timer,43170
1478,Rpi__1,Sensor__4,2024/12/13 10:05,19.1,48.2,timer,43170
1482,Rpi__1,Sensor__4,2024/12/13 10:10,19.1,48.2,timer,43170
1486,Rpi__1,Sensor__4,2024/12/13 10:15,19.3,50.9,timer,43170
1490,Rpi__1,Sensor__4,2024/12/13 10:20,19.3,50.5,timer,43170
1494,Rpi__1,Sensor__4,2024/12/13 10:25,19.4,49.9,timer,43170
1498,Rpi__1,Sensor__4,2024/12/13 10:30,19.4,51.2,timer,43170
1502,Rpi__1,Sensor__4,2024/12/13 10:35,19.4,52.1,timer,43170
1506,Rpi__1,Sensor__4,2024/12/13 10:40,19.5,53.4,timer,43170
1510,Rpi__1,Sensor__4,2024/12/13 10:45,19.7,52.6,timer,3570
1514,Rpi__1,Sensor__4,2024/12/13 10:50,19.7,53.8,timer,3570
1518,Rpi__1,Sensor__4,2024/12/13 10:55,20,60.4,timer,3570
1522,Rpi__1,Sensor__4,2024/12/13 11:00,20.1,58.6,timer,3570
1526,Rpi__1,Sensor__4,2024/12/13 11:05,20.3,55.3,timer,3570
1530,Rpi__1,Sensor__4,2024/12/13 11:10,20.3,58.2,timer,3570
1534,Rpi__1,Sensor__4,2024/12/13 11:15,20.2,61.2,timer,3570
1538,Rpi__1,Sensor__4,2024/12/13 11:20,20.1,60.9,timer,3570
1542,Rpi__1,Sensor__4,2024/12/13 11:25,20,61.5,timer,3570
1546,Rpi__1,Sensor__4,2024/12/13 11:30,20,61.9,timer,3570
1550,Rpi__1,Sensor__4,2024/12/13 11:35,19.9,62.2,timer,3570
1554,Rpi__1,Sensor__4,2024/12/13 11:40,19.9,62.4,timer,3570
1558,Rpi__1,Sensor__4,2024/12/13 11:45,19.8,62.5,timer,3570
1562,Rpi__1,Sensor__4,2024/12/13 11:50,19.8,63.3,timer,3570
1566,Rpi__1,Sensor__4,2024/12/13 11:55,19.8,63.7,timer,3570
1570,Rpi__1,Sensor__4,2024/12/13 12:00,19.8,63.4,timer,3570
1574,Rpi__1,Sensor__4,2024/12/13 12:05,19.8,64.8,timer,3570
1578,Rpi__1,Sensor__4,2024/12/13 12:10,19.7,65.1,timer,3570
1582,Rpi__1,Sensor__4,2024/12/13 12:15,19.7,65,timer,3570
1586,Rpi__1,Sensor__4,2024/12/13 12:20,19.8,64.2,timer,3570
1590,Rpi__1,Sensor__4,2024/12/13 12:25,19.7,62.6,timer,3570
1594,Rpi__1,Sensor__4,2024/12/13 12:30,19.7,62.8,timer,3570
1598,Rpi__1,Sensor__4,2024/12/13 12:35,19.8,62.6,timer,3570
1602,Rpi__1,Sensor__4,2024/12/13 12:40,19.8,62.5,timer,3570
1606,Rpi__1,Sensor__4,2024/12/13 12:45,19.8,62.3,timer,3570
1610,Rpi__1,Sensor__4,2024/12/13 12:50,19.8,62.2,timer,3570
1614,Rpi__1,Sensor__4,2024/12/13 12:55,19.8,61.8,timer,3570
1618,Rpi__1,Sensor__4,2024/12/13 13:00,19.8,61.3,timer,3570
1622,Rpi__1,Sensor__4,2024/12/13 13:05,19.9,61.7,timer,3570
1626,Rpi__1,Sensor__4,2024/12/13 13:10,19.9,62,timer,3570
1630,Rpi__1,Sensor__4,2024/12/13 13:15,19.9,61.8,timer,3570
1634,Rpi__1,Sensor__4,2024/12/13 13:20,19.9,61.9,timer,3570
1638,Rpi__1,Sensor__4,2024/12/13 13:25,19.9,61.8,timer,3570
1642,Rpi__1,Sensor__4,2024/12/13 13:30,19.9,61.3,timer,3570
1646,Rpi__1,Sensor__4,2024/12/13 13:35,19.9,61.3,timer,3570
1650,Rpi__1,Sensor__4,2024/12/13 13:40,19.9,61.3,timer,3570
1654,Rpi__1,Sensor__4,2024/12/13 13:45,19.9,60.7,timer,3570
1658,Rpi__1,Sensor__4,2024/12/13 13:50,20,60,timer,3570
1662,Rpi__1,Sensor__4,2024/12/13 13:55,20,60.7,timer,3570
1666,Rpi__1,Sensor__4,2024/12/13 14:00,20,60.3,timer,3570
1670,Rpi__1,Sensor__4,2024/12/13 14:05,20,60.8,timer,3570
1674,Rpi__1,Sensor__4,2024/12/13 14:10,20,59.6,timer,3570
1678,Rpi__1,Sensor__4,2024/12/13 14:15,20,59.6,timer,3570
1682,Rpi__1,Sensor__4,2024/12/13 14:20,20,61.4,timer,3570
1686,Rpi__1,Sensor__4,2024/12/13 14:25,20,60.8,timer,3570
1690,Rpi__1,Sensor__4,2024/12/13 14:30,20,62.1,timer,3570
1694,Rpi__1,Sensor__4,2024/12/13 14:35,20,62.2,timer,3570
1698,Rpi__1,Sensor__4,2024/12/13 14:40,20,62.3,timer,3570
1702,Rpi__1,Sensor__4,2024/12/13 14:45,20,62,timer,3570
1706,Rpi__1,Sensor__4,2024/12/13 14:50,20,62.1,timer,3570
1710,Rpi__1,Sensor__4,2024/12/13 14:55,19.9,61.1,timer,3570
1714,Rpi__1,Sensor__4,2024/12/13 15:00,20,61.7,timer,3570
1718,Rpi__1,Sensor__4,2024/12/13 15:05,19.9,61.8,timer,3570
1722,Rpi__1,Sensor__4,2024/12/13 15:10,19.9,61.8,timer,3570
1726,Rpi__1,Sensor__4,2024/12/13 15:15,19.9,61.7,timer,3570
1730,Rpi__1,Sensor__4,2024/12/13 15:20,19.9,61.2,timer,3570
1734,Rpi__1,Sensor__4,2024/12/13 15:25,20,61.5,timer,3570
1738,Rpi__1,Sensor__4,2024/12/13 15:30,19.9,61.2,timer,3570
1742,Rpi__1,Sensor__4,2024/12/13 15:35,19.9,61.3,timer,3570
1746,Rpi__1,Sensor__4,2024/12/13 15:40,19.9,61.2,timer,3570
1750,Rpi__1,Sensor__4,2024/12/13 15:45,19.9,61.3,timer,3570
1754,Rpi__1,Sensor__4,2024/12/13 15:50,19.9,61,timer,3570
1758,Rpi__1,Sensor__4,2024/12/13 15:55,19.9,61,timer,3570
1762,Rpi__1,Sensor__4,2024/12/13 16:00,20,61,timer,3570
1766,Rpi__1,Sensor__4,2024/12/13 16:05,20,59.2,timer,3570
1770,Rpi__1,Sensor__4,2024/12/13 16:10,20,59,timer,3570
1774,Rpi__1,Sensor__4,2024/12/13 16:15,20,60,timer,3570
1778,Rpi__1,Sensor__4,2024/12/13 16:20,20,60.6,timer,3570
1782,Rpi__1,Sensor__4,2024/12/13 16:25,20,58.2,timer,3570
1786,Rpi__1,Sensor__4,2024/12/13 16:30,20,58.2,timer,3570
1790,Rpi__1,Sensor__4,2024/12/13 16:35,20,60.1,timer,3570
1794,Rpi__1,Sensor__4,2024/12/13 16:40,20,59.4,timer,3570
1798,Rpi__1,Sensor__4,2024/12/13 16:50,20,59.9,timer,3570
1802,Rpi__1,Sensor__4,2024/12/13 16:55,20,59.7,timer,3570
1806,Rpi__1,Sensor__4,2024/12/13 17:00,20,59.7,timer,3570
1810,Rpi__1,Sensor__4,2024/12/13 17:05,20,59.7,timer,3570
1814,Rpi__1,Sensor__4,2024/12/13 17:10,20,59.5,timer,3570
1818,Rpi__1,Sensor__4,2024/12/13 17:15,20,59.1,timer,3570
1822,Rpi__1,Sensor__4,2024/12/13 17:20,20,58.7,timer,3570
1826,Rpi__1,Sensor__4,2024/12/13 17:25,20,58.7,timer,3570
1830,Rpi__1,Sensor__4,2024/12/13 17:30,20,59.1,timer,3570
1834,Rpi__1,Sensor__4,2024/12/13 17:35,20,58.3,timer,3570
1838,Rpi__1,Sensor__4,2024/12/13 17:40,20,58.7,timer,3570
1842,Rpi__1,Sensor__4,2024/12/13 17:45,20,59,timer,3570
1846,Rpi__1,Sensor__4,2024/12/13 17:50,20,58.6,timer,3570
1850,Rpi__1,Sensor__4,2024/12/13 17:55,20,58.7,timer,3570
1854,Rpi__1,Sensor__4,2024/12/13 18:00,20,58.7,timer,3570
1858,Rpi__1,Sensor__4,2024/12/13 18:05,20,57.7,timer,3570
1862,Rpi__1,Sensor__4,2024/12/13 18:10,20.1,57.3,timer,3570
1866,Rpi__1,Sensor__4,2024/12/13 18:15,20.1,57.1,timer,3570
1870,Rpi__1,Sensor__4,2024/12/13 18:20,20.1,56.6,timer,3570
1874,Rpi__1,Sensor__4,2024/12/13 18:25,20.1,56.5,timer,3570
1878,Rpi__1,Sensor__4,2024/12/13 18:30,20.1,56.4,timer,3570
1882,Rpi__1,Sensor__4,2024/12/13 18:35,20.1,56,timer,3570
1886,Rpi__1,Sensor__4,2024/12/13 18:40,20.2,57.2,timer,3570
1890,Rpi__1,Sensor__4,2024/12/13 18:45,20.1,55.1,timer,3570
1894,Rpi__1,Sensor__4,2024/12/13 18:50,20.1,55.1,timer,3570
1898,Rpi__1,Sensor__4,2024/12/13 18:55,20.2,55.9,timer,3570
1902,Rpi__1,Sensor__4,2024/12/13 19:00,20.2,56.5,timer,3570
1906,Rpi__1,Sensor__4,2024/12/13 19:05,20.2,57.7,timer,3570
1910,Rpi__1,Sensor__4,2024/12/13 19:10,20.2,58.4,timer,3570
1914,Rpi__1,Sensor__4,2024/12/13 19:15,20.2,59,timer,3570
1918,Rpi__1,Sensor__4,2024/12/13 19:20,20.2,59.2,timer,3570
1922,Rpi__1,Sensor__4,2024/12/13 19:25,20.2,59,timer,3570
1926,Rpi__1,Sensor__4,2024/12/13 19:30,20.2,57.8,timer,3570
1930,Rpi__1,Sensor__4,2024/12/13 19:35,20.2,55.6,timer,3570
1934,Rpi__1,Sensor__4,2024/12/13 19:40,20.1,55.3,timer,3570
1938,Rpi__1,Sensor__4,2024/12/13 19:45,20.2,55.2,timer,3570
1942,Rpi__1,Sensor__4,2024/12/13 19:50,20.2,55,timer,3570
1946,Rpi__1,Sensor__4,2024/12/13 19:55,20.2,54.8,timer,3570
1950,Rpi__1,Sensor__4,2024/12/13 20:00,20.2,54.7,timer,3570
1954,Rpi__1,Sensor__4,2024/12/13 20:05,20.2,54.5,timer,3570
1958,Rpi__1,Sensor__4,2024/12/13 20:10,20.1,54.2,timer,3570
1962,Rpi__1,Sensor__4,2024/12/13 20:15,20.1,52.9,timer,3570
1966,Rpi__1,Sensor__4,2024/12/13 20:20,20.1,52.4,timer,3570
1970,Rpi__1,Sensor__4,2024/12/13 20:25,20.1,52.1,timer,3570
1974,Rpi__1,Sensor__4,2024/12/13 20:30,20,52.3,timer,3570
1978,Rpi__1,Sensor__4,2024/12/13 20:35,20,52.1,timer,3570
1982,Rpi__1,Sensor__4,2024/12/13 20:40,20,52.1,timer,3570
1986,Rpi__1,Sensor__4,2024/12/13 20:45,19.9,52.1,timer,3570
1990,Rpi__1,Sensor__4,2024/12/13 20:50,19.9,51.9,timer,3570
1994,Rpi__1,Sensor__4,2024/12/13 20:55,19.8,52,timer,3570
1998,Rpi__1,Sensor__4,2024/12/13 21:00,19.8,52,timer,3570
2002,Rpi__1,Sensor__4,2024/12/13 21:05,19.8,62.3,timer,3570
2006,Rpi__1,Sensor__4,2024/12/13 21:10,19.8,65.6,timer,3570
2010,Rpi__1,Sensor__4,2024/12/13 21:15,19.7,66.3,timer,3570
2014,Rpi__1,Sensor__4,2024/12/13 21:20,19.7,66.1,timer,3570
2018,Rpi__1,Sensor__4,2024/12/13 21:25,19.6,66.6,timer,3570
2022,Rpi__1,Sensor__4,2024/12/13 21:30,19.6,67,timer,3570
2026,Rpi__1,Sensor__4,2024/12/13 21:35,19.5,67.1,timer,3570
2030,Rpi__1,Sensor__4,2024/12/13 21:40,19.5,67.3,timer,3570
2034,Rpi__1,Sensor__4,2024/12/13 21:45,19.5,67.3,timer,43170
2038,Rpi__1,Sensor__4,2024/12/13 21:50,19.4,67.7,timer,43170
2042,Rpi__1,Sensor__4,2024/12/13 21:55,19.4,68,timer,43170
2046,Rpi__1,Sensor__4,2024/12/13 22:00,19.4,68,timer,43170
2050,Rpi__1,Sensor__4,2024/12/13 22:05,19.3,68.1,timer,43170
2054,Rpi__1,Sensor__4,2024/12/13 22:10,19.3,68.1,timer,43170
2058,Rpi__1,Sensor__4,2024/12/13 22:15,19.3,68.5,timer,43170
2062,Rpi__1,Sensor__4,2024/12/13 22:20,19.3,68.7,timer,43170
2066,Rpi__1,Sensor__4,2024/12/13 22:25,19.2,68.6,timer,43170
2070,Rpi__1,Sensor__4,2024/12/13 22:30,19.2,69.3,timer,43170
2074,Rpi__1,Sensor__4,2024/12/13 22:35,19.1,69.7,timer,43170
2078,Rpi__1,Sensor__4,2024/12/13 22:40,19.1,68.6,timer,43170
2082,Rpi__1,Sensor__4,2024/12/13 22:45,19.1,69.2,timer,43170
2086,Rpi__1,Sensor__4,2024/12/13 22:50,19,69.2,timer,3570
2090,Rpi__1,Sensor__4,2024/12/13 22:55,19,69.2,timer,3570
2094,Rpi__1,Sensor__4,2024/12/13 23:00,19,69.2,timer,3570
2098,Rpi__1,Sensor__4,2024/12/13 23:05,19,69.2,timer,3570
2102,Rpi__1,Sensor__4,2024/12/13 23:10,19,72.9,timer,3570
2106,Rpi__1,Sensor__4,2024/12/13 23:15,18.9,74.3,timer,3570
2110,Rpi__1,Sensor__4,2024/12/13 23:20,18.9,73.3,timer,3570
2114,Rpi__1,Sensor__4,2024/12/13 23:25,18.8,72.5,timer,3570
2118,Rpi__1,Sensor__4,2024/12/13 23:30,18.8,70.1,timer,3570
2122,Rpi__1,Sensor__4,2024/12/13 23:35,18.7,64.6,timer,3570
2126,Rpi__1,Sensor__4,2024/12/13 23:40,18.7,60.9,timer,3570
2130,Rpi__1,Sensor__4,2024/12/13 23:45,18.6,59.9,timer,3570
2134,Rpi__1,Sensor__4,2024/12/13 23:50,18.6,59.7,timer,3570
2138,Rpi__1,Sensor__4,2024/12/13 23:55,18.6,61.5,timer,3570
2142,Rpi__1,Sensor__4,2024/12/14 0:00,18.7,62.3,timer,3570
2146,Rpi__1,Sensor__4,2024/12/14 0:05,18.7,60.6,timer,3570
2150,Rpi__1,Sensor__4,2024/12/14 0:10,18.7,60.7,timer,3570
2154,Rpi__1,Sensor__4,2024/12/14 0:15,18.7,61,timer,3570
2158,Rpi__1,Sensor__4,2024/12/14 0:20,18.6,61.1,timer,3570
2162,Rpi__1,Sensor__4,2024/12/14 0:25,18.6,61.2,timer,3570
2166,Rpi__1,Sensor__4,2024/12/14 0:30,18.6,61.6,timer,3570
2170,Rpi__1,Sensor__4,2024/12/14 0:35,18.6,62.2,timer,3570
2174,Rpi__1,Sensor__4,2024/12/14 0:40,18.6,63.2,timer,3570
2178,Rpi__1,Sensor__4,2024/12/14 0:45,18.6,63.2,timer,3570
2182,Rpi__1,Sensor__4,2024/12/14 0:50,18.6,67.6,timer,3570
2186,Rpi__1,Sensor__4,2024/12/14 0:55,18.5,66.5,timer,3570
2190,Rpi__1,Sensor__4,2024/12/14 1:00,18.5,66.3,timer,3570
2194,Rpi__1,Sensor__4,2024/12/14 1:05,18.5,66.7,timer,3570
2198,Rpi__1,Sensor__4,2024/12/14 1:10,18.5,68.4,timer,3570
2202,Rpi__1,Sensor__4,2024/12/14 1:15,18.4,68.4,timer,3570
2206,Rpi__1,Sensor__4,2024/12/14 1:20,18.5,69.6,timer,3570
2210,Rpi__1,Sensor__4,2024/12/14 1:25,18.4,69.9,timer,3570
2214,Rpi__1,Sensor__4,2024/12/14 1:30,18.4,69.9,timer,3570
2218,Rpi__1,Sensor__4,2024/12/14 1:35,18.4,69.7,timer,3570
2222,Rpi__1,Sensor__4,2024/12/14 1:40,18.4,69.5,timer,3570
2226,Rpi__1,Sensor__4,2024/12/14 1:45,18.3,69.3,timer,3570
2230,Rpi__1,Sensor__4,2024/12/14 1:50,18.4,69.4,timer,3570
2234,Rpi__1,Sensor__4,2024/12/14 1:55,18.3,69.1,timer,3570
2238,Rpi__1,Sensor__4,2024/12/14 2:00,18.3,69,timer,3570
2242,Rpi__1,Sensor__4,2024/12/14 2:05,18.3,70.5,timer,3570
2246,Rpi__1,Sensor__4,2024/12/14 2:10,18.3,69.3,timer,3570
2250,Rpi__1,Sensor__4,2024/12/14 2:15,18.3,69.3,timer,3570
2254,Rpi__1,Sensor__4,2024/12/14 2:20,18.3,69.9,timer,3570
2258,Rpi__1,Sensor__4,2024/12/14 2:25,18.2,69.2,timer,3570
2262,Rpi__1,Sensor__4,2024/12/14 2:30,18.3,70.9,timer,3570
2266,Rpi__1,Sensor__4,2024/12/14 2:35,18.2,70.9,timer,3570
2270,Rpi__1,Sensor__4,2024/12/14 2:40,18.2,67.9,timer,3570
2274,Rpi__1,Sensor__4,2024/12/14 2:45,18.2,68.5,timer,3570
2278,Rpi__1,Sensor__4,2024/12/14 2:50,18.2,69.2,timer,3570
2282,Rpi__1,Sensor__4,2024/12/14 2:55,18.2,69.2,timer,3570
2286,Rpi__1,Sensor__4,2024/12/14 3:00,18.2,71.1,timer,3570
2290,Rpi__1,Sensor__4,2024/12/14 3:05,18.2,67.9,timer,3570
2294,Rpi__1,Sensor__4,2024/12/14 3:10,18.1,68.2,timer,3570
2298,Rpi__1,Sensor__4,2024/12/14 3:15,18.2,69.5,timer,3570
2302,Rpi__1,Sensor__4,2024/12/14 3:20,18.1,68.7,timer,3570
2306,Rpi__1,Sensor__4,2024/12/14 3:25,18.1,69.2,timer,3570
2310,Rpi__1,Sensor__4,2024/12/14 3:30,18.1,67.2,timer,3570
2314,Rpi__1,Sensor__4,2024/12/14 3:35,18.1,66.4,timer,3570
2318,Rpi__1,Sensor__4,2024/12/14 3:40,18.1,69.4,timer,3570
2322,Rpi__1,Sensor__4,2024/12/14 3:45,18.1,67.1,timer,3570
2326,Rpi__1,Sensor__4,2024/12/14 3:50,18.1,69,timer,3570
2330,Rpi__1,Sensor__4,2024/12/14 3:55,18.1,69,timer,3570
2334,Rpi__1,Sensor__4,2024/12/14 4:00,18.1,68.3,timer,3570
2338,Rpi__1,Sensor__4,2024/12/14 4:05,18.1,67.2,timer,3570
2342,Rpi__1,Sensor__4,2024/12/14 4:10,18.1,70.5,timer,3570
2346,Rpi__1,Sensor__4,2024/12/14 4:15,18.1,70.4,timer,3570
2350,Rpi__1,Sensor__4,2024/12/14 4:20,18,70.4,timer,3570
2354,Rpi__1,Sensor__4,2024/12/14 4:25,18,70.8,timer,3570
2358,Rpi__1,Sensor__4,2024/12/14 4:30,18,70.9,timer,3570
2362,Rpi__1,Sensor__4,2024/12/14 4:35,18,68.8,timer,3570
2366,Rpi__1,Sensor__4,2024/12/14 4:40,17.9,57.9,timer,3570
2370,Rpi__1,Sensor__4,2024/12/14 4:45,17.9,57.4,timer,3570
2374,Rpi__1,Sensor__4,2024/12/14 4:50,17.9,57,timer,3570
2378,Rpi__1,Sensor__4,2024/12/14 4:55,17.9,57.5,timer,3570
2382,Rpi__1,Sensor__4,2024/12/14 5:00,17.9,56.4,timer,3570
2386,Rpi__1,Sensor__4,2024/12/14 5:05,17.9,54.8,timer,3570
2390,Rpi__1,Sensor__4,2024/12/14 5:10,17.9,58.1,timer,3570
2394,Rpi__1,Sensor__4,2024/12/14 5:15,18,58,timer,3570
2398,Rpi__1,Sensor__4,2024/12/14 5:20,18,63.8,timer,3570
2402,Rpi__1,Sensor__4,2024/12/14 5:25,18,63.8,timer,3570
2406,Rpi__1,Sensor__4,2024/12/14 5:30,18,63.9,timer,3570
2410,Rpi__1,Sensor__4,2024/12/14 5:35,18,65,timer,3570
2414,Rpi__1,Sensor__4,2024/12/14 5:40,17.9,64.2,timer,3570
2418,Rpi__1,Sensor__4,2024/12/14 5:45,17.9,65.3,timer,3570
2422,Rpi__1,Sensor__4,2024/12/14 5:50,17.9,65.3,timer,3570
2426,Rpi__1,Sensor__4,2024/12/14 5:55,17.9,66.1,timer,3570
2430,Rpi__1,Sensor__4,2024/12/14 6:00,17.8,66,timer,3570
2434,Rpi__1,Sensor__4,2024/12/14 6:05,17.8,66.3,timer,3570
2438,Rpi__1,Sensor__4,2024/12/14 6:10,17.8,66.3,timer,3570
2442,Rpi__1,Sensor__4,2024/12/14 6:15,17.8,66,timer,3570
2446,Rpi__1,Sensor__4,2024/12/14 6:20,17.8,65.5,timer,3570
2450,Rpi__1,Sensor__4,2024/12/14 6:25,17.8,65.6,timer,3570
2454,Rpi__1,Sensor__4,2024/12/14 6:30,17.7,65.6,timer,3570
2458,Rpi__1,Sensor__4,2024/12/14 6:35,17.7,65.7,timer,3570
2462,Rpi__1,Sensor__4,2024/12/14 6:40,17.7,64,timer,3570
2466,Rpi__1,Sensor__4,2024/12/14 6:45,17.7,64.6,timer,3570
2470,Rpi__1,Sensor__4,2024/12/14 6:50,17.7,65.4,timer,3570
2474,Rpi__1,Sensor__4,2024/12/14 6:55,17.7,64.8,timer,3570
2478,Rpi__1,Sensor__4,2024/12/14 7:00,17.7,64.7,timer,3570
2482,Rpi__1,Sensor__4,2024/12/14 7:05,17.7,65.3,timer,3570
2486,Rpi__1,Sensor__4,2024/12/14 7:10,17.7,66.7,timer,3570
2490,Rpi__1,Sensor__4,2024/12/14 7:15,17.6,64.7,timer,3570
2494,Rpi__1,Sensor__4,2024/12/14 7:20,17.6,65.4,timer,3570
2498,Rpi__1,Sensor__4,2024/12/14 7:25,17.6,64.6,timer,3570
2502,Rpi__1,Sensor__4,2024/12/14 7:30,17.6,65.9,timer,3570
2506,Rpi__1,Sensor__4,2024/12/14 7:35,17.6,66.4,timer,3570
2510,Rpi__1,Sensor__4,2024/12/14 7:40,17.6,64.7,timer,3570
2514,Rpi__1,Sensor__4,2024/12/14 7:45,17.6,64.7,timer,3570
2518,Rpi__1,Sensor__4,2024/12/14 7:50,17.6,65.5,timer,3570
2522,Rpi__1,Sensor__4,2024/12/14 7:55,17.6,65.7,timer,3570
2526,Rpi__1,Sensor__4,2024/12/14 8:00,17.6,65.7,timer,3570
2530,Rpi__1,Sensor__4,2024/12/14 8:05,17.6,64.6,timer,3570
2534,Rpi__1,Sensor__4,2024/12/14 8:10,17.6,64.9,timer,3570
2538,Rpi__1,Sensor__4,2024/12/14 8:15,17.6,63.6,timer,3570
2542,Rpi__1,Sensor__4,2024/12/14 8:20,17.6,63.3,timer,3570
2546,Rpi__1,Sensor__4,2024/12/14 8:25,17.6,62.3,timer,3570
2550,Rpi__1,Sensor__4,2024/12/14 8:30,17.7,62,timer,3570
2554,Rpi__1,Sensor__4,2024/12/14 8:35,17.8,61.5,timer,3570
2558,Rpi__1,Sensor__4,2024/12/14 8:40,17.8,57.9,timer,3570
2562,Rpi__1,Sensor__4,2024/12/14 8:45,17.8,57.5,timer,3570
2566,Rpi__1,Sensor__4,2024/12/14 8:50,17.9,55.7,timer,3570
2570,Rpi__1,Sensor__4,2024/12/14 8:55,18,54.6,timer,3570
2574,Rpi__1,Sensor__4,2024/12/14 9:00,18,53.9,timer,3570
2578,Rpi__1,Sensor__4,2024/12/14 9:05,18.1,53.3,timer,3570
2582,Rpi__1,Sensor__4,2024/12/14 9:10,18.1,53.3,timer,3570
2586,Rpi__1,Sensor__4,2024/12/14 9:15,18.2,54.2,timer,3570
2590,Rpi__1,Sensor__4,2024/12/14 9:20,18.2,56.6,timer,3570
2594,Rpi__1,Sensor__4,2024/12/14 9:25,18.3,56.3,timer,3570
2598,Rpi__1,Sensor__4,2024/12/14 9:30,18.3,56.3,timer,3570
2602,Rpi__1,Sensor__4,2024/12/14 9:35,18.4,56.3,timer,3570
2606,Rpi__1,Sensor__4,2024/12/14 9:40,18.4,56.5,timer,43170
2610,Rpi__1,Sensor__4,2024/12/14 9:45,18.4,56.7,timer,43170
2614,Rpi__1,Sensor__4,2024/12/14 9:50,18.4,56.8,timer,3570
2618,Rpi__1,Sensor__4,2024/12/14 9:55,18.5,57,timer,3570
2622,Rpi__1,Sensor__4,2024/12/14 10:00,18.5,57.1,timer,3570
2626,Rpi__1,Sensor__4,2024/12/14 10:05,18.5,57.2,timer,3570
2630,Rpi__1,Sensor__4,2024/12/14 10:10,18.6,57.3,timer,3570
2634,Rpi__1,Sensor__4,2024/12/14 10:15,18.6,57.4,timer,3570
2638,Rpi__1,Sensor__4,2024/12/14 10:20,18.6,57.5,timer,3570
2642,Rpi__1,Sensor__4,2024/12/14 10:25,18.6,57.6,timer,3570
2646,Rpi__1,Sensor__4,2024/12/14 10:30,18.6,57.6,timer,3570
2650,Rpi__1,Sensor__4,2024/12/14 10:35,18.6,57.6,timer,3570
2654,Rpi__1,Sensor__4,2024/12/14 10:40,18.7,57.9,timer,3570
2658,Rpi__1,Sensor__4,2024/12/14 10:45,18.7,58,timer,3570
2662,Rpi__1,Sensor__4,2024/12/14 10:50,18.8,58,timer,3570
2666,Rpi__1,Sensor__4,2024/12/14 10:55,18.8,58.1,timer,3570
2670,Rpi__1,Sensor__4,2024/12/14 11:00,18.8,58.4,timer,3570
2674,Rpi__1,Sensor__4,2024/12/14 11:05,18.8,58.4,timer,3570
2678,Rpi__1,Sensor__4,2024/12/14 11:10,18.8,58.7,timer,3570
2682,Rpi__1,Sensor__4,2024/12/14 11:15,18.9,60,timer,3570
2686,Rpi__1,Sensor__4,2024/12/14 11:20,18.9,61.2,timer,3570
2690,Rpi__1,Sensor__4,2024/12/14 11:25,18.9,61.2,timer,3570
2694,Rpi__1,Sensor__4,2024/12/14 11:30,18.9,59.5,timer,3570
2698,Rpi__1,Sensor__4,2024/12/14 11:35,19,59.9,timer,3570
2702,Rpi__1,Sensor__4,2024/12/14 11:40,19,59.6,timer,3570
2706,Rpi__1,Sensor__4,2024/12/14 11:45,19,59,timer,3570
2710,Rpi__1,Sensor__4,2024/12/14 11:50,19,59,timer,3570
2714,Rpi__1,Sensor__4,2024/12/14 11:55,19,58,timer,3570
2718,Rpi__1,Sensor__4,2024/12/14 12:00,19,58,timer,3570
2722,Rpi__1,Sensor__4,2024/12/14 12:05,19,55.4,timer,3570
2726,Rpi__1,Sensor__4,2024/12/14 12:10,19,55.4,timer,3570
2730,Rpi__1,Sensor__4,2024/12/14 12:15,19,55.1,timer,3570
2734,Rpi__1,Sensor__4,2024/12/14 12:20,19,54.7,timer,3570
2738,Rpi__1,Sensor__4,2024/12/14 12:25,19,54.4,timer,3570
2742,Rpi__1,Sensor__4,2024/12/14 12:30,19,54.1,timer,3570
2746,Rpi__1,Sensor__4,2024/12/14 12:35,19,54.1,timer,3570
2750,Rpi__1,Sensor__4,2024/12/14 12:40,19.1,53.6,timer,3570
2754,Rpi__1,Sensor__4,2024/12/14 12:45,19.1,53.2,timer,3570
2758,Rpi__1,Sensor__4,2024/12/14 12:50,19.1,53.2,timer,3570
2762,Rpi__1,Sensor__4,2024/12/14 12:55,19.1,53,timer,3570
2766,Rpi__1,Sensor__4,2024/12/14 13:00,19.2,52.7,timer,3570
2770,Rpi__1,Sensor__4,2024/12/14 13:05,19.2,52.7,timer,3570
2774,Rpi__1,Sensor__4,2024/12/14 13:10,19.2,52.5,timer,3570
2778,Rpi__1,Sensor__4,2024/12/14 13:15,19.2,52.4,timer,3570
2782,Rpi__1,Sensor__4,2024/12/14 13:20,19.2,52.4,timer,3570
2786,Rpi__1,Sensor__4,2024/12/14 13:25,19.2,52.1,timer,3570
2790,Rpi__1,Sensor__4,2024/12/14 13:30,19.2,52.1,timer,3570
2794,Rpi__1,Sensor__4,2024/12/14 13:35,19.2,52,timer,3570
2798,Rpi__1,Sensor__4,2024/12/14 13:40,19.2,52.1,timer,3570
2802,Rpi__1,Sensor__4,2024/12/14 13:45,19.3,52.1,timer,3570
2806,Rpi__1,Sensor__4,2024/12/14 13:50,19.3,51.9,timer,3570
2810,Rpi__1,Sensor__4,2024/12/14 13:55,19.3,51.8,timer,3570
2814,Rpi__1,Sensor__4,2024/12/14 14:00,19.3,51.8,timer,3570
2818,Rpi__1,Sensor__4,2024/12/14 14:05,19.3,52,timer,3570
2822,Rpi__1,Sensor__4,2024/12/14 14:10,19.3,51.6,timer,3570
2826,Rpi__1,Sensor__4,2024/12/14 14:15,19.3,51.6,timer,3570
2830,Rpi__1,Sensor__4,2024/12/14 14:20,19.3,51.8,timer,3570
2834,Rpi__1,Sensor__4,2024/12/14 14:25,19.4,51.6,timer,3570
2838,Rpi__1,Sensor__4,2024/12/14 14:30,19.3,51.6,timer,3570
2842,Rpi__1,Sensor__4,2024/12/14 14:35,19.3,51.6,timer,3570
2846,Rpi__1,Sensor__4,2024/12/14 14:40,19.3,51.7,timer,3570
2850,Rpi__1,Sensor__4,2024/12/14 14:45,19.4,51.6,timer,3570
2854,Rpi__1,Sensor__4,2024/12/14 14:50,19.4,51.6,timer,3570
2858,Rpi__1,Sensor__4,2024/12/14 14:55,19.4,52,timer,3570
2862,Rpi__1,Sensor__4,2024/12/14 15:00,19.4,51.8,timer,3570
2866,Rpi__1,Sensor__4,2024/12/14 15:05,19.4,51.7,timer,3570
2870,Rpi__1,Sensor__4,2024/12/14 15:10,19.4,51.8,timer,3570
2874,Rpi__1,Sensor__4,2024/12/14 15:15,19.4,51.9,timer,3570
2878,Rpi__1,Sensor__4,2024/12/14 15:20,19.4,51.8,timer,3570
2882,Rpi__1,Sensor__4,2024/12/14 15:25,19.4,52.1,timer,3570
2886,Rpi__1,Sensor__4,2024/12/14 15:30,19.4,52.2,timer,3570
2890,Rpi__1,Sensor__4,2024/12/14 15:35,19.4,52,timer,3570
2894,Rpi__1,Sensor__4,2024/12/14 15:40,19.4,52.3,timer,3570
2898,Rpi__1,Sensor__4,2024/12/14 15:45,19.5,51.9,timer,3570
2902,Rpi__1,Sensor__4,2024/12/14 15:50,19.4,52.2,timer,3570
2906,Rpi__1,Sensor__4,2024/12/14 15:55,19.4,52,timer,3570
2910,Rpi__1,Sensor__4,2024/12/14 16:05,19.4,52,timer,3570
2914,Rpi__1,Sensor__4,2024/12/14 16:10,19.5,51.9,timer,3570
2918,Rpi__1,Sensor__4,2024/12/14 16:15,19.5,51.9,timer,3570
2922,Rpi__1,Sensor__4,2024/12/14 16:20,19.5,52,timer,3570
2926,Rpi__1,Sensor__4,2024/12/14 16:25,19.5,51.9,timer,3570
2930,Rpi__1,Sensor__4,2024/12/14 16:30,19.5,51.9,timer,3570
2934,Rpi__1,Sensor__4,2024/12/14 16:35,19.5,51.8,timer,3570
2938,Rpi__1,Sensor__4,2024/12/14 16:40,19.5,52.1,timer,3570
2942,Rpi__1,Sensor__4,2024/12/14 16:45,19.5,51.9,timer,3570
2946,Rpi__1,Sensor__4,2024/12/14 16:50,19.5,51.9,timer,3570
2950,Rpi__1,Sensor__4,2024/12/14 16:55,19.5,51.8,timer,3570
2954,Rpi__1,Sensor__4,2024/12/14 17:00,19.5,51.8,timer,3570
2958,Rpi__1,Sensor__4,2024/12/14 17:05,19.5,51.8,timer,3570
2962,Rpi__1,Sensor__4,2024/12/14 17:10,19.5,51.7,timer,3570
2966,Rpi__1,Sensor__4,2024/12/14 17:15,19.6,53.6,timer,3570
2970,Rpi__1,Sensor__4,2024/12/14 17:20,19.6,59.3,timer,3570
2974,Rpi__1,Sensor__4,2024/12/14 17:25,19.5,59.2,timer,3570
2978,Rpi__1,Sensor__4,2024/12/14 17:30,19.5,59.2,timer,3570
2982,Rpi__1,Sensor__4,2024/12/14 17:35,19.4,61.1,timer,3570
2986,Rpi__1,Sensor__4,2024/12/14 17:40,19.4,62,timer,3570
2990,Rpi__1,Sensor__4,2024/12/14 17:45,19.3,62.3,timer,3570
2994,Rpi__1,Sensor__4,2024/12/14 17:50,19.3,62.2,timer,3570
2998,Rpi__1,Sensor__4,2024/12/14 17:55,19.2,62.3,timer,3570
3002,Rpi__1,Sensor__4,2024/12/14 18:00,19.2,62.3,timer,3570
3006,Rpi__1,Sensor__4,2024/12/14 18:05,19.1,62.6,timer,3570
3010,Rpi__1,Sensor__4,2024/12/14 18:10,19.1,62.8,timer,3570
3014,Rpi__1,Sensor__4,2024/12/14 18:15,19,63,timer,3570
3018,Rpi__1,Sensor__4,2024/12/14 18:20,19,63.2,timer,3570
3022,Rpi__1,Sensor__4,2024/12/14 18:25,19,63.2,timer,3570
3026,Rpi__1,Sensor__4,2024/12/14 18:30,18.9,63.5,timer,3570
3030,Rpi__1,Sensor__4,2024/12/14 18:35,18.9,63.5,timer,3570
3034,Rpi__1,Sensor__4,2024/12/14 18:40,18.9,63.3,timer,3570
3038,Rpi__1,Sensor__4,2024/12/14 18:45,18.9,63.4,timer,3570
3042,Rpi__1,Sensor__4,2024/12/14 18:50,18.9,64.2,timer,3570
3046,Rpi__1,Sensor__4,2024/12/14 18:55,18.8,63.6,timer,3570
3050,Rpi__1,Sensor__4,2024/12/14 19:00,18.8,64.2,timer,3570
3054,Rpi__1,Sensor__4,2024/12/14 19:05,18.7,64.4,timer,3570
3058,Rpi__1,Sensor__4,2024/12/14 19:10,18.7,64.4,timer,3570
3062,Rpi__1,Sensor__4,2024/12/14 19:15,18.7,65.5,timer,3570
3066,Rpi__1,Sensor__4,2024/12/14 19:20,18.6,64.7,timer,3570
3070,Rpi__1,Sensor__4,2024/12/14 19:25,18.6,65.6,timer,3570
3074,Rpi__1,Sensor__4,2024/12/14 19:30,18.6,67.3,timer,3570
3078,Rpi__1,Sensor__4,2024/12/14 19:35,18.5,64.6,timer,3570
3082,Rpi__1,Sensor__4,2024/12/14 19:40,18.5,64.7,timer,3570
3086,Rpi__1,Sensor__4,2024/12/14 19:45,18.5,65.1,timer,3570
3090,Rpi__1,Sensor__4,2024/12/14 19:50,18.5,65.3,timer,3570
3094,Rpi__1,Sensor__4,2024/12/14 19:55,18.5,65.2,timer,3570
3098,Rpi__1,Sensor__4,2024/12/14 20:00,18.4,65.3,timer,3570
3102,Rpi__1,Sensor__4,2024/12/14 20:05,18.4,65.7,timer,3570
3106,Rpi__1,Sensor__4,2024/12/14 20:10,18.4,65.7,timer,3570
3110,Rpi__1,Sensor__4,2024/12/14 20:15,18.4,66.3,timer,3570
3114,Rpi__1,Sensor__4,2024/12/14 20:20,18.4,64.4,timer,3570
3118,Rpi__1,Sensor__4,2024/12/14 20:25,18.3,65.4,timer,3570
3122,Rpi__1,Sensor__4,2024/12/14 20:30,18.3,66.6,timer,3570
3126,Rpi__1,Sensor__4,2024/12/14 20:35,18.3,65.3,timer,3570
3130,Rpi__1,Sensor__4,2024/12/14 20:40,18.3,65.5,timer,3570
3134,Rpi__1,Sensor__4,2024/12/14 20:45,18.3,65.2,timer,3570
3138,Rpi__1,Sensor__4,2024/12/14 20:50,18.2,65.9,timer,3570
3142,Rpi__1,Sensor__4,2024/12/14 20:55,18.2,65.5,timer,3570
3146,Rpi__1,Sensor__4,2024/12/14 21:00,18.2,66.1,timer,3570
3150,Rpi__1,Sensor__4,2024/12/14 21:05,18.2,66.3,timer,3570
3154,Rpi__1,Sensor__4,2024/12/14 21:10,18.1,64.9,timer,3570
3158,Rpi__1,Sensor__4,2024/12/14 21:15,18.2,64.7,timer,3570
3162,Rpi__1,Sensor__4,2024/12/14 21:20,18.2,66.3,timer,3570
3166,Rpi__1,Sensor__4,2024/12/14 21:25,18.1,65.1,timer,3570
3170,Rpi__1,Sensor__4,2024/12/14 21:30,18.1,65.9,timer,3570
3174,Rpi__1,Sensor__4,2024/12/14 21:35,18.1,64.5,timer,3570
3178,Rpi__1,Sensor__4,2024/12/14 21:40,18.1,64.5,timer,3570
3182,Rpi__1,Sensor__4,2024/12/14 21:45,18.1,65.6,timer,43170
3186,Rpi__1,Sensor__4,2024/12/14 21:50,18.1,64.6,timer,43170
3190,Rpi__1,Sensor__4,2024/12/14 21:55,18.1,65.9,timer,43170
3194,Rpi__1,Sensor__4,2024/12/14 22:00,18.1,65.9,timer,43170
3198,Rpi__1,Sensor__4,2024/12/14 22:05,18,65.2,timer,43170
3202,Rpi__1,Sensor__4,2024/12/14 22:10,18,64,timer,43170
3206,Rpi__1,Sensor__4,2024/12/14 22:15,18,65.4,timer,43170
3210,Rpi__1,Sensor__4,2024/12/14 22:20,18,65,timer,43170
3214,Rpi__1,Sensor__4,2024/12/14 22:25,18,66.4,timer,43170
3218,Rpi__1,Sensor__4,2024/12/14 22:30,18,66.9,timer,43170
3222,Rpi__1,Sensor__4,2024/12/14 22:35,18,68.1,timer,43170
3226,Rpi__1,Sensor__4,2024/12/14 22:40,17.9,67.8,timer,43170
3230,Rpi__1,Sensor__4,2024/12/14 22:45,18,67.4,timer,43170
3234,Rpi__1,Sensor__4,2024/12/14 22:50,17.9,59.8,timer,3570
3238,Rpi__1,Sensor__4,2024/12/14 22:55,17.8,55.9,timer,3570
3242,Rpi__1,Sensor__4,2024/12/14 23:00,17.9,56.4,timer,3570
3246,Rpi__1,Sensor__4,2024/12/14 23:05,17.9,59.3,timer,3570
3250,Rpi__1,Sensor__4,2024/12/14 23:10,17.9,61.5,timer,3570
3254,Rpi__1,Sensor__4,2024/12/14 23:15,18,67.3,timer,3570
3258,Rpi__1,Sensor__4,2024/12/14 23:20,17.9,64.2,timer,3570
3262,Rpi__1,Sensor__4,2024/12/14 23:25,18,63.8,timer,3570
3266,Rpi__1,Sensor__4,2024/12/14 23:30,17.9,61.4,timer,3570
3270,Rpi__1,Sensor__4,2024/12/14 23:35,17.9,62.7,timer,3570
3274,Rpi__1,Sensor__4,2024/12/14 23:40,17.9,62.7,timer,3570
3278,Rpi__1,Sensor__4,2024/12/14 23:45,17.9,62.7,timer,3570
3282,Rpi__1,Sensor__4,2024/12/14 23:50,17.9,62.9,timer,3570
3286,Rpi__1,Sensor__4,2024/12/14 23:55,17.9,63.1,timer,3570
3290,Rpi__1,Sensor__4,2024/12/15 0:00,17.9,61.7,timer,3570
3294,Rpi__1,Sensor__4,2024/12/15 0:05,17.9,61.9,timer,3570
3298,Rpi__1,Sensor__4,2024/12/15 0:10,17.9,62.1,timer,3570
3302,Rpi__1,Sensor__4,2024/12/15 0:15,17.9,63.1,timer,3570
3306,Rpi__1,Sensor__4,2024/12/15 0:20,17.9,61.8,timer,3570
3310,Rpi__1,Sensor__4,2024/12/15 0:25,17.9,63,timer,3570
3314,Rpi__1,Sensor__4,2024/12/15 0:30,17.9,63,timer,3570
3318,Rpi__1,Sensor__4,2024/12/15 0:35,17.9,61.6,timer,3570
3322,Rpi__1,Sensor__4,2024/12/15 0:40,17.9,61.6,timer,3570
3326,Rpi__1,Sensor__4,2024/12/15 0:45,17.9,62.7,timer,3570
3330,Rpi__1,Sensor__4,2024/12/15 0:50,17.9,62.4,timer,3570
3334,Rpi__1,Sensor__4,2024/12/15 0:55,17.9,62.4,timer,3570
3338,Rpi__1,Sensor__4,2024/12/15 1:00,17.9,63.7,timer,3570
3342,Rpi__1,Sensor__4,2024/12/15 1:05,17.9,61.7,timer,3570
3346,Rpi__1,Sensor__4,2024/12/15 1:10,17.8,62.5,timer,3570
3350,Rpi__1,Sensor__4,2024/12/15 1:15,17.9,62.1,timer,3570
3354,Rpi__1,Sensor__4,2024/12/15 1:20,17.8,62.6,timer,3570
3358,Rpi__1,Sensor__4,2024/12/15 1:25,17.8,61.5,timer,3570
3362,Rpi__1,Sensor__4,2024/12/15 1:30,17.8,61,timer,3570
3366,Rpi__1,Sensor__4,2024/12/15 1:35,17.8,61.5,timer,3570
3370,Rpi__1,Sensor__4,2024/12/15 1:40,17.8,61.4,timer,3570
3374,Rpi__1,Sensor__4,2024/12/15 1:45,17.8,62.3,timer,3570
3378,Rpi__1,Sensor__4,2024/12/15 1:50,17.8,61.7,timer,3570
3382,Rpi__1,Sensor__4,2024/12/15 1:55,17.8,61.7,timer,3570
3386,Rpi__1,Sensor__4,2024/12/15 2:00,17.8,62.1,timer,3570
3390,Rpi__1,Sensor__4,2024/12/15 2:05,17.8,61,timer,3570
3394,Rpi__1,Sensor__4,2024/12/15 2:10,17.8,61.6,timer,3570
3398,Rpi__1,Sensor__4,2024/12/15 2:15,17.8,62.3,timer,3570
3402,Rpi__1,Sensor__4,2024/12/15 2:20,17.8,61.4,timer,3570
3406,Rpi__1,Sensor__4,2024/12/15 2:25,17.8,61.9,timer,3570
3410,Rpi__1,Sensor__4,2024/12/15 2:30,17.8,60,timer,3570
3414,Rpi__1,Sensor__4,2024/12/15 2:35,17.8,59.5,timer,3570
3418,Rpi__1,Sensor__4,2024/12/15 2:40,17.8,57.4,timer,3570
3422,Rpi__1,Sensor__4,2024/12/15 2:45,17.8,57.3,timer,3570
3426,Rpi__1,Sensor__4,2024/12/15 2:50,17.8,57.6,timer,3570
3430,Rpi__1,Sensor__4,2024/12/15 2:55,17.8,58.7,timer,3570
3434,Rpi__1,Sensor__4,2024/12/15 3:00,17.8,60.4,timer,3570
3438,Rpi__1,Sensor__4,2024/12/15 3:05,17.8,60.4,timer,3570
3442,Rpi__1,Sensor__4,2024/12/15 3:10,17.7,60.5,timer,3570
3446,Rpi__1,Sensor__4,2024/12/15 3:15,17.8,58.8,timer,3570
3450,Rpi__1,Sensor__4,2024/12/15 3:20,17.7,59.2,timer,3570
3454,Rpi__1,Sensor__4,2024/12/15 3:25,17.7,58.1,timer,3570
3458,Rpi__1,Sensor__4,2024/12/15 3:30,17.7,57.5,timer,3570
3462,Rpi__1,Sensor__4,2024/12/15 3:35,17.7,59.9,timer,3570
3466,Rpi__1,Sensor__4,2024/12/15 3:40,17.7,59.2,timer,3570
3470,Rpi__1,Sensor__4,2024/12/15 3:45,17.7,60.5,timer,3570
3474,Rpi__1,Sensor__4,2024/12/15 3:50,17.7,59.8,timer,3570
3478,Rpi__1,Sensor__4,2024/12/15 3:55,17.7,58.6,timer,3570
3482,Rpi__1,Sensor__4,2024/12/15 4:00,17.7,58.6,timer,3570
3486,Rpi__1,Sensor__4,2024/12/15 4:05,17.7,57.7,timer,3570
3490,Rpi__1,Sensor__4,2024/12/15 4:10,17.7,56.9,timer,3570
3494,Rpi__1,Sensor__4,2024/12/15 4:15,17.7,60.1,timer,3570
3498,Rpi__1,Sensor__4,2024/12/15 4:20,17.7,58.8,timer,3570
3502,Rpi__1,Sensor__4,2024/12/15 4:25,17.7,60.3,timer,3570
3506,Rpi__1,Sensor__4,2024/12/15 4:30,17.6,60,timer,3570
3510,Rpi__1,Sensor__4,2024/12/15 4:35,17.6,60.1,timer,3570
3514,Rpi__1,Sensor__4,2024/12/15 4:40,17.6,59.7,timer,3570
3518,Rpi__1,Sensor__4,2024/12/15 4:45,17.6,60.1,timer,3570
3522,Rpi__1,Sensor__4,2024/12/15 4:50,17.6,60.5,timer,3570
3526,Rpi__1,Sensor__4,2024/12/15 4:55,17.6,60.5,timer,3570
3530,Rpi__1,Sensor__4,2024/12/15 5:00,17.6,59,timer,3570
3534,Rpi__1,Sensor__4,2024/12/15 5:05,17.6,58.6,timer,3570
3538,Rpi__1,Sensor__4,2024/12/15 5:10,17.6,59.4,timer,3570
3542,Rpi__1,Sensor__4,2024/12/15 5:15,17.6,60.5,timer,3570
3546,Rpi__1,Sensor__4,2024/12/15 5:20,17.6,60.5,timer,3570
3550,Rpi__1,Sensor__4,2024/12/15 5:25,17.6,60.5,timer,3570
3554,Rpi__1,Sensor__4,2024/12/15 5:30,17.6,60.5,timer,3570
3558,Rpi__1,Sensor__4,2024/12/15 5:35,17.5,60.1,timer,3570
3562,Rpi__1,Sensor__4,2024/12/15 5:40,17.5,59,timer,3570
3566,Rpi__1,Sensor__4,2024/12/15 5:45,17.5,60,timer,3570
3570,Rpi__1,Sensor__4,2024/12/15 5:50,17.5,59.9,timer,3570
3574,Rpi__1,Sensor__4,2024/12/15 5:55,17.5,58.5,timer,3570
3578,Rpi__1,Sensor__4,2024/12/15 6:00,17.5,58.5,timer,3570
3582,Rpi__1,Sensor__4,2024/12/15 6:05,17.5,60.4,timer,3570
3586,Rpi__1,Sensor__4,2024/12/15 6:10,17.5,60.4,timer,3570
3590,Rpi__1,Sensor__4,2024/12/15 6:15,17.5,60.2,timer,3570
3594,Rpi__1,Sensor__4,2024/12/15 6:20,17.5,60.2,timer,3570
3598,Rpi__1,Sensor__4,2024/12/15 6:25,17.5,58.8,timer,3570
3602,Rpi__1,Sensor__4,2024/12/15 6:30,17.5,58.6,timer,3570
3606,Rpi__1,Sensor__4,2024/12/15 6:35,17.5,57.1,timer,3570
3610,Rpi__1,Sensor__4,2024/12/15 6:40,17.5,59.1,timer,3570
3614,Rpi__1,Sensor__4,2024/12/15 6:45,17.5,57.5,timer,3570
3618,Rpi__1,Sensor__4,2024/12/15 6:50,17.5,57.5,timer,3570
3622,Rpi__1,Sensor__4,2024/12/15 6:55,17.4,56.2,timer,3570
3626,Rpi__1,Sensor__4,2024/12/15 7:00,17.5,56.2,timer,3570
3630,Rpi__1,Sensor__4,2024/12/15 7:05,17.5,56.7,timer,3570
3634,Rpi__1,Sensor__4,2024/12/15 7:10,17.5,59,timer,3570
3638,Rpi__1,Sensor__4,2024/12/15 7:15,17.5,58.3,timer,3570
3642,Rpi__1,Sensor__4,2024/12/15 7:20,17.5,59.4,timer,3570
3646,Rpi__1,Sensor__4,2024/12/15 7:25,17.4,59.6,timer,3570
3650,Rpi__1,Sensor__4,2024/12/15 7:30,17.4,59.2,timer,3570
3654,Rpi__1,Sensor__4,2024/12/15 7:35,17.4,58.7,timer,3570
3658,Rpi__1,Sensor__4,2024/12/15 7:40,17.4,57.7,timer,3570
3662,Rpi__1,Sensor__4,2024/12/15 7:45,17.4,57.9,timer,3570
3666,Rpi__1,Sensor__4,2024/12/15 7:50,17.4,57.3,timer,3570
3670,Rpi__1,Sensor__4,2024/12/15 7:55,17.4,57.4,timer,3570
3674,Rpi__1,Sensor__4,2024/12/15 8:00,17.4,57.4,timer,3570
3678,Rpi__1,Sensor__4,2024/12/15 8:05,17.5,55.6,timer,3570
3682,Rpi__1,Sensor__4,2024/12/15 8:10,17.5,56,timer,3570
3686,Rpi__1,Sensor__4,2024/12/15 8:15,17.5,55.8,timer,3570
3690,Rpi__1,Sensor__4,2024/12/15 8:20,17.4,56.5,timer,3570
3694,Rpi__1,Sensor__4,2024/12/15 8:25,17.4,57.2,timer,3570
3698,Rpi__1,Sensor__4,2024/12/15 8:30,17.4,57.8,timer,3570
3702,Rpi__1,Sensor__4,2024/12/15 8:35,17.4,57.8,timer,3570
3706,Rpi__1,Sensor__4,2024/12/15 8:40,17.4,59.2,timer,3570
3710,Rpi__1,Sensor__4,2024/12/15 8:45,17.4,59.5,timer,3570
3714,Rpi__1,Sensor__4,2024/12/15 8:50,17.4,58,timer,3570
3718,Rpi__1,Sensor__4,2024/12/15 8:55,17.4,58.5,timer,3570
3722,Rpi__1,Sensor__4,2024/12/15 9:00,17.4,60.5,timer,3570
3726,Rpi__1,Sensor__4,2024/12/15 9:05,17.4,60.6,timer,3570
3730,Rpi__1,Sensor__4,2024/12/15 9:10,17.4,61.2,timer,3570
3734,Rpi__1,Sensor__4,2024/12/15 9:15,17.4,61.5,timer,3570
3738,Rpi__1,Sensor__4,2024/12/15 9:20,17.4,57.7,timer,3570
3742,Rpi__1,Sensor__4,2024/12/15 9:25,17.3,55.1,timer,3570
3746,Rpi__1,Sensor__4,2024/12/15 9:30,17.3,56.6,timer,3570
3750,Rpi__1,Sensor__4,2024/12/15 9:35,17.4,56.5,timer,3570
3754,Rpi__1,Sensor__4,2024/12/15 9:40,17.4,56.2,timer,43170
3758,Rpi__1,Sensor__4,2024/12/15 9:45,17.4,56.2,timer,43170
3762,Rpi__1,Sensor__4,2024/12/15 9:50,17.4,58.4,timer,3570
3766,Rpi__1,Sensor__4,2024/12/15 9:55,17.4,58,timer,3570
3770,Rpi__1,Sensor__4,2024/12/15 10:00,17.4,58,timer,3570
3774,Rpi__1,Sensor__4,2024/12/15 10:05,17.4,59.4,timer,3570
3778,Rpi__1,Sensor__4,2024/12/15 10:10,17.3,58.2,timer,3570
3782,Rpi__1,Sensor__4,2024/12/15 10:15,17.4,60.9,timer,3570
3786,Rpi__1,Sensor__4,2024/12/15 10:20,17.3,59.1,timer,3570
3790,Rpi__1,Sensor__4,2024/12/15 10:25,17.4,59.7,timer,3570
3794,Rpi__1,Sensor__4,2024/12/15 10:30,17.4,57.9,timer,3570
3798,Rpi__1,Sensor__4,2024/12/15 10:35,17.3,57.9,timer,3570
3802,Rpi__1,Sensor__4,2024/12/15 10:40,17.3,59.1,timer,3570
3806,Rpi__1,Sensor__4,2024/12/15 10:45,17.4,58,timer,3570
3810,Rpi__1,Sensor__4,2024/12/15 10:50,17.4,58,timer,3570
3814,Rpi__1,Sensor__4,2024/12/15 10:55,17.4,58.5,timer,3570
3818,Rpi__1,Sensor__4,2024/12/15 11:00,17.3,58.6,timer,3570
3822,Rpi__1,Sensor__4,2024/12/15 11:05,17.3,60.1,timer,3570
3826,Rpi__1,Sensor__4,2024/12/15 11:10,17.3,58.4,timer,3570
3830,Rpi__1,Sensor__4,2024/12/15 11:15,17.3,58.4,timer,3570
3834,Rpi__1,Sensor__4,2024/12/15 11:20,17.3,59.7,timer,3570
3838,Rpi__1,Sensor__4,2024/12/15 11:25,17.3,59.7,timer,3570
3842,Rpi__1,Sensor__4,2024/12/15 11:30,17.3,57.7,timer,3570
3846,Rpi__1,Sensor__4,2024/12/15 11:35,17.3,58.7,timer,3570
3850,Rpi__1,Sensor__4,2024/12/15 11:40,17.3,57.5,timer,3570
3854,Rpi__1,Sensor__4,2024/12/15 11:45,17.3,57.7,timer,3570
3858,Rpi__1,Sensor__4,2024/12/15 11:50,17.3,58.2,timer,3570
3862,Rpi__1,Sensor__4,2024/12/15 11:55,17.3,58.5,timer,3570
3866,Rpi__1,Sensor__4,2024/12/15 12:00,17.3,57.6,timer,3570
3870,Rpi__1,Sensor__4,2024/12/15 12:05,17.3,59.1,timer,3570
3874,Rpi__1,Sensor__4,2024/12/15 12:10,17.3,59.1,timer,3570
3878,Rpi__1,Sensor__4,2024/12/15 12:15,17.3,57.9,timer,3570
3882,Rpi__1,Sensor__4,2024/12/15 12:20,17.3,57.7,timer,3570
3886,Rpi__1,Sensor__4,2024/12/15 12:25,17.3,56.4,timer,3570
3890,Rpi__1,Sensor__4,2024/12/15 12:30,17.3,56.2,timer,3570
3894,Rpi__1,Sensor__4,2024/12/15 12:35,17.3,56.2,timer,3570
3898,Rpi__1,Sensor__4,2024/12/15 12:40,17.3,56.2,timer,3570
3902,Rpi__1,Sensor__4,2024/12/15 12:45,17.3,55.5,timer,3570
3906,Rpi__1,Sensor__4,2024/12/15 12:50,17.3,55.6,timer,3570
3910,Rpi__1,Sensor__4,2024/12/15 12:55,17.3,58.5,timer,3570
3914,Rpi__1,Sensor__4,2024/12/15 13:00,17.3,56.5,timer,3570
3918,Rpi__1,Sensor__4,2024/12/15 13:05,17.3,57.3,timer,3570
3922,Rpi__1,Sensor__4,2024/12/15 13:10,17.2,58.5,timer,3570
3926,Rpi__1,Sensor__4,2024/12/15 13:15,17.3,56.1,timer,3570
3930,Rpi__1,Sensor__4,2024/12/15 13:20,17.3,57.3,timer,3570
3934,Rpi__1,Sensor__4,2024/12/15 13:25,17.3,57.5,timer,3570
3938,Rpi__1,Sensor__4,2024/12/15 13:30,17.2,56.8,timer,3570
3942,Rpi__1,Sensor__4,2024/12/15 13:35,17.2,57.7,timer,3570
3946,Rpi__1,Sensor__4,2024/12/15 13:40,17.3,57.6,timer,3570
3950,Rpi__1,Sensor__4,2024/12/15 13:45,17.3,57.8,timer,3570
3954,Rpi__1,Sensor__4,2024/12/15 13:50,17.2,60.1,timer,3570
3958,Rpi__1,Sensor__4,2024/12/15 13:55,17.2,58.5,timer,3570
3962,Rpi__1,Sensor__4,2024/12/15 14:00,17.2,57.8,timer,3570
3966,Rpi__1,Sensor__4,2024/12/15 14:05,17.2,56.8,timer,3570
3970,Rpi__1,Sensor__4,2024/12/15 14:10,17.2,57.9,timer,3570
3974,Rpi__1,Sensor__4,2024/12/15 14:15,17.2,57.8,timer,3570
3978,Rpi__1,Sensor__4,2024/12/15 14:20,17.2,57.3,timer,3570
3982,Rpi__1,Sensor__4,2024/12/15 14:25,17.2,57.2,timer,3570
3986,Rpi__1,Sensor__4,2024/12/15 14:30,17.2,56.3,timer,3570
3990,Rpi__1,Sensor__4,2024/12/15 14:35,17.2,57.1,timer,3570
3994,Rpi__1,Sensor__4,2024/12/15 14:40,17.2,58.4,timer,3570
3998,Rpi__1,Sensor__4,2024/12/15 14:45,17.2,57.7,timer,3570
4002,Rpi__1,Sensor__4,2024/12/15 14:50,17.2,57.5,timer,3570
4006,Rpi__1,Sensor__4,2024/12/15 14:55,17.2,58.5,timer,3570
4010,Rpi__1,Sensor__4,2024/12/15 15:00,17.2,57.3,timer,3570
4014,Rpi__1,Sensor__4,2024/12/15 15:05,17.2,57.7,timer,3570
4018,Rpi__1,Sensor__4,2024/12/15 15:15,17.2,57.1,timer,3570
4022,Rpi__1,Sensor__4,2024/12/15 15:20,17.2,56.7,timer,3570
4026,Rpi__1,Sensor__4,2024/12/15 15:25,17.2,56.7,timer,3570
4030,Rpi__1,Sensor__4,2024/12/15 15:30,17.2,57.9,timer,3570
4034,Rpi__1,Sensor__4,2024/12/15 15:35,17.2,57,timer,3570
4038,Rpi__1,Sensor__4,2024/12/15 15:40,17.2,55.5,timer,3570
4042,Rpi__1,Sensor__4,2024/12/15 15:45,17.2,55.4,timer,3570
4046,Rpi__1,Sensor__4,2024/12/15 15:50,17.2,55.2,timer,3570
4050,Rpi__1,Sensor__4,2024/12/15 15:55,17.2,54.7,timer,3570
4054,Rpi__1,Sensor__4,2024/12/15 16:00,17.2,54.8,timer,3570
4058,Rpi__1,Sensor__4,2024/12/15 16:05,17.2,57.5,timer,3570
4062,Rpi__1,Sensor__4,2024/12/15 16:10,17.2,55.2,timer,3570
4066,Rpi__1,Sensor__4,2024/12/15 16:15,17.2,57.2,timer,3570
4070,Rpi__1,Sensor__4,2024/12/15 16:20,17.2,56.6,timer,3570
4074,Rpi__1,Sensor__4,2024/12/15 16:25,17.2,55.9,timer,3570
4078,Rpi__1,Sensor__4,2024/12/15 16:30,17.2,57.4,timer,3570
4082,Rpi__1,Sensor__4,2024/12/15 16:35,17.2,55.9,timer,3570
4086,Rpi__1,Sensor__4,2024/12/15 16:40,17.1,56.4,timer,3570
4090,Rpi__1,Sensor__4,2024/12/15 16:45,17.1,56.1,timer,3570
4094,Rpi__1,Sensor__4,2024/12/15 16:50,17.1,55.5,timer,3570
4098,Rpi__1,Sensor__4,2024/12/15 16:55,17.1,54.5,timer,3570
4102,Rpi__1,Sensor__4,2024/12/15 17:00,17.1,53.8,timer,3570
4106,Rpi__1,Sensor__4,2024/12/15 17:05,17.2,54.2,timer,3570
4110,Rpi__1,Sensor__4,2024/12/15 17:10,17.2,54.7,timer,3570
4114,Rpi__1,Sensor__4,2024/12/15 17:15,17.2,54.7,timer,3570
4118,Rpi__1,Sensor__4,2024/12/15 17:20,17.2,54.6,timer,3570
4122,Rpi__1,Sensor__4,2024/12/15 17:25,17.1,57,timer,3570
4126,Rpi__1,Sensor__4,2024/12/15 17:30,17.1,57,timer,3570
4130,Rpi__1,Sensor__4,2024/12/15 17:35,17.2,56.7,timer,3570
4134,Rpi__1,Sensor__4,2024/12/15 17:40,17.1,56.6,timer,3570
4138,Rpi__1,Sensor__4,2024/12/15 17:45,17.2,55.7,timer,3570
4142,Rpi__1,Sensor__4,2024/12/15 17:50,17.2,57.6,timer,3570
4146,Rpi__1,Sensor__4,2024/12/15 17:55,17.2,58.7,timer,3570
4150,Rpi__1,Sensor__4,2024/12/15 18:00,17.1,58.2,timer,3570
4154,Rpi__1,Sensor__4,2024/12/15 18:05,17.1,57.4,timer,3570
4158,Rpi__1,Sensor__4,2024/12/15 18:10,17.1,57.6,timer,3570
4162,Rpi__1,Sensor__4,2024/12/15 18:15,17.1,58,timer,3570
4166,Rpi__1,Sensor__4,2024/12/15 18:20,17.1,56.4,timer,3570
4170,Rpi__1,Sensor__4,2024/12/15 18:25,17.1,56.5,timer,3570
4174,Rpi__1,Sensor__4,2024/12/15 18:30,17.1,58.2,timer,3570
4178,Rpi__1,Sensor__4,2024/12/15 18:35,17.1,57.8,timer,3570
4182,Rpi__1,Sensor__4,2024/12/15 18:40,17.2,58.5,timer,3570
4186,Rpi__1,Sensor__4,2024/12/15 18:45,17.1,58,timer,3570
4190,Rpi__1,Sensor__4,2024/12/15 18:50,17.1,57.8,timer,3570
4194,Rpi__1,Sensor__4,2024/12/15 18:55,17.1,58,timer,3570
4198,Rpi__1,Sensor__4,2024/12/15 19:00,17.1,56.6,timer,3570
4202,Rpi__1,Sensor__4,2024/12/15 19:05,17.1,57.3,timer,3570
4206,Rpi__1,Sensor__4,2024/12/15 19:10,17.1,56.2,timer,3570
4210,Rpi__1,Sensor__4,2024/12/15 19:15,17.1,55.5,timer,3570
4214,Rpi__1,Sensor__4,2024/12/15 19:20,17.1,55.9,timer,3570
4218,Rpi__1,Sensor__4,2024/12/15 19:25,17.1,55.7,timer,3570
4222,Rpi__1,Sensor__4,2024/12/15 19:30,17.1,55,timer,3570
4226,Rpi__1,Sensor__4,2024/12/15 19:35,17.1,55,timer,3570
4230,Rpi__1,Sensor__4,2024/12/15 19:40,17.1,54.9,timer,3570
4234,Rpi__1,Sensor__4,2024/12/15 19:45,17.1,57.1,timer,3570
4238,Rpi__1,Sensor__4,2024/12/15 19:50,17.1,56,timer,3570
4242,Rpi__1,Sensor__4,2024/12/15 19:55,17.1,56.7,timer,3570
4246,Rpi__1,Sensor__4,2024/12/15 20:00,17.1,54.5,timer,3570
4250,Rpi__1,Sensor__4,2024/12/15 20:05,17.1,55.7,timer,3570
4254,Rpi__1,Sensor__4,2024/12/15 20:10,17.1,57.1,timer,3570
4258,Rpi__1,Sensor__4,2024/12/15 20:15,17.1,55.7,timer,3570
4262,Rpi__1,Sensor__4,2024/12/15 20:20,17.1,55.6,timer,3570
4266,Rpi__1,Sensor__4,2024/12/15 20:25,17,55.8,timer,3570
4270,Rpi__1,Sensor__4,2024/12/15 20:30,17.1,54.8,timer,3570
4274,Rpi__1,Sensor__4,2024/12/15 20:35,17.1,55.4,timer,3570
4278,Rpi__1,Sensor__4,2024/12/15 20:40,17.1,58,timer,3570
4282,Rpi__1,Sensor__4,2024/12/15 20:45,17.1,55.7,timer,3570
4286,Rpi__1,Sensor__4,2024/12/15 20:50,17.1,57,timer,3570
4290,Rpi__1,Sensor__4,2024/12/15 20:55,17.1,57.2,timer,3570
4294,Rpi__1,Sensor__4,2024/12/15 21:00,17.1,57.6,timer,3570
4298,Rpi__1,Sensor__4,2024/12/15 21:05,17,56.4,timer,3570
4302,Rpi__1,Sensor__4,2024/12/15 21:10,17,56.4,timer,3570
4306,Rpi__1,Sensor__4,2024/12/15 21:15,17.1,54.8,timer,3570
4310,Rpi__1,Sensor__4,2024/12/15 21:20,17.1,54.8,timer,3570
4314,Rpi__1,Sensor__4,2024/12/15 21:25,17,54.6,timer,3570
4318,Rpi__1,Sensor__4,2024/12/15 21:30,17,54.6,timer,3570
4322,Rpi__1,Sensor__4,2024/12/15 21:35,17,54.8,timer,3570
4326,Rpi__1,Sensor__4,2024/12/15 21:40,17.1,56.3,timer,3570
4330,Rpi__1,Sensor__4,2024/12/15 21:45,17.1,57,timer,43170
4334,Rpi__1,Sensor__4,2024/12/15 21:50,17.1,56.3,timer,43170
4338,Rpi__1,Sensor__4,2024/12/15 21:55,17.1,56.1,timer,43170
4342,Rpi__1,Sensor__4,2024/12/15 22:00,17.1,57.7,timer,43170
4346,Rpi__1,Sensor__4,2024/12/15 22:05,17.1,58.1,timer,43170
4350,Rpi__1,Sensor__4,2024/12/15 22:10,17.1,58.1,timer,43170
4354,Rpi__1,Sensor__4,2024/12/15 22:15,17.1,60.1,timer,43170
4358,Rpi__1,Sensor__4,2024/12/15 22:20,17.1,61.2,timer,43170
4362,Rpi__1,Sensor__4,2024/12/15 22:25,17,62.1,timer,43170
4366,Rpi__1,Sensor__4,2024/12/15 22:30,17,59.1,timer,43170
4370,Rpi__1,Sensor__4,2024/12/15 22:35,17,51.7,timer,43170
4374,Rpi__1,Sensor__4,2024/12/15 22:40,17,51.5,timer,43170
4378,Rpi__1,Sensor__4,2024/12/15 22:45,17,55.6,timer,43170
4382,Rpi__1,Sensor__4,2024/12/15 22:50,17,56.9,timer,3570
4386,Rpi__1,Sensor__4,2024/12/15 22:55,17,61.8,timer,3570
4390,Rpi__1,Sensor__4,2024/12/15 23:00,17,59,timer,3570
4394,Rpi__1,Sensor__4,2024/12/15 23:05,17.1,57.3,timer,3570
4398,Rpi__1,Sensor__4,2024/12/15 23:10,17.1,57.3,timer,3570
4402,Rpi__1,Sensor__4,2024/12/15 23:15,17,57.6,timer,3570
4406,Rpi__1,Sensor__4,2024/12/15 23:20,17,58.3,timer,3570
4410,Rpi__1,Sensor__4,2024/12/15 23:25,17,58,timer,3570
4414,Rpi__1,Sensor__4,2024/12/15 23:30,17,57.7,timer,3570
4418,Rpi__1,Sensor__4,2024/12/15 23:35,17,57.7,timer,3570
4422,Rpi__1,Sensor__4,2024/12/15 23:40,17,57,timer,3570
4426,Rpi__1,Sensor__4,2024/12/15 23:45,17,58.4,timer,3570
4430,Rpi__1,Sensor__4,2024/12/15 23:50,17,58.3,timer,3570
4434,Rpi__1,Sensor__4,2024/12/15 23:55,17,58.4,timer,3570
4438,Rpi__1,Sensor__4,2024/12/16 0:00,17,58,timer,3570
4442,Rpi__1,Sensor__4,2024/12/16 0:05,17,57.7,timer,3570
4446,Rpi__1,Sensor__4,2024/12/16 0:10,17,56.6,timer,3570
4450,Rpi__1,Sensor__4,2024/12/16 0:15,17,56.4,timer,3570
4454,Rpi__1,Sensor__4,2024/12/16 0:20,17,55.7,timer,3570
4458,Rpi__1,Sensor__4,2024/12/16 0:25,17,55.3,timer,3570
4462,Rpi__1,Sensor__4,2024/12/16 0:30,17,55,timer,3570
4466,Rpi__1,Sensor__4,2024/12/16 0:35,17,54.8,timer,3570
4470,Rpi__1,Sensor__4,2024/12/16 0:40,17,54.9,timer,3570
4474,Rpi__1,Sensor__4,2024/12/16 0:45,17,54.8,timer,3570
4478,Rpi__1,Sensor__4,2024/12/16 0:50,17,54.7,timer,3570
4482,Rpi__1,Sensor__4,2024/12/16 0:55,17,54.7,timer,3570
4486,Rpi__1,Sensor__4,2024/12/16 1:00,17,54.8,timer,3570
4490,Rpi__1,Sensor__4,2024/12/16 1:05,17,57.2,timer,3570
4494,Rpi__1,Sensor__4,2024/12/16 1:10,17,55.8,timer,3570
4498,Rpi__1,Sensor__4,2024/12/16 1:15,17,56,timer,3570
4502,Rpi__1,Sensor__4,2024/12/16 1:20,17,56,timer,3570
4506,Rpi__1,Sensor__4,2024/12/16 1:25,17,54.6,timer,3570
4510,Rpi__1,Sensor__4,2024/12/16 1:30,17,54.9,timer,3570
4514,Rpi__1,Sensor__4,2024/12/16 1:35,17,57.3,timer,3570
4518,Rpi__1,Sensor__4,2024/12/16 1:40,17,55.4,timer,3570
4522,Rpi__1,Sensor__4,2024/12/16 1:45,17,56.3,timer,3570
4526,Rpi__1,Sensor__4,2024/12/16 1:50,17,56.5,timer,3570
4530,Rpi__1,Sensor__4,2024/12/16 1:55,17,54.5,timer,3570
4534,Rpi__1,Sensor__4,2024/12/16 2:00,17,55.7,timer,3570
4538,Rpi__1,Sensor__4,2024/12/16 2:05,17,56.8,timer,3570
4542,Rpi__1,Sensor__4,2024/12/16 2:10,17,58,timer,3570
4546,Rpi__1,Sensor__4,2024/12/16 2:15,17,58,timer,3570
4550,Rpi__1,Sensor__4,2024/12/16 2:20,17,57.3,timer,3570
4554,Rpi__1,Sensor__4,2024/12/16 2:25,17,57.3,timer,3570
4558,Rpi__1,Sensor__4,2024/12/16 2:30,17,57.5,timer,3570
4562,Rpi__1,Sensor__4,2024/12/16 2:35,17,57.5,timer,3570
4566,Rpi__1,Sensor__4,2024/12/16 2:40,17,55,timer,3570
4570,Rpi__1,Sensor__4,2024/12/16 2:45,17,55.2,timer,3570
4574,Rpi__1,Sensor__4,2024/12/16 2:50,17,54.6,timer,3570
4578,Rpi__1,Sensor__4,2024/12/16 2:55,17,54.5,timer,3570
4582,Rpi__1,Sensor__4,2024/12/16 3:00,17,54.7,timer,3570
4586,Rpi__1,Sensor__4,2024/12/16 3:05,17,54.8,timer,3570
4590,Rpi__1,Sensor__4,2024/12/16 3:10,17,54.8,timer,3570
4594,Rpi__1,Sensor__4,2024/12/16 3:15,17,55.1,timer,3570
4598,Rpi__1,Sensor__4,2024/12/16 3:20,17,56.5,timer,3570
4602,Rpi__1,Sensor__4,2024/12/16 3:25,17,56.5,timer,3570
4606,Rpi__1,Sensor__4,2024/12/16 3:30,17,56.5,timer,3570
4610,Rpi__1,Sensor__4,2024/12/16 3:35,17,55,timer,3570
4614,Rpi__1,Sensor__4,2024/12/16 3:40,17,54.8,timer,3570
4618,Rpi__1,Sensor__4,2024/12/16 3:45,17,54.3,timer,3570
4622,Rpi__1,Sensor__4,2024/12/16 3:50,17,54.6,timer,3570
4626,Rpi__1,Sensor__4,2024/12/16 3:55,17,55,timer,3570
4630,Rpi__1,Sensor__4,2024/12/16 4:00,17,57.1,timer,3570
4634,Rpi__1,Sensor__4,2024/12/16 4:05,17,54.4,timer,3570
4638,Rpi__1,Sensor__4,2024/12/16 4:10,17,55.9,timer,3570
4642,Rpi__1,Sensor__4,2024/12/16 4:15,17,55,timer,3570
4646,Rpi__1,Sensor__4,2024/12/16 4:20,17,55.6,timer,3570
4650,Rpi__1,Sensor__4,2024/12/16 4:25,17,55,timer,3570
4654,Rpi__1,Sensor__4,2024/12/16 4:30,17,54.5,timer,3570
4658,Rpi__1,Sensor__4,2024/12/16 4:35,17,54.8,timer,3570
4662,Rpi__1,Sensor__4,2024/12/16 4:40,17,54.8,timer,3570
4666,Rpi__1,Sensor__4,2024/12/16 4:45,17,55.9,timer,3570
4670,Rpi__1,Sensor__4,2024/12/16 4:50,17,55.9,timer,3570
4674,Rpi__1,Sensor__4,2024/12/16 4:55,17,57.6,timer,3570
4678,Rpi__1,Sensor__4,2024/12/16 5:00,17,56.9,timer,3570
4682,Rpi__1,Sensor__4,2024/12/16 5:05,17,57.5,timer,3570
4686,Rpi__1,Sensor__4,2024/12/16 5:10,17,57.7,timer,3570
4690,Rpi__1,Sensor__4,2024/12/16 5:15,17,57,timer,3570
4694,Rpi__1,Sensor__4,2024/12/16 5:20,16.9,56.4,timer,3570
4698,Rpi__1,Sensor__4,2024/12/16 5:25,16.9,56.2,timer,3570
4702,Rpi__1,Sensor__4,2024/12/16 5:30,16.9,56.2,timer,3570
4706,Rpi__1,Sensor__4,2024/12/16 5:35,16.9,54.9,timer,3570
4710,Rpi__1,Sensor__4,2024/12/16 5:40,16.9,55.1,timer,3570
4714,Rpi__1,Sensor__4,2024/12/16 5:45,16.9,54.9,timer,3570
4718,Rpi__1,Sensor__4,2024/12/16 5:50,16.9,55.1,timer,3570
4722,Rpi__1,Sensor__4,2024/12/16 5:55,16.9,57.7,timer,3570
4726,Rpi__1,Sensor__4,2024/12/16 6:00,16.9,55.8,timer,3570
4730,Rpi__1,Sensor__4,2024/12/16 6:05,16.9,56.5,timer,3570
4734,Rpi__1,Sensor__4,2024/12/16 6:10,16.9,58.1,timer,3570
4738,Rpi__1,Sensor__4,2024/12/16 6:15,16.9,58.1,timer,3570
4742,Rpi__1,Sensor__4,2024/12/16 6:20,16.9,57.5,timer,3570
4746,Rpi__1,Sensor__4,2024/12/16 6:25,16.9,56.3,timer,3570
4750,Rpi__1,Sensor__4,2024/12/16 6:30,16.9,55.7,timer,3570
4754,Rpi__1,Sensor__4,2024/12/16 6:35,16.9,54.8,timer,3570
4758,Rpi__1,Sensor__4,2024/12/16 6:40,16.9,54.6,timer,3570
4762,Rpi__1,Sensor__4,2024/12/16 6:45,16.9,54.6,timer,3570
4766,Rpi__1,Sensor__4,2024/12/16 6:50,16.9,54.9,timer,3570
4770,Rpi__1,Sensor__4,2024/12/16 6:55,16.9,54.9,timer,3570
4774,Rpi__1,Sensor__4,2024/12/16 7:00,16.9,55.8,timer,3570
4778,Rpi__1,Sensor__4,2024/12/16 7:05,16.9,57.1,timer,3570
4782,Rpi__1,Sensor__4,2024/12/16 7:10,16.9,55.8,timer,3570
4786,Rpi__1,Sensor__4,2024/12/16 7:15,16.9,57.4,timer,3570
4790,Rpi__1,Sensor__4,2024/12/16 7:20,16.9,56.7,timer,3570
4794,Rpi__1,Sensor__4,2024/12/16 7:25,16.9,56.7,timer,3570
4798,Rpi__1,Sensor__4,2024/12/16 7:30,16.8,55.8,timer,3570
4802,Rpi__1,Sensor__4,2024/12/16 7:35,16.8,57.6,timer,3570
4806,Rpi__1,Sensor__4,2024/12/16 7:40,16.8,57.4,timer,3570
4810,Rpi__1,Sensor__4,2024/12/16 7:45,16.8,56.1,timer,3570
4814,Rpi__1,Sensor__4,2024/12/16 7:50,16.8,56.6,timer,3570
4818,Rpi__1,Sensor__4,2024/12/16 7:55,16.8,56.6,timer,3570
4822,Rpi__1,Sensor__4,2024/12/16 8:00,16.8,58.9,timer,3570
4826,Rpi__1,Sensor__4,2024/12/16 8:05,16.8,59.2,timer,3570
4830,Rpi__1,Sensor__4,2024/12/16 8:10,16.8,59.2,timer,3570
4834,Rpi__1,Sensor__4,2024/12/16 8:15,16.9,55.3,timer,3570
4838,Rpi__1,Sensor__4,2024/12/16 8:20,17,54.2,timer,3570
4842,Rpi__1,Sensor__4,2024/12/16 8:25,17.1,53.2,timer,3570
4846,Rpi__1,Sensor__4,2024/12/16 8:30,17.2,52.3,timer,3570
4850,Rpi__1,Sensor__4,2024/12/16 8:35,17.2,51.2,timer,3570
4854,Rpi__1,Sensor__4,2024/12/16 8:40,17.3,51.3,timer,3570
4858,Rpi__1,Sensor__4,2024/12/16 8:45,17.4,53.3,timer,3570
4862,Rpi__1,Sensor__4,2024/12/16 8:50,17.4,54.4,timer,3570
4866,Rpi__1,Sensor__4,2024/12/16 8:55,17.4,54.4,timer,3570
4870,Rpi__1,Sensor__4,2024/12/16 9:00,17.6,54.3,timer,3570
4874,Rpi__1,Sensor__4,2024/12/16 9:05,17.6,54.5,timer,3570
4878,Rpi__1,Sensor__4,2024/12/16 9:10,17.7,54.5,timer,3570
4882,Rpi__1,Sensor__4,2024/12/16 9:15,17.7,54.5,timer,3570
4886,Rpi__1,Sensor__4,2024/12/16 9:20,17.7,54.5,timer,3570
4890,Rpi__1,Sensor__4,2024/12/16 9:25,17.8,55.3,timer,3570
4894,Rpi__1,Sensor__4,2024/12/16 9:30,17.8,55.3,timer,3570
4898,Rpi__1,Sensor__4,2024/12/16 9:35,17.9,58.3,timer,3570
4902,Rpi__1,Sensor__4,2024/12/16 9:40,18,56.7,timer,43170
4906,Rpi__1,Sensor__4,2024/12/16 9:45,18,54.4,timer,43170
4910,Rpi__1,Sensor__4,2024/12/16 9:50,18,53.8,timer,3570
4914,Rpi__1,Sensor__4,2024/12/16 9:55,18.1,53.2,timer,3570
4918,Rpi__1,Sensor__4,2024/12/16 10:00,18.1,53.2,timer,3570
4922,Rpi__1,Sensor__4,2024/12/16 10:05,18.1,52.7,timer,3570
4926,Rpi__1,Sensor__4,2024/12/16 10:10,18.1,52.6,timer,3570
4930,Rpi__1,Sensor__4,2024/12/16 10:15,18.2,52.6,timer,3570
4934,Rpi__1,Sensor__4,2024/12/16 10:20,18.2,52.6,timer,3570
4938,Rpi__1,Sensor__4,2024/12/16 10:25,18.2,52.6,timer,3570
4942,Rpi__1,Sensor__4,2024/12/16 10:30,18.3,52.6,timer,3570
4946,Rpi__1,Sensor__4,2024/12/16 10:35,18.3,52.7,timer,3570
4950,Rpi__1,Sensor__4,2024/12/16 10:40,18.3,52.7,timer,3570
4954,Rpi__1,Sensor__4,2024/12/16 10:45,18.4,52.8,timer,3570
4958,Rpi__1,Sensor__4,2024/12/16 10:50,18.4,52.8,timer,3570
4962,Rpi__1,Sensor__4,2024/12/16 10:55,18.4,52.9,timer,3570
4966,Rpi__1,Sensor__4,2024/12/16 11:00,18.4,52.9,timer,3570
4970,Rpi__1,Sensor__4,2024/12/16 11:05,18.4,52.9,timer,3570
4974,Rpi__1,Sensor__4,2024/12/16 11:10,18.4,53,timer,3570
4978,Rpi__1,Sensor__4,2024/12/16 11:15,18.5,53.1,timer,3570
4982,Rpi__1,Sensor__4,2024/12/16 11:20,18.5,53.2,timer,3570
4986,Rpi__1,Sensor__4,2024/12/16 11:25,18.5,53.3,timer,3570
4990,Rpi__1,Sensor__4,2024/12/16 11:30,18.6,53.3,timer,3570
4994,Rpi__1,Sensor__4,2024/12/16 11:35,18.6,53.2,timer,3570
4998,Rpi__1,Sensor__4,2024/12/16 11:40,18.6,53.2,timer,3570
5002,Rpi__1,Sensor__4,2024/12/16 11:45,18.6,53.3,timer,3570
5006,Rpi__1,Sensor__4,2024/12/16 11:50,18.7,53.2,timer,3570
5010,Rpi__1,Sensor__4,2024/12/16 11:55,18.7,53.2,timer,3570
5014,Rpi__1,Sensor__4,2024/12/16 12:00,18.7,53.1,timer,3570
5018,Rpi__1,Sensor__4,2024/12/16 12:05,18.8,53.1,timer,3570
5022,Rpi__1,Sensor__4,2024/12/16 12:10,18.8,52.9,timer,3570
5026,Rpi__1,Sensor__4,2024/12/16 12:15,18.8,52.8,timer,3570
5030,Rpi__1,Sensor__4,2024/12/16 12:20,18.8,52.7,timer,3570
5034,Rpi__1,Sensor__4,2024/12/16 12:25,18.8,53.2,timer,3570
5038,Rpi__1,Sensor__4,2024/12/16 12:30,18.9,53.7,timer,3570
5042,Rpi__1,Sensor__4,2024/12/16 12:35,18.9,54.3,timer,3570
5046,Rpi__1,Sensor__4,2024/12/16 12:40,18.9,54.4,timer,3570
5050,Rpi__1,Sensor__4,2024/12/16 12:45,18.9,54.4,timer,3570
5054,Rpi__1,Sensor__4,2024/12/16 12:50,18.9,54.8,timer,3570
5058,Rpi__1,Sensor__4,2024/12/16 12:55,19,55,timer,3570
5062,Rpi__1,Sensor__4,2024/12/16 13:00,19,55.3,timer,3570
5066,Rpi__1,Sensor__4,2024/12/16 13:05,19,55.3,timer,3570
5070,Rpi__1,Sensor__4,2024/12/16 13:10,19,54.8,timer,3570
5074,Rpi__1,Sensor__4,2024/12/16 13:15,19,54.8,timer,3570
5078,Rpi__1,Sensor__4,2024/12/16 13:20,19.1,55,timer,3570
5082,Rpi__1,Sensor__4,2024/12/16 13:25,19.1,55.4,timer,3570
5086,Rpi__1,Sensor__4,2024/12/16 13:30,19.1,55.2,timer,3570
5090,Rpi__1,Sensor__4,2024/12/16 13:35,19.1,55.3,timer,3570
5094,Rpi__1,Sensor__4,2024/12/16 13:40,19.1,55.4,timer,3570
5098,Rpi__1,Sensor__4,2024/12/16 13:45,19.1,54.9,timer,3570
5102,Rpi__1,Sensor__4,2024/12/16 13:50,19.1,53.7,timer,3570
5106,Rpi__1,Sensor__4,2024/12/16 13:55,19.1,53.5,timer,3570
5110,Rpi__1,Sensor__4,2024/12/16 14:00,19.1,53.4,timer,3570
5114,Rpi__1,Sensor__4,2024/12/16 14:05,19.2,53.4,timer,3570
5118,Rpi__1,Sensor__4,2024/12/16 14:10,19.2,53.4,timer,3570
5122,Rpi__1,Sensor__4,2024/12/16 14:15,19.2,53.4,timer,3570
5126,Rpi__1,Sensor__4,2024/12/16 14:20,19.2,53.4,timer,3570
5130,Rpi__1,Sensor__4,2024/12/16 14:30,19.2,53.3,timer,3570
5134,Rpi__1,Sensor__4,2024/12/16 14:35,19.2,53.3,timer,3570
5138,Rpi__1,Sensor__4,2024/12/16 14:40,19.3,53.3,timer,3570
5142,Rpi__1,Sensor__4,2024/12/16 14:45,19.3,53.7,timer,3570
5146,Rpi__1,Sensor__4,2024/12/16 14:50,19.3,53.7,timer,3570
5150,Rpi__1,Sensor__4,2024/12/16 14:55,19.3,53.7,timer,3570
5154,Rpi__1,Sensor__4,2024/12/16 15:00,19.3,54.4,timer,3570
5158,Rpi__1,Sensor__4,2024/12/16 15:05,19.4,55.4,timer,3570
5162,Rpi__1,Sensor__4,2024/12/16 15:10,19.8,57.3,timer,3570
5166,Rpi__1,Sensor__4,2024/12/16 15:15,20.1,57.6,timer,3570
5170,Rpi__1,Sensor__4,2024/12/16 15:20,20.1,57.4,timer,3570
5174,Rpi__1,Sensor__4,2024/12/16 15:25,20,57.2,timer,3570
5178,Rpi__1,Sensor__4,2024/12/16 15:30,20,57.4,timer,3570
5182,Rpi__1,Sensor__4,2024/12/16 15:35,20,57.4,timer,3570
5186,Rpi__1,Sensor__4,2024/12/16 15:40,19.9,57.8,timer,3570
5190,Rpi__1,Sensor__4,2024/12/16 15:45,19.8,58.2,timer,3570
5194,Rpi__1,Sensor__4,2024/12/16 15:50,19.8,58.5,timer,3570
5198,Rpi__1,Sensor__4,2024/12/16 15:55,19.7,58.6,timer,3570
5202,Rpi__1,Sensor__4,2024/12/16 16:00,19.7,58.5,timer,3570
5206,Rpi__1,Sensor__4,2024/12/16 16:05,19.7,58.4,timer,3570
5210,Rpi__1,Sensor__4,2024/12/16 16:10,19.7,58.5,timer,3570
5214,Rpi__1,Sensor__4,2024/12/16 16:15,19.7,58.5,timer,3570
5218,Rpi__1,Sensor__4,2024/12/16 16:20,19.7,58.7,timer,3570
5222,Rpi__1,Sensor__4,2024/12/16 16:25,19.6,57.6,timer,3570
5226,Rpi__1,Sensor__4,2024/12/16 16:30,19.6,57.5,timer,3570
5230,Rpi__1,Sensor__4,2024/12/16 16:35,19.6,57.7,timer,3570
5234,Rpi__1,Sensor__4,2024/12/16 16:40,19.6,57.9,timer,3570
5238,Rpi__1,Sensor__4,2024/12/16 16:45,19.6,57.9,timer,3570
5242,Rpi__1,Sensor__4,2024/12/16 16:50,19.5,57.9,timer,3570
5246,Rpi__1,Sensor__4,2024/12/16 16:55,19.5,57.5,timer,3570
5250,Rpi__1,Sensor__4,2024/12/16 17:00,19.5,57.4,timer,3570
5254,Rpi__1,Sensor__4,2024/12/16 17:05,19.5,57.2,timer,3570
5258,Rpi__1,Sensor__4,2024/12/16 17:10,19.5,57.2,timer,3570
5262,Rpi__1,Sensor__4,2024/12/16 17:15,19.5,57.1,timer,3570
5266,Rpi__1,Sensor__4,2024/12/16 17:20,19.5,56.7,timer,3570
5270,Rpi__1,Sensor__4,2024/12/16 17:25,19.5,56.6,timer,3570
5274,Rpi__1,Sensor__4,2024/12/16 17:30,19.5,56.6,timer,3570
5278,Rpi__1,Sensor__4,2024/12/16 17:35,19.5,56,timer,3570
5282,Rpi__1,Sensor__4,2024/12/16 17:40,19.5,56.1,timer,3570
5286,Rpi__1,Sensor__4,2024/12/16 17:45,19.4,55.7,timer,3570
5290,Rpi__1,Sensor__4,2024/12/16 17:50,19.5,55.7,timer,3570
5294,Rpi__1,Sensor__4,2024/12/16 17:55,19.5,55.5,timer,3570
5298,Rpi__1,Sensor__4,2024/12/16 18:00,19.5,55.1,timer,3570
5302,Rpi__1,Sensor__4,2024/12/16 18:05,19.5,54.9,timer,3570
5306,Rpi__1,Sensor__4,2024/12/16 18:10,19.5,54.9,timer,3570
5310,Rpi__1,Sensor__4,2024/12/16 18:15,19.5,54.9,timer,3570
5314,Rpi__1,Sensor__4,2024/12/16 18:20,19.5,54.2,timer,3570
5318,Rpi__1,Sensor__4,2024/12/16 18:25,19.5,54.1,timer,3570
5322,Rpi__1,Sensor__4,2024/12/16 18:30,19.5,54,timer,3570
5326,Rpi__1,Sensor__4,2024/12/16 18:35,19.5,54,timer,3570
5330,Rpi__1,Sensor__4,2024/12/16 18:40,19.5,54.1,timer,3570
5334,Rpi__1,Sensor__4,2024/12/16 18:45,19.5,52.6,timer,3570
5338,Rpi__1,Sensor__4,2024/12/16 18:50,19.5,53.7,timer,3570
5342,Rpi__1,Sensor__4,2024/12/16 18:55,19.5,53,timer,3570
5346,Rpi__1,Sensor__4,2024/12/16 19:00,19.5,53.1,timer,3570
5350,Rpi__1,Sensor__4,2024/12/16 19:05,19.5,52.9,timer,3570
5354,Rpi__1,Sensor__4,2024/12/16 19:10,19.5,52.8,timer,3570
5358,Rpi__1,Sensor__4,2024/12/16 19:15,19.5,52.7,timer,3570
5362,Rpi__1,Sensor__4,2024/12/16 19:20,19.5,50.9,timer,3570
5366,Rpi__1,Sensor__4,2024/12/16 19:25,19.5,53.5,timer,3570
5370,Rpi__1,Sensor__4,2024/12/16 19:30,19.5,53.4,timer,3570
5374,Rpi__1,Sensor__4,2024/12/16 19:35,19.5,50.4,timer,3570
5378,Rpi__1,Sensor__4,2024/12/16 19:40,19.5,52.1,timer,3570
5382,Rpi__1,Sensor__4,2024/12/16 19:45,19.5,51.7,timer,3570
5386,Rpi__1,Sensor__4,2024/12/16 19:50,19.5,51.5,timer,3570
5390,Rpi__1,Sensor__4,2024/12/16 19:55,19.5,51.4,timer,3570
5394,Rpi__1,Sensor__4,2024/12/16 20:00,19.5,51.2,timer,3570
5398,Rpi__1,Sensor__4,2024/12/16 20:05,19.6,51.1,timer,3570
5402,Rpi__1,Sensor__4,2024/12/16 20:10,19.5,49.5,timer,3570
5406,Rpi__1,Sensor__4,2024/12/16 20:15,19.5,49.5,timer,3570
5410,Rpi__1,Sensor__4,2024/12/16 20:20,19.5,49.8,timer,3570
5414,Rpi__1,Sensor__4,2024/12/16 20:25,19.4,49.8,timer,3570
5418,Rpi__1,Sensor__4,2024/12/16 20:30,19.4,50.2,timer,3570
5422,Rpi__1,Sensor__4,2024/12/16 20:35,19.4,51.1,timer,3570
5426,Rpi__1,Sensor__4,2024/12/16 20:40,19.3,51.2,timer,3570
5430,Rpi__1,Sensor__4,2024/12/16 20:45,19.3,51.7,timer,3570
5434,Rpi__1,Sensor__4,2024/12/16 20:50,19.2,51.7,timer,3570
5438,Rpi__1,Sensor__4,2024/12/16 20:55,19.2,51.9,timer,3570
5442,Rpi__1,Sensor__4,2024/12/16 21:00,19.2,51.8,timer,3570
5446,Rpi__1,Sensor__4,2024/12/16 21:05,19.1,52.5,timer,3570
5450,Rpi__1,Sensor__4,2024/12/16 21:10,19.1,53.1,timer,3570
5454,Rpi__1,Sensor__4,2024/12/16 21:15,19.1,52.1,timer,3570
5458,Rpi__1,Sensor__4,2024/12/16 21:20,19,51.9,timer,3570
5462,Rpi__1,Sensor__4,2024/12/16 21:25,19,52,timer,3570
5466,Rpi__1,Sensor__4,2024/12/16 21:30,19,52,timer,3570
5470,Rpi__1,Sensor__4,2024/12/16 21:35,19,51.8,timer,3570
5474,Rpi__1,Sensor__4,2024/12/16 21:40,18.9,51.7,timer,3570
5478,Rpi__1,Sensor__4,2024/12/16 21:45,18.9,51.6,timer,43170
5482,Rpi__1,Sensor__4,2024/12/16 21:50,18.9,51.5,timer,43170
5486,Rpi__1,Sensor__4,2024/12/16 21:55,18.9,51.5,timer,43170
5490,Rpi__1,Sensor__4,2024/12/16 22:00,18.9,51.5,timer,43170
5494,Rpi__1,Sensor__4,2024/12/16 22:05,18.8,55.4,timer,43170
5498,Rpi__1,Sensor__4,2024/12/16 22:10,18.8,56.4,timer,43170
5502,Rpi__1,Sensor__4,2024/12/16 22:15,18.7,57.5,timer,43170
5506,Rpi__1,Sensor__4,2024/12/16 22:20,18.7,58.7,timer,43170
5510,Rpi__1,Sensor__4,2024/12/16 22:25,18.6,59.6,timer,43170
5514,Rpi__1,Sensor__4,2024/12/16 22:30,18.6,59.9,timer,43170
5518,Rpi__1,Sensor__4,2024/12/16 22:35,18.5,57.6,timer,43170
5522,Rpi__1,Sensor__4,2024/12/16 22:40,18.5,57.6,timer,43170
5526,Rpi__1,Sensor__4,2024/12/16 22:45,18.5,55.7,timer,43170
5530,Rpi__1,Sensor__4,2024/12/16 22:50,18.5,57.7,timer,3570
5534,Rpi__1,Sensor__4,2024/12/16 22:55,18.5,59.1,timer,3570
5538,Rpi__1,Sensor__4,2024/12/16 23:00,18.5,59.3,timer,3570
5542,Rpi__1,Sensor__4,2024/12/16 23:05,18.4,59.5,timer,3570
5546,Rpi__1,Sensor__4,2024/12/16 23:10,18.4,59.8,timer,3570
5550,Rpi__1,Sensor__4,2024/12/16 23:15,18.4,58.5,timer,3570
5554,Rpi__1,Sensor__4,2024/12/16 23:20,18.4,55.1,timer,3570
5558,Rpi__1,Sensor__4,2024/12/16 23:25,18.4,55.2,timer,3570
5562,Rpi__1,Sensor__4,2024/12/16 23:30,18.4,54.4,timer,3570
5566,Rpi__1,Sensor__4,2024/12/16 23:35,18.3,57.6,timer,3570
5570,Rpi__1,Sensor__4,2024/12/16 23:40,18.3,59.3,timer,3570
5574,Rpi__1,Sensor__4,2024/12/16 23:45,18.3,59.3,timer,3570
5578,Rpi__1,Sensor__4,2024/12/16 23:50,18.3,60.2,timer,3570
5582,Rpi__1,Sensor__4,2024/12/16 23:55,18.3,60.2,timer,3570
5586,Rpi__1,Sensor__4,2024/12/17 0:00,18.2,54.4,timer,3570
5590,Rpi__1,Sensor__4,2024/12/17 0:05,18.2,57.3,timer,3570
5594,Rpi__1,Sensor__4,2024/12/17 0:10,18.2,58.5,timer,3570
5598,Rpi__1,Sensor__4,2024/12/17 0:15,18.2,59.2,timer,3570
5602,Rpi__1,Sensor__4,2024/12/17 0:20,18.2,59.4,timer,3570
5606,Rpi__1,Sensor__4,2024/12/17 0:25,18.2,59.2,timer,3570
5610,Rpi__1,Sensor__4,2024/12/17 0:30,18.2,59.2,timer,3570
5614,Rpi__1,Sensor__4,2024/12/17 0:35,18.2,54.2,timer,3570
5618,Rpi__1,Sensor__4,2024/12/17 0:40,18.2,55.2,timer,3570
5622,Rpi__1,Sensor__4,2024/12/17 0:45,18.1,54.3,timer,3570
5626,Rpi__1,Sensor__4,2024/12/17 0:50,18.1,53.7,timer,3570
5630,Rpi__1,Sensor__4,2024/12/17 0:55,18.1,53.2,timer,3570
5634,Rpi__1,Sensor__4,2024/12/17 1:00,18.1,53,timer,3570
5638,Rpi__1,Sensor__4,2024/12/17 1:05,18.1,54,timer,3570
5642,Rpi__1,Sensor__4,2024/12/17 1:10,18.1,57.8,timer,3570
5646,Rpi__1,Sensor__4,2024/12/17 1:15,18.1,58.8,timer,3570
5650,Rpi__1,Sensor__4,2024/12/17 1:20,18.1,59.4,timer,3570
5654,Rpi__1,Sensor__4,2024/12/17 1:25,18.1,59.6,timer,3570
5658,Rpi__1,Sensor__4,2024/12/17 1:30,18.1,60.1,timer,3570
5662,Rpi__1,Sensor__4,2024/12/17 1:35,18.1,58.7,timer,3570
5666,Rpi__1,Sensor__4,2024/12/17 1:40,18.1,58.9,timer,3570
5670,Rpi__1,Sensor__4,2024/12/17 1:45,18.1,59.9,timer,3570
5674,Rpi__1,Sensor__4,2024/12/17 1:50,18,57.8,timer,3570
5678,Rpi__1,Sensor__4,2024/12/17 1:55,18,54.9,timer,3570
5682,Rpi__1,Sensor__4,2024/12/17 2:00,18,55.4,timer,3570
5686,Rpi__1,Sensor__4,2024/12/17 2:05,18,58.1,timer,3570
5690,Rpi__1,Sensor__4,2024/12/17 2:10,18,58.1,timer,3570
5694,Rpi__1,Sensor__4,2024/12/17 2:15,18,58.8,timer,3570
5698,Rpi__1,Sensor__4,2024/12/17 2:20,18,59.1,timer,3570
5702,Rpi__1,Sensor__4,2024/12/17 2:25,18,59.3,timer,3570
5706,Rpi__1,Sensor__4,2024/12/17 2:30,18,59.3,timer,3570
5710,Rpi__1,Sensor__4,2024/12/17 2:35,18,60.2,timer,3570
5714,Rpi__1,Sensor__4,2024/12/17 2:40,18,59,timer,3570
5718,Rpi__1,Sensor__4,2024/12/17 2:45,18,55.5,timer,3570
5722,Rpi__1,Sensor__4,2024/12/17 2:50,17.9,55.2,timer,3570
5726,Rpi__1,Sensor__4,2024/12/17 2:55,18,54.4,timer,3570
5730,Rpi__1,Sensor__4,2024/12/17 3:00,17.9,53.7,timer,3570
5734,Rpi__1,Sensor__4,2024/12/17 3:05,17.9,53.6,timer,3570
5738,Rpi__1,Sensor__4,2024/12/17 3:10,17.9,53.1,timer,3570
5742,Rpi__1,Sensor__4,2024/12/17 3:15,17.9,57,timer,3570
5746,Rpi__1,Sensor__4,2024/12/17 3:20,17.9,53.4,timer,3570
5750,Rpi__1,Sensor__4,2024/12/17 3:25,17.9,56.9,timer,3570
5754,Rpi__1,Sensor__4,2024/12/17 3:30,17.9,56.7,timer,3570
5758,Rpi__1,Sensor__4,2024/12/17 3:35,17.9,54.3,timer,3570
5762,Rpi__1,Sensor__4,2024/12/17 3:40,17.9,57.4,timer,3570
5766,Rpi__1,Sensor__4,2024/12/17 3:45,17.9,57.3,timer,3570
5770,Rpi__1,Sensor__4,2024/12/17 3:50,17.9,54.8,timer,3570
5774,Rpi__1,Sensor__4,2024/12/17 3:55,17.8,52.9,timer,3570
5778,Rpi__1,Sensor__4,2024/12/17 4:00,17.8,55.2,timer,3570
5782,Rpi__1,Sensor__4,2024/12/17 4:05,17.9,58.6,timer,3570
5786,Rpi__1,Sensor__4,2024/12/17 4:10,17.8,58.7,timer,3570
5790,Rpi__1,Sensor__4,2024/12/17 4:15,17.8,59.5,timer,3570
5794,Rpi__1,Sensor__4,2024/12/17 4:20,17.8,59.7,timer,3570
5798,Rpi__1,Sensor__4,2024/12/17 4:25,17.8,59.6,timer,3570
5802,Rpi__1,Sensor__4,2024/12/17 4:30,17.8,59.8,timer,3570
5806,Rpi__1,Sensor__4,2024/12/17 4:35,17.8,59.8,timer,3570
5810,Rpi__1,Sensor__4,2024/12/17 4:40,17.8,58.4,timer,3570
5814,Rpi__1,Sensor__4,2024/12/17 4:45,17.7,56.3,timer,3570
5818,Rpi__1,Sensor__4,2024/12/17 4:50,17.8,54.1,timer,3570
5822,Rpi__1,Sensor__4,2024/12/17 4:55,17.7,54.7,timer,3570
5826,Rpi__1,Sensor__4,2024/12/17 5:00,17.8,56.1,timer,3570
5830,Rpi__1,Sensor__4,2024/12/17 5:05,17.8,57.5,timer,3570
5834,Rpi__1,Sensor__4,2024/12/17 5:10,17.8,58,timer,3570
5838,Rpi__1,Sensor__4,2024/12/17 5:15,17.8,58.1,timer,3570
5842,Rpi__1,Sensor__4,2024/12/17 5:20,17.7,57.9,timer,3570
5846,Rpi__1,Sensor__4,2024/12/17 5:25,17.7,54.4,timer,3570
5850,Rpi__1,Sensor__4,2024/12/17 5:30,17.7,52.9,timer,3570
5854,Rpi__1,Sensor__4,2024/12/17 5:35,17.7,52.7,timer,3570
5858,Rpi__1,Sensor__4,2024/12/17 5:40,17.7,52.5,timer,3570
5862,Rpi__1,Sensor__4,2024/12/17 5:45,17.7,52.6,timer,3570
5866,Rpi__1,Sensor__4,2024/12/17 5:50,17.7,54.6,timer,3570
5870,Rpi__1,Sensor__4,2024/12/17 5:55,17.7,56.3,timer,3570
5874,Rpi__1,Sensor__4,2024/12/17 6:00,17.7,56.5,timer,3570
5878,Rpi__1,Sensor__4,2024/12/17 6:05,17.7,56.7,timer,3570
5882,Rpi__1,Sensor__4,2024/12/17 6:10,17.7,56.4,timer,3570
5886,Rpi__1,Sensor__4,2024/12/17 6:15,17.7,55.9,timer,3570
5890,Rpi__1,Sensor__4,2024/12/17 6:20,17.7,56.4,timer,3570
5894,Rpi__1,Sensor__4,2024/12/17 6:25,17.7,57.6,timer,3570
5898,Rpi__1,Sensor__4,2024/12/17 6:30,17.7,58.1,timer,3570
5902,Rpi__1,Sensor__4,2024/12/17 6:35,17.6,58.7,timer,3570
5906,Rpi__1,Sensor__4,2024/12/17 6:40,17.7,58.8,timer,3570
5910,Rpi__1,Sensor__4,2024/12/17 6:45,17.6,58.5,timer,3570
5914,Rpi__1,Sensor__4,2024/12/17 6:50,17.6,59.3,timer,3570
5918,Rpi__1,Sensor__4,2024/12/17 6:55,17.6,59,timer,3570
5922,Rpi__1,Sensor__4,2024/12/17 7:00,17.6,58.5,timer,3570
5926,Rpi__1,Sensor__4,2024/12/17 7:05,17.6,58.2,timer,3570
5930,Rpi__1,Sensor__4,2024/12/17 7:10,17.6,55.9,timer,3570
5934,Rpi__1,Sensor__4,2024/12/17 7:15,17.6,54.2,timer,3570
5938,Rpi__1,Sensor__4,2024/12/17 7:20,17.6,57.7,timer,3570
5942,Rpi__1,Sensor__4,2024/12/17 7:25,17.6,57.7,timer,3570
5946,Rpi__1,Sensor__4,2024/12/17 7:30,17.6,56.7,timer,3570
5950,Rpi__1,Sensor__4,2024/12/17 7:35,17.6,53.4,timer,3570
5954,Rpi__1,Sensor__4,2024/12/17 7:40,17.6,52.3,timer,3570
5958,Rpi__1,Sensor__4,2024/12/17 7:45,17.6,52.3,timer,3570
5962,Rpi__1,Sensor__4,2024/12/17 7:50,17.6,52.8,timer,3570
5966,Rpi__1,Sensor__4,2024/12/17 7:55,17.6,55,timer,3570
5970,Rpi__1,Sensor__4,2024/12/17 8:00,17.6,55,timer,3570
5974,Rpi__1,Sensor__4,2024/12/17 8:05,17.6,56.9,timer,3570
5978,Rpi__1,Sensor__4,2024/12/17 8:10,17.6,56.7,timer,3570
5982,Rpi__1,Sensor__4,2024/12/17 8:15,17.6,54.9,timer,3570
5986,Rpi__1,Sensor__4,2024/12/17 8:20,17.7,52.5,timer,3570
5990,Rpi__1,Sensor__4,2024/12/17 8:25,17.8,51.6,timer,3570
5994,Rpi__1,Sensor__4,2024/12/17 8:30,17.8,51,timer,3570
5998,Rpi__1,Sensor__4,2024/12/17 8:35,17.9,50.5,timer,3570
6002,Rpi__1,Sensor__4,2024/12/17 8:40,17.9,50.1,timer,3570
6006,Rpi__1,Sensor__4,2024/12/17 8:45,18,49.5,timer,3570
6010,Rpi__1,Sensor__4,2024/12/17 8:50,18,48.6,timer,3570
6014,Rpi__1,Sensor__4,2024/12/17 8:55,18.1,49.4,timer,3570
6018,Rpi__1,Sensor__4,2024/12/17 9:00,18.2,49.9,timer,3570
6022,Rpi__1,Sensor__4,2024/12/17 9:05,18.2,50.1,timer,3570
6026,Rpi__1,Sensor__4,2024/12/17 9:10,18.3,49.8,timer,3570
6030,Rpi__1,Sensor__4,2024/12/17 9:15,18.3,49.5,timer,3570
6034,Rpi__1,Sensor__4,2024/12/17 9:20,18.4,50.8,timer,3570
6038,Rpi__1,Sensor__4,2024/12/17 9:25,18.4,52,timer,3570
6042,Rpi__1,Sensor__4,2024/12/17 9:30,18.5,53.6,timer,3570
6046,Rpi__1,Sensor__4,2024/12/17 9:35,18.5,54.2,timer,3570
6050,Rpi__1,Sensor__4,2024/12/17 9:40,18.5,54.2,timer,43170
6054,Rpi__1,Sensor__4,2024/12/17 9:45,18.7,54.5,timer,43170
6058,Rpi__1,Sensor__4,2024/12/17 9:50,18.7,54.5,timer,3570
6062,Rpi__1,Sensor__4,2024/12/17 9:55,18.7,54,timer,3570
6066,Rpi__1,Sensor__4,2024/12/17 10:00,18.8,52.2,timer,3570
6070,Rpi__1,Sensor__4,2024/12/17 10:05,18.8,50.7,timer,3570
6074,Rpi__1,Sensor__4,2024/12/17 10:10,18.8,50.9,timer,3570
6078,Rpi__1,Sensor__4,2024/12/17 10:15,18.8,50.8,timer,3570
6082,Rpi__1,Sensor__4,2024/12/17 10:20,18.9,50.5,timer,3570
6086,Rpi__1,Sensor__4,2024/12/17 10:25,18.9,50.1,timer,3570
6090,Rpi__1,Sensor__4,2024/12/17 10:30,19,49.5,timer,3570
6094,Rpi__1,Sensor__4,2024/12/17 10:35,19,49.4,timer,3570
6098,Rpi__1,Sensor__4,2024/12/17 10:40,19.1,49.3,timer,3570
6102,Rpi__1,Sensor__4,2024/12/17 10:45,19.1,49.2,timer,3570
6106,Rpi__1,Sensor__4,2024/12/17 10:50,19.2,49.3,timer,3570
6110,Rpi__1,Sensor__4,2024/12/17 10:55,19.2,49.2,timer,3570
6114,Rpi__1,Sensor__4,2024/12/17 11:00,19.2,49.1,timer,3570
6118,Rpi__1,Sensor__4,2024/12/17 11:05,19.3,49.1,timer,3570
6122,Rpi__1,Sensor__4,2024/12/17 11:10,19.3,49.4,timer,3570
6126,Rpi__1,Sensor__4,2024/12/17 11:15,19.3,50.3,timer,3570
6130,Rpi__1,Sensor__4,2024/12/17 11:20,19.4,49.7,timer,3570
6134,Rpi__1,Sensor__4,2024/12/17 11:25,19.5,49.9,timer,3570
6138,Rpi__1,Sensor__4,2024/12/17 11:30,19.5,49.3,timer,3570
6142,Rpi__1,Sensor__4,2024/12/17 11:35,19.5,49.4,timer,3570
6146,Rpi__1,Sensor__4,2024/12/17 11:40,19.5,49.6,timer,3570
6150,Rpi__1,Sensor__4,2024/12/17 11:45,19.5,49.7,timer,3570
6154,Rpi__1,Sensor__4,2024/12/17 11:50,19.6,50,timer,3570
6158,Rpi__1,Sensor__4,2024/12/17 11:55,19.5,51,timer,3570
6162,Rpi__1,Sensor__4,2024/12/17 12:00,19.5,51.2,timer,3570
6166,Rpi__1,Sensor__4,2024/12/17 12:05,19.5,51.3,timer,3570
6170,Rpi__1,Sensor__4,2024/12/17 12:10,19.5,51.1,timer,3570
6174,Rpi__1,Sensor__4,2024/12/17 12:15,19.5,50.9,timer,3570
6178,Rpi__1,Sensor__4,2024/12/17 12:20,19.5,51.2,timer,3570
6182,Rpi__1,Sensor__4,2024/12/17 12:25,19.5,50.3,timer,3570
6186,Rpi__1,Sensor__4,2024/12/17 12:30,19.6,50,timer,3570
6190,Rpi__1,Sensor__4,2024/12/17 12:35,19.6,50,timer,3570
6194,Rpi__1,Sensor__4,2024/12/17 12:40,19.6,50.2,timer,3570
6198,Rpi__1,Sensor__4,2024/12/17 12:45,19.6,50.3,timer,3570
6202,Rpi__1,Sensor__4,2024/12/17 12:50,19.7,50.2,timer,3570
6206,Rpi__1,Sensor__4,2024/12/17 12:55,19.7,50.2,timer,3570
6210,Rpi__1,Sensor__4,2024/12/17 13:00,19.7,50.1,timer,3570
6214,Rpi__1,Sensor__4,2024/12/17 13:05,19.7,50.3,timer,3570
6218,Rpi__1,Sensor__4,2024/12/17 13:10,19.8,50.3,timer,3570
6222,Rpi__1,Sensor__4,2024/12/17 13:15,19.8,50.4,timer,3570
6226,Rpi__1,Sensor__4,2024/12/17 13:20,19.8,50.5,timer,3570
6230,Rpi__1,Sensor__4,2024/12/17 13:30,19.9,50.5,timer,3570
6234,Rpi__1,Sensor__4,2024/12/17 13:35,19.9,50.5,timer,3570
6238,Rpi__1,Sensor__4,2024/12/17 13:40,19.9,50.5,timer,3570
6242,Rpi__1,Sensor__4,2024/12/17 13:45,19.9,50.9,timer,3570
6246,Rpi__1,Sensor__4,2024/12/17 13:50,19.9,51,timer,3570
6250,Rpi__1,Sensor__4,2024/12/17 13:55,19.9,50.8,timer,3570
6254,Rpi__1,Sensor__4,2024/12/17 14:00,19.9,50.7,timer,3570
6258,Rpi__1,Sensor__4,2024/12/17 14:05,19.9,51,timer,3570
6262,Rpi__1,Sensor__4,2024/12/17 14:10,19.9,51.1,timer,3570
6266,Rpi__1,Sensor__4,2024/12/17 14:15,20,50.9,timer,3570
6270,Rpi__1,Sensor__4,2024/12/17 14:20,20,51.2,timer,3570
6274,Rpi__1,Sensor__4,2024/12/17 14:25,20,51.2,timer,3570
6278,Rpi__1,Sensor__4,2024/12/17 14:30,20,51.8,timer,3570
6282,Rpi__1,Sensor__4,2024/12/17 14:35,20,51.4,timer,3570
6286,Rpi__1,Sensor__4,2024/12/17 14:40,20,50.4,timer,3570
6290,Rpi__1,Sensor__4,2024/12/17 14:45,20.5,57.3,timer,3570
6294,Rpi__1,Sensor__4,2024/12/17 14:50,20.9,56.9,timer,3570
6298,Rpi__1,Sensor__4,2024/12/17 14:55,20.9,56.5,timer,3570
6302,Rpi__1,Sensor__4,2024/12/17 15:00,20.8,56.6,timer,3570
6306,Rpi__1,Sensor__4,2024/12/17 15:05,20.6,54.9,timer,3570
6310,Rpi__1,Sensor__4,2024/12/17 15:10,20.5,55.5,timer,3570
6314,Rpi__1,Sensor__4,2024/12/17 15:15,20.4,55.2,timer,3570
6318,Rpi__1,Sensor__4,2024/12/17 15:20,20.4,55,timer,3570
6322,Rpi__1,Sensor__4,2024/12/17 15:25,20.4,55.6,timer,3570
6326,Rpi__1,Sensor__4,2024/12/17 15:30,20.4,56.1,timer,3570
6330,Rpi__1,Sensor__4,2024/12/17 15:35,20.3,56,timer,3570
6334,Rpi__1,Sensor__4,2024/12/17 15:40,20.3,56,timer,3570
6338,Rpi__1,Sensor__4,2024/12/17 15:45,20.3,56.2,timer,3570
6342,Rpi__1,Sensor__4,2024/12/17 15:50,20.3,56.3,timer,3570
6346,Rpi__1,Sensor__4,2024/12/17 15:55,20.3,56.3,timer,3570
6350,Rpi__1,Sensor__4,2024/12/17 16:00,20.2,56.2,timer,3570
6354,Rpi__1,Sensor__4,2024/12/17 16:05,20.2,55.9,timer,3570
6358,Rpi__1,Sensor__4,2024/12/17 16:10,20.2,56.1,timer,3570
6362,Rpi__1,Sensor__4,2024/12/17 16:15,20.2,56.2,timer,3570
6366,Rpi__1,Sensor__4,2024/12/17 16:20,20.1,56.2,timer,3570
6370,Rpi__1,Sensor__4,2024/12/17 16:25,20.1,56.2,timer,3570
6374,Rpi__1,Sensor__4,2024/12/17 16:30,20.1,56.2,timer,3570
6378,Rpi__1,Sensor__4,2024/12/17 16:35,20.1,56.2,timer,3570
6382,Rpi__1,Sensor__4,2024/12/17 16:40,20.1,56.1,timer,3570
6386,Rpi__1,Sensor__4,2024/12/17 16:45,20.1,55.9,timer,3570
6390,Rpi__1,Sensor__4,2024/12/17 16:50,20.1,56.1,timer,3570
6394,Rpi__1,Sensor__4,2024/12/17 16:55,20.1,55.9,timer,3570
6398,Rpi__1,Sensor__4,2024/12/17 17:00,20.1,55.8,timer,3570
6402,Rpi__1,Sensor__4,2024/12/17 17:05,20.1,55.8,timer,3570
6406,Rpi__1,Sensor__4,2024/12/17 17:10,20.1,55.7,timer,3570
6410,Rpi__1,Sensor__4,2024/12/17 17:15,20,55.4,timer,3570
6414,Rpi__1,Sensor__4,2024/12/17 17:20,20,55.2,timer,3570
6418,Rpi__1,Sensor__4,2024/12/17 17:25,20,55,timer,3570
6422,Rpi__1,Sensor__4,2024/12/17 17:30,20,54.9,timer,3570
6426,Rpi__1,Sensor__4,2024/12/17 17:35,20,54.7,timer,3570
6430,Rpi__1,Sensor__4,2024/12/17 17:40,20,54.8,timer,3570
6434,Rpi__1,Sensor__4,2024/12/17 17:45,20,54.7,timer,3570
6438,Rpi__1,Sensor__4,2024/12/17 17:50,20,54.6,timer,3570
6442,Rpi__1,Sensor__4,2024/12/17 17:55,20,54.5,timer,3570
6446,Rpi__1,Sensor__4,2024/12/17 18:00,20,54.2,timer,3570
6450,Rpi__1,Sensor__4,2024/12/17 18:05,20,53.9,timer,3570
6454,Rpi__1,Sensor__4,2024/12/17 18:10,20,54.1,timer,3570
6458,Rpi__1,Sensor__4,2024/12/17 18:15,20,54,timer,3570
6462,Rpi__1,Sensor__4,2024/12/17 18:20,20,53.9,timer,3570
6466,Rpi__1,Sensor__4,2024/12/17 18:25,19.9,53.5,timer,3570
6470,Rpi__1,Sensor__4,2024/12/17 18:30,19.9,53.4,timer,3570
6474,Rpi__1,Sensor__4,2024/12/17 18:35,19.9,52.7,timer,3570
6478,Rpi__1,Sensor__4,2024/12/17 18:40,19.8,52.7,timer,3570
6482,Rpi__1,Sensor__4,2024/12/17 18:45,19.8,52.8,timer,3570
6486,Rpi__1,Sensor__4,2024/12/17 18:50,19.8,52.9,timer,3570
6490,Rpi__1,Sensor__4,2024/12/17 18:55,19.8,52.8,timer,3570
6494,Rpi__1,Sensor__4,2024/12/17 19:00,19.8,52.5,timer,3570
6498,Rpi__1,Sensor__4,2024/12/17 19:05,19.8,52.5,timer,3570
6502,Rpi__1,Sensor__4,2024/12/17 19:10,19.8,52.4,timer,3570
6506,Rpi__1,Sensor__4,2024/12/17 19:15,19.8,52.3,timer,3570
6510,Rpi__1,Sensor__4,2024/12/17 19:20,19.8,52.3,timer,3570
6514,Rpi__1,Sensor__4,2024/12/17 19:25,19.7,51.7,timer,3570
6518,Rpi__1,Sensor__4,2024/12/17 19:30,19.7,51.5,timer,3570
6522,Rpi__1,Sensor__4,2024/12/17 19:35,19.7,51.3,timer,3570
6526,Rpi__1,Sensor__4,2024/12/17 19:40,19.8,51.2,timer,3570
6530,Rpi__1,Sensor__4,2024/12/17 19:45,19.7,50.8,timer,3570
6534,Rpi__1,Sensor__4,2024/12/17 19:50,19.8,51.3,timer,3570
6538,Rpi__1,Sensor__4,2024/12/17 19:55,19.8,51.3,timer,3570
6542,Rpi__1,Sensor__4,2024/12/17 20:00,19.7,50.5,timer,3570
6546,Rpi__1,Sensor__4,2024/12/17 20:05,19.7,51.5,timer,3570
6550,Rpi__1,Sensor__4,2024/12/17 20:10,19.7,51.9,timer,3570
6554,Rpi__1,Sensor__4,2024/12/17 20:15,19.6,51.2,timer,3570
6558,Rpi__1,Sensor__4,2024/12/17 20:20,19.6,50.2,timer,3570
6562,Rpi__1,Sensor__4,2024/12/17 20:25,19.5,50.7,timer,3570
6566,Rpi__1,Sensor__4,2024/12/17 20:30,19.5,50.9,timer,3570
6570,Rpi__1,Sensor__4,2024/12/17 20:35,19.4,50.9,timer,3570
6574,Rpi__1,Sensor__4,2024/12/17 20:40,19.4,50.7,timer,3570
6578,Rpi__1,Sensor__4,2024/12/17 20:45,19.3,50.7,timer,3570
6582,Rpi__1,Sensor__4,2024/12/17 20:50,19.3,50.8,timer,3570
6586,Rpi__1,Sensor__4,2024/12/17 20:55,19.2,50.5,timer,3570
6590,Rpi__1,Sensor__4,2024/12/17 21:00,19.2,50.4,timer,3570
6594,Rpi__1,Sensor__4,2024/12/17 21:05,19.2,50.4,timer,3570
6598,Rpi__1,Sensor__4,2024/12/17 21:10,19.1,50.3,timer,3570
6602,Rpi__1,Sensor__4,2024/12/17 21:15,19.1,50.4,timer,3570
6606,Rpi__1,Sensor__4,2024/12/17 21:20,19,50.3,timer,3570
6610,Rpi__1,Sensor__4,2024/12/17 21:25,18.9,50.2,timer,3570
6614,Rpi__1,Sensor__4,2024/12/17 21:30,18.9,50.1,timer,3570
6618,Rpi__1,Sensor__4,2024/12/17 21:35,18.9,50.1,timer,3570
6622,Rpi__1,Sensor__4,2024/12/17 21:40,18.9,50.3,timer,3570
6626,Rpi__1,Sensor__4,2024/12/17 21:45,18.8,49.8,timer,43170
6630,Rpi__1,Sensor__4,2024/12/17 21:50,18.8,49.9,timer,43170
6634,Rpi__1,Sensor__4,2024/12/17 21:55,18.8,49.9,timer,43170
6638,Rpi__1,Sensor__4,2024/12/17 22:00,18.8,49.1,timer,43170
6642,Rpi__1,Sensor__4,2024/12/17 22:05,18.7,48.9,timer,43170
6646,Rpi__1,Sensor__4,2024/12/17 22:10,18.7,48.9,timer,43170
6650,Rpi__1,Sensor__4,2024/12/17 22:15,18.7,48.8,timer,43170
6654,Rpi__1,Sensor__4,2024/12/17 22:20,18.7,48.4,timer,43170
6658,Rpi__1,Sensor__4,2024/12/17 22:25,18.6,48,timer,43170
6662,Rpi__1,Sensor__4,2024/12/17 22:30,18.6,47.9,timer,43170
6666,Rpi__1,Sensor__4,2024/12/17 22:35,18.6,47.4,timer,43170
6670,Rpi__1,Sensor__4,2024/12/17 22:40,18.5,47.4,timer,43170
6674,Rpi__1,Sensor__4,2024/12/17 22:45,18.5,48.2,timer,43170
6678,Rpi__1,Sensor__4,2024/12/17 22:50,18.5,47.7,timer,3570
6682,Rpi__1,Sensor__4,2024/12/17 22:55,18.5,51,timer,3570
6686,Rpi__1,Sensor__4,2024/12/17 23:00,18.6,54.4,timer,3570
6690,Rpi__1,Sensor__4,2024/12/17 23:05,18.6,55.3,timer,3570
6694,Rpi__1,Sensor__4,2024/12/17 23:10,18.6,56.4,timer,3570
6698,Rpi__1,Sensor__4,2024/12/17 23:15,18.6,58.4,timer,3570
6702,Rpi__1,Sensor__4,2024/12/17 23:20,18.5,59.2,timer,3570
6706,Rpi__1,Sensor__4,2024/12/17 23:25,18.5,60.6,timer,3570
6710,Rpi__1,Sensor__4,2024/12/17 23:30,18.5,62,timer,3570
6714,Rpi__1,Sensor__4,2024/12/17 23:35,18.4,62.7,timer,3570
6718,Rpi__1,Sensor__4,2024/12/17 23:40,18.4,62.7,timer,3570
6722,Rpi__1,Sensor__4,2024/12/17 23:45,18.4,62.9,timer,3570
6726,Rpi__1,Sensor__4,2024/12/17 23:50,18.3,63.2,timer,3570
6730,Rpi__1,Sensor__4,2024/12/17 23:55,18.3,63.4,timer,3570
6734,Rpi__1,Sensor__4,2024/12/18 0:00,18.3,63.5,timer,3570
6738,Rpi__1,Sensor__4,2024/12/18 0:05,18.3,63.4,timer,3570
6742,Rpi__1,Sensor__4,2024/12/18 0:10,18.2,63.2,timer,3570
6746,Rpi__1,Sensor__4,2024/12/18 0:15,18.2,63.1,timer,3570
6750,Rpi__1,Sensor__4,2024/12/18 0:20,18.2,62.9,timer,3570
6754,Rpi__1,Sensor__4,2024/12/18 0:25,18.2,63,timer,3570
6758,Rpi__1,Sensor__4,2024/12/18 0:30,18.2,63,timer,3570
6762,Rpi__1,Sensor__4,2024/12/18 0:35,18.2,62.6,timer,3570
6766,Rpi__1,Sensor__4,2024/12/18 0:40,18.2,62.6,timer,3570
6770,Rpi__1,Sensor__4,2024/12/18 0:45,18.2,62.6,timer,3570
6774,Rpi__1,Sensor__4,2024/12/18 0:50,18.1,62.6,timer,3570
6778,Rpi__1,Sensor__4,2024/12/18 0:55,18.1,62.5,timer,3570
6782,Rpi__1,Sensor__4,2024/12/18 1:00,18.1,62.5,timer,3570
6786,Rpi__1,Sensor__4,2024/12/18 1:05,18.1,62.5,timer,3570
6790,Rpi__1,Sensor__4,2024/12/18 1:10,18.1,62.2,timer,3570
6794,Rpi__1,Sensor__4,2024/12/18 1:15,18.1,62.7,timer,3570
6798,Rpi__1,Sensor__4,2024/12/18 1:20,18.1,62.1,timer,3570
6802,Rpi__1,Sensor__4,2024/12/18 1:25,18.1,61.5,timer,3570
6806,Rpi__1,Sensor__4,2024/12/18 1:30,18.1,61.7,timer,3570
6810,Rpi__1,Sensor__4,2024/12/18 1:35,18,61.1,timer,3570
6814,Rpi__1,Sensor__4,2024/12/18 1:40,18,59.5,timer,3570
6818,Rpi__1,Sensor__4,2024/12/18 1:45,18,57.1,timer,3570
6822,Rpi__1,Sensor__4,2024/12/18 1:50,18,54.3,timer,3570
6826,Rpi__1,Sensor__4,2024/12/18 1:55,17.9,53.3,timer,3570
6830,Rpi__1,Sensor__4,2024/12/18 2:00,17.9,53.3,timer,3570
6834,Rpi__1,Sensor__4,2024/12/18 2:05,17.9,53.2,timer,3570
6838,Rpi__1,Sensor__4,2024/12/18 2:10,17.9,52.8,timer,3570
6842,Rpi__1,Sensor__4,2024/12/18 2:15,17.9,52.2,timer,3570
6846,Rpi__1,Sensor__4,2024/12/18 2:20,17.9,51.5,timer,3570
6850,Rpi__1,Sensor__4,2024/12/18 2:25,17.9,51.5,timer,3570
6854,Rpi__1,Sensor__4,2024/12/18 2:30,17.9,50,timer,3570
6858,Rpi__1,Sensor__4,2024/12/18 2:35,17.9,49,timer,3570
6862,Rpi__1,Sensor__4,2024/12/18 2:40,17.9,51.3,timer,3570
6866,Rpi__1,Sensor__4,2024/12/18 2:45,17.9,51.3,timer,3570
6870,Rpi__1,Sensor__4,2024/12/18 2:50,18,53.7,timer,3570
6874,Rpi__1,Sensor__4,2024/12/18 2:55,18,54.2,timer,3570
6878,Rpi__1,Sensor__4,2024/12/18 3:00,17.9,54.1,timer,3570
6882,Rpi__1,Sensor__4,2024/12/18 3:05,18,54.2,timer,3570
6886,Rpi__1,Sensor__4,2024/12/18 3:10,17.9,54.1,timer,3570
6890,Rpi__1,Sensor__4,2024/12/18 3:15,17.9,53.9,timer,3570
6894,Rpi__1,Sensor__4,2024/12/18 3:20,17.9,53.5,timer,3570
6898,Rpi__1,Sensor__4,2024/12/18 3:25,17.9,53.3,timer,3570
6902,Rpi__1,Sensor__4,2024/12/18 3:30,17.9,53.3,timer,3570
6906,Rpi__1,Sensor__4,2024/12/18 3:35,17.8,53.4,timer,3570
6910,Rpi__1,Sensor__4,2024/12/18 3:40,17.8,53.4,timer,3570
6914,Rpi__1,Sensor__4,2024/12/18 3:45,17.8,53.4,timer,3570
6918,Rpi__1,Sensor__4,2024/12/18 3:50,17.8,53.8,timer,3570
6922,Rpi__1,Sensor__4,2024/12/18 3:55,17.9,53.9,timer,3570
6926,Rpi__1,Sensor__4,2024/12/18 4:00,17.9,54.1,timer,3570
6930,Rpi__1,Sensor__4,2024/12/18 4:05,17.8,54.2,timer,3570
6934,Rpi__1,Sensor__4,2024/12/18 4:10,17.8,54.1,timer,3570
6938,Rpi__1,Sensor__4,2024/12/18 4:15,17.8,54.2,timer,3570
6942,Rpi__1,Sensor__4,2024/12/18 4:20,17.8,54.2,timer,3570
6946,Rpi__1,Sensor__4,2024/12/18 4:25,17.8,54.2,timer,3570
6950,Rpi__1,Sensor__4,2024/12/18 4:30,17.8,54.2,timer,3570
6954,Rpi__1,Sensor__4,2024/12/18 4:35,17.8,54.2,timer,3570
6958,Rpi__1,Sensor__4,2024/12/18 4:40,17.8,54.1,timer,3570
6962,Rpi__1,Sensor__4,2024/12/18 4:45,17.7,54,timer,3570
6966,Rpi__1,Sensor__4,2024/12/18 4:50,17.7,54,timer,3570
6970,Rpi__1,Sensor__4,2024/12/18 4:55,17.7,53.9,timer,3570
6974,Rpi__1,Sensor__4,2024/12/18 5:00,17.7,54,timer,3570
6978,Rpi__1,Sensor__4,2024/12/18 5:05,17.7,54.1,timer,3570
6982,Rpi__1,Sensor__4,2024/12/18 5:10,17.7,54.1,timer,3570
6986,Rpi__1,Sensor__4,2024/12/18 5:15,17.7,54.1,timer,3570
6990,Rpi__1,Sensor__4,2024/12/18 5:20,17.7,54,timer,3570
6994,Rpi__1,Sensor__4,2024/12/18 5:25,17.7,54,timer,3570
6998,Rpi__1,Sensor__4,2024/12/18 5:30,17.7,54,timer,3570
7002,Rpi__1,Sensor__4,2024/12/18 5:35,17.6,54,timer,3570
7006,Rpi__1,Sensor__4,2024/12/18 5:40,17.6,54.1,timer,3570
7010,Rpi__1,Sensor__4,2024/12/18 5:45,17.6,54.1,timer,3570
7014,Rpi__1,Sensor__4,2024/12/18 5:50,17.6,54.2,timer,3570
7018,Rpi__1,Sensor__4,2024/12/18 5:55,17.7,54.2,timer,3570
7022,Rpi__1,Sensor__4,2024/12/18 6:00,17.6,54.2,timer,3570
7026,Rpi__1,Sensor__4,2024/12/18 6:05,17.6,54.2,timer,3570
7030,Rpi__1,Sensor__4,2024/12/18 6:10,17.6,54.1,timer,3570
7034,Rpi__1,Sensor__4,2024/12/18 6:15,17.6,54.2,timer,3570
7038,Rpi__1,Sensor__4,2024/12/18 6:20,17.6,54.1,timer,3570
7042,Rpi__1,Sensor__4,2024/12/18 6:25,17.6,54.1,timer,3570
7046,Rpi__1,Sensor__4,2024/12/18 6:30,17.6,54.1,timer,3570
7050,Rpi__1,Sensor__4,2024/12/18 6:35,17.6,54.1,timer,3570
7054,Rpi__1,Sensor__4,2024/12/18 6:40,17.6,54,timer,3570
7058,Rpi__1,Sensor__4,2024/12/18 6:45,17.6,54,timer,3570
7062,Rpi__1,Sensor__4,2024/12/18 6:50,17.6,54.3,timer,3570
7066,Rpi__1,Sensor__4,2024/12/18 6:55,17.6,54.3,timer,3570
7070,Rpi__1,Sensor__4,2024/12/18 7:00,17.6,54.3,timer,3570
7074,Rpi__1,Sensor__4,2024/12/18 7:05,17.6,54.3,timer,3570
7078,Rpi__1,Sensor__4,2024/12/18 7:10,17.6,54.3,timer,3570
7082,Rpi__1,Sensor__4,2024/12/18 7:15,17.5,54.2,timer,3570
7086,Rpi__1,Sensor__4,2024/12/18 7:20,17.6,54.1,timer,3570
7090,Rpi__1,Sensor__4,2024/12/18 7:25,17.6,54,timer,3570
7094,Rpi__1,Sensor__4,2024/12/18 7:30,17.6,53.9,timer,3570
7098,Rpi__1,Sensor__4,2024/12/18 7:35,17.6,53.8,timer,3570
7102,Rpi__1,Sensor__4,2024/12/18 7:40,17.6,53.8,timer,3570
7106,Rpi__1,Sensor__4,2024/12/18 7:45,17.6,53.7,timer,3570
7110,Rpi__1,Sensor__4,2024/12/18 7:50,17.6,53.7,timer,3570
7114,Rpi__1,Sensor__4,2024/12/18 7:55,17.6,53.4,timer,3570
7118,Rpi__1,Sensor__4,2024/12/18 8:00,17.6,53.4,timer,3570
7122,Rpi__1,Sensor__4,2024/12/18 8:05,17.7,53.2,timer,3570
7126,Rpi__1,Sensor__4,2024/12/18 8:10,17.7,53.8,timer,3570
7130,Rpi__1,Sensor__4,2024/12/18 8:15,17.8,54.7,timer,3570
7134,Rpi__1,Sensor__4,2024/12/18 8:20,17.9,54.8,timer,3570
7138,Rpi__1,Sensor__4,2024/12/18 8:25,18,55.1,timer,3570
7142,Rpi__1,Sensor__4,2024/12/18 8:30,18,55.4,timer,3570
7146,Rpi__1,Sensor__4,2024/12/18 8:35,18.1,55.8,timer,3570
7150,Rpi__1,Sensor__4,2024/12/18 8:40,18.1,56.7,timer,3570
7154,Rpi__1,Sensor__4,2024/12/18 8:45,18.2,57.5,timer,3570
7158,Rpi__1,Sensor__4,2024/12/18 8:50,18.2,57.8,timer,3570
7162,Rpi__1,Sensor__4,2024/12/18 8:55,18.3,57.8,timer,3570
7166,Rpi__1,Sensor__4,2024/12/18 9:00,18.3,57.5,timer,3570
7170,Rpi__1,Sensor__4,2024/12/18 9:05,18.3,57.5,timer,3570
7174,Rpi__1,Sensor__4,2024/12/18 9:10,18.4,56.5,timer,3570
7178,Rpi__1,Sensor__4,2024/12/18 9:15,18.4,56.3,timer,3570
7182,Rpi__1,Sensor__4,2024/12/18 9:20,18.4,56.2,timer,3570
7186,Rpi__1,Sensor__4,2024/12/18 9:25,18.4,56.2,timer,3570
7190,Rpi__1,Sensor__4,2024/12/18 9:30,18.5,55.7,timer,3570
7194,Rpi__1,Sensor__4,2024/12/18 9:35,18.5,55.7,timer,3570
7198,Rpi__1,Sensor__4,2024/12/18 9:40,18.5,54.9,timer,43170
7202,Rpi__1,Sensor__4,2024/12/18 9:45,18.5,54.1,timer,43170
7206,Rpi__1,Sensor__4,2024/12/18 9:50,18.5,53.2,timer,3570
7210,Rpi__1,Sensor__4,2024/12/18 9:55,18.5,53.2,timer,3570
7214,Rpi__1,Sensor__4,2024/12/18 10:00,18.6,51.8,timer,3570
7218,Rpi__1,Sensor__4,2024/12/18 10:05,18.6,51.4,timer,3570
7222,Rpi__1,Sensor__4,2024/12/18 10:10,18.7,51.1,timer,3570
7226,Rpi__1,Sensor__4,2024/12/18 10:15,19,62.7,timer,3570
7230,Rpi__1,Sensor__4,2024/12/18 10:20,19.5,50,timer,3570
7234,Rpi__1,Sensor__4,2024/12/18 10:25,19.4,49.3,timer,3570
7238,Rpi__1,Sensor__4,2024/12/18 10:30,19.3,49.2,timer,3570
7242,Rpi__1,Sensor__4,2024/12/18 10:35,19.3,49.1,timer,3570
7246,Rpi__1,Sensor__4,2024/12/18 10:40,19.3,49,timer,3570
7250,Rpi__1,Sensor__4,2024/12/18 10:45,19.4,49,timer,3570
7254,Rpi__1,Sensor__4,2024/12/18 10:50,19.4,49.1,timer,3570
7258,Rpi__1,Sensor__4,2024/12/18 10:55,19.4,49.4,timer,3570
7262,Rpi__1,Sensor__4,2024/12/18 11:00,19.5,49.4,timer,3570
7266,Rpi__1,Sensor__4,2024/12/18 11:05,19.5,49.4,timer,3570
7270,Rpi__1,Sensor__4,2024/12/18 11:10,19.5,49.5,timer,3570
7274,Rpi__1,Sensor__4,2024/12/18 11:15,19.6,49.6,timer,3570
7278,Rpi__1,Sensor__4,2024/12/18 11:20,19.6,49.6,timer,3570
7282,Rpi__1,Sensor__4,2024/12/18 11:25,19.6,49.5,timer,3570
7286,Rpi__1,Sensor__4,2024/12/18 11:30,19.6,49.4,timer,3570
7290,Rpi__1,Sensor__4,2024/12/18 11:35,19.6,49.3,timer,3570
7293,Rpi__1,Sensor__4,2024/12/18 11:40,21.2,48,timer,10
7297,Rpi__1,Sensor__4,2024/12/18 11:45,21.4,48.2,timer,10
7300,Rpi__1,Sensor__4,2024/12/18 11:45,22.1,49.4,timer,10
7304,Rpi__1,Sensor__4,2024/12/18 11:50,22.1,48.9,timer,10
7308,Rpi__1,Sensor__4,2024/12/18 11:55,22,52.3,timer,10
7312,Rpi__1,Sensor__4,2024/12/18 12:00,22,52.3,timer,10
7316,Rpi__1,Sensor__4,2024/12/18 12:05,22,52.6,timer,10
7320,Rpi__1,Sensor__4,2024/12/18 12:10,21.8,52.7,timer,10
7324,Rpi__1,Sensor__4,2024/12/18 12:15,21.6,52.6,timer,10
7328,Rpi__1,Sensor__4,2024/12/18 12:20,21.4,52.7,timer,10
7332,Rpi__1,Sensor__4,2024/12/18 12:25,21.3,52.7,timer,10
7336,Rpi__1,Sensor__4,2024/12/18 12:30,21.2,52.7,timer,10
7340,Rpi__1,Sensor__4,2024/12/18 12:35,21,52.6,timer,10
7344,Rpi__1,Sensor__4,2024/12/18 12:40,20.9,52.7,timer,10
7348,Rpi__1,Sensor__4,2024/12/18 12:45,20.9,52.6,timer,3570
7352,Rpi__1,Sensor__4,2024/12/18 12:50,20.7,52.6,timer,3570
7356,Rpi__1,Sensor__4,2024/12/18 12:55,20.7,52.5,timer,3570
7360,Rpi__1,Sensor__4,2024/12/18 13:00,20.7,52.5,timer,3570
7364,Rpi__1,Sensor__4,2024/12/18 13:05,20.6,52.4,timer,3570
7368,Rpi__1,Sensor__4,2024/12/18 13:10,20.6,52.4,timer,3570
7372,Rpi__1,Sensor__4,2024/12/18 13:15,20.5,52.5,timer,3570
7376,Rpi__1,Sensor__4,2024/12/18 13:20,20.5,52.3,timer,3570
7380,Rpi__1,Sensor__4,2024/12/18 13:25,20.4,52.3,timer,3570
7384,Rpi__1,Sensor__4,2024/12/18 13:30,20.4,52.3,timer,3570
7388,Rpi__1,Sensor__4,2024/12/18 13:35,20.4,52.3,timer,3570
7392,Rpi__1,Sensor__4,2024/12/18 13:40,20.4,52.3,timer,3570
7396,Rpi__1,Sensor__4,2024/12/18 13:45,20.4,52.2,timer,3570
7400,Rpi__1,Sensor__4,2024/12/18 13:50,20.4,52.2,timer,3570
7404,Rpi__1,Sensor__4,2024/12/18 13:55,20.4,52.2,timer,3570
7408,Rpi__1,Sensor__4,2024/12/18 14:00,20.4,52.2,timer,3570
7412,Rpi__1,Sensor__4,2024/12/18 14:05,20.4,52.2,timer,3570
7416,Rpi__1,Sensor__4,2024/12/18 14:10,20.4,52.3,timer,3570
7420,Rpi__1,Sensor__4,2024/12/18 14:15,20.4,52.2,timer,3570
7424,Rpi__1,Sensor__4,2024/12/18 14:20,20.5,52.2,timer,3570
7428,Rpi__1,Sensor__4,2024/12/18 14:25,20.5,52.2,timer,3570
7432,Rpi__1,Sensor__4,2024/12/18 14:30,20.5,52.2,timer,3570
7436,Rpi__1,Sensor__4,2024/12/18 14:35,20.5,52.2,timer,3570
7440,Rpi__1,Sensor__4,2024/12/18 14:40,20.5,52.2,timer,3570
7444,Rpi__1,Sensor__4,2024/12/18 14:45,20.5,52.1,timer,3570
7448,Rpi__1,Sensor__4,2024/12/18 14:50,20.6,52,timer,3570
7452,Rpi__1,Sensor__4,2024/12/18 14:55,20.5,52,timer,3570
7456,Rpi__1,Sensor__4,2024/12/18 15:00,20.5,51.9,timer,3570
7460,Rpi__1,Sensor__4,2024/12/18 15:05,20.5,51.9,timer,3570
7464,Rpi__1,Sensor__4,2024/12/18 15:10,20.6,51.9,timer,3570
7468,Rpi__1,Sensor__4,2024/12/18 15:15,20.6,51.9,timer,3570
7472,Rpi__1,Sensor__4,2024/12/18 15:20,20.6,51.9,timer,3570
7476,Rpi__1,Sensor__4,2024/12/18 15:25,20.6,51.9,timer,3570
7480,Rpi__1,Sensor__4,2024/12/18 15:30,20.6,51.9,timer,3570
7484,Rpi__1,Sensor__4,2024/12/18 15:35,20.6,51.9,timer,3570
7488,Rpi__1,Sensor__4,2024/12/18 15:40,20.6,51.9,timer,3570
7492,Rpi__1,Sensor__4,2024/12/18 15:45,20.5,51.9,timer,3570
7496,Rpi__1,Sensor__4,2024/12/18 15:50,20.5,52,timer,3570
7500,Rpi__1,Sensor__4,2024/12/18 15:55,20.5,52,timer,3570
7504,Rpi__1,Sensor__4,2024/12/18 16:00,20.5,52,timer,3570
7508,Rpi__1,Sensor__4,2024/12/18 16:05,20.5,51.9,timer,3570
7512,Rpi__1,Sensor__4,2024/12/18 16:10,20.5,51.7,timer,3570
7516,Rpi__1,Sensor__4,2024/12/18 16:15,20.4,51.3,timer,3570
7520,Rpi__1,Sensor__4,2024/12/18 16:20,20.4,50.8,timer,3570
7524,Rpi__1,Sensor__4,2024/12/18 16:25,20.4,51,timer,3570
7528,Rpi__1,Sensor__4,2024/12/18 16:30,20.4,50.5,timer,3570
7532,Rpi__1,Sensor__4,2024/12/18 16:35,20.4,50.1,timer,3570
7536,Rpi__1,Sensor__4,2024/12/18 16:40,20.4,50.1,timer,3570
7540,Rpi__1,Sensor__4,2024/12/18 16:45,20.3,49.5,timer,3570
7544,Rpi__1,Sensor__4,2024/12/18 16:50,20.4,49.4,timer,3570
7548,Rpi__1,Sensor__4,2024/12/18 16:55,20.3,49.2,timer,3570
7552,Rpi__1,Sensor__4,2024/12/18 17:00,20.3,49.1,timer,3570
7556,Rpi__1,Sensor__4,2024/12/18 17:05,20.3,49.1,timer,3570
7560,Rpi__1,Sensor__4,2024/12/18 17:10,20.3,48.9,timer,3570
7564,Rpi__1,Sensor__4,2024/12/18 17:15,20.3,48.6,timer,3570
7568,Rpi__1,Sensor__4,2024/12/18 17:20,20.3,48.5,timer,3570
7572,Rpi__1,Sensor__4,2024/12/18 17:25,20.3,48.8,timer,3570
7576,Rpi__1,Sensor__4,2024/12/18 17:30,20.2,49.2,timer,3570
7580,Rpi__1,Sensor__4,2024/12/18 17:35,20.2,49,timer,3570
7584,Rpi__1,Sensor__4,2024/12/18 17:40,20.2,49.1,timer,3570
7588,Rpi__1,Sensor__4,2024/12/18 17:45,20.2,49,timer,3570
7592,Rpi__1,Sensor__4,2024/12/18 17:50,20.2,48.8,timer,3570
7596,Rpi__1,Sensor__4,2024/12/18 17:55,20.2,48.8,timer,3570
7600,Rpi__1,Sensor__4,2024/12/18 18:00,20.1,48.6,timer,3570
7604,Rpi__1,Sensor__4,2024/12/18 18:05,20.1,48.5,timer,3570
7608,Rpi__1,Sensor__4,2024/12/18 18:10,20.1,48.5,timer,3570
7612,Rpi__1,Sensor__4,2024/12/18 18:15,20.1,47.7,timer,3570
7616,Rpi__1,Sensor__4,2024/12/18 18:20,20.1,48.9,timer,3570
7620,Rpi__1,Sensor__4,2024/12/18 18:25,20,48.5,timer,3570
7624,Rpi__1,Sensor__4,2024/12/18 18:30,20,48.5,timer,3570
7628,Rpi__1,Sensor__4,2024/12/18 18:35,20,48.4,timer,3570
7632,Rpi__1,Sensor__4,2024/12/18 18:40,20,48,timer,3570
7636,Rpi__1,Sensor__4,2024/12/18 18:45,20,47.7,timer,3570
7640,Rpi__1,Sensor__4,2024/12/18 18:50,20,47.6,timer,3570
7644,Rpi__1,Sensor__4,2024/12/18 18:55,20,47.4,timer,3570
7648,Rpi__1,Sensor__4,2024/12/18 19:00,20,47.3,timer,3570
7652,Rpi__1,Sensor__4,2024/12/18 19:05,20,47.3,timer,3570
7656,Rpi__1,Sensor__4,2024/12/18 19:10,20,47.2,timer,3570
7660,Rpi__1,Sensor__4,2024/12/18 19:15,20,47.1,timer,3570
7664,Rpi__1,Sensor__4,2024/12/18 19:20,19.9,47.1,timer,3570
7668,Rpi__1,Sensor__4,2024/12/18 19:25,20,46.9,timer,3570
7672,Rpi__1,Sensor__4,2024/12/18 19:30,20,46.8,timer,3570
7676,Rpi__1,Sensor__4,2024/12/18 19:35,20,46.8,timer,3570
7680,Rpi__1,Sensor__4,2024/12/18 19:40,20,46.8,timer,3570
7684,Rpi__1,Sensor__4,2024/12/18 19:45,20,46.7,timer,3570
7688,Rpi__1,Sensor__4,2024/12/18 19:50,20,46.9,timer,3570
7692,Rpi__1,Sensor__4,2024/12/18 19:55,20,47.2,timer,3570
7696,Rpi__1,Sensor__4,2024/12/18 20:00,20,47.9,timer,3570
7700,Rpi__1,Sensor__4,2024/12/18 20:05,20,48.5,timer,3570
7704,Rpi__1,Sensor__4,2024/12/18 20:10,20,48.8,timer,3570
7708,Rpi__1,Sensor__4,2024/12/18 20:15,19.9,48.7,timer,3570
7712,Rpi__1,Sensor__4,2024/12/18 20:20,19.9,48.7,timer,3570
7716,Rpi__1,Sensor__4,2024/12/18 20:25,19.8,48.8,timer,3570
7720,Rpi__1,Sensor__4,2024/12/18 20:30,19.8,48.8,timer,3570
7724,Rpi__1,Sensor__4,2024/12/18 20:35,19.7,48.8,timer,3570
7728,Rpi__1,Sensor__4,2024/12/18 20:40,19.6,48.9,timer,3570
7732,Rpi__1,Sensor__4,2024/12/18 20:45,19.6,49,timer,3570
7736,Rpi__1,Sensor__4,2024/12/18 20:50,19.5,49,timer,3570
7740,Rpi__1,Sensor__4,2024/12/18 20:55,19.5,49,timer,3570
7744,Rpi__1,Sensor__4,2024/12/18 21:00,19.4,49,timer,3570
7748,Rpi__1,Sensor__4,2024/12/18 21:05,19.4,49,timer,3570
7752,Rpi__1,Sensor__4,2024/12/18 21:10,19.4,49.2,timer,3570
7756,Rpi__1,Sensor__4,2024/12/18 21:15,19.3,49.2,timer,3570
7760,Rpi__1,Sensor__4,2024/12/18 21:20,19.3,49.2,timer,3570
7764,Rpi__1,Sensor__4,2024/12/18 21:25,19.3,49.3,timer,3570
7768,Rpi__1,Sensor__4,2024/12/18 21:30,19.2,49.2,timer,3570
7772,Rpi__1,Sensor__4,2024/12/18 21:35,19.2,49.3,timer,3570
7776,Rpi__1,Sensor__4,2024/12/18 21:40,19.2,49.2,timer,3570
7780,Rpi__1,Sensor__4,2024/12/18 21:45,19.2,49.3,timer,3570
7784,Rpi__1,Sensor__4,2024/12/18 21:50,19.2,49.3,timer,3570
7788,Rpi__1,Sensor__4,2024/12/18 21:55,19.1,49.3,timer,3570
7792,Rpi__1,Sensor__4,2024/12/18 22:00,19.1,49.3,timer,3570
7796,Rpi__1,Sensor__4,2024/12/18 22:05,19.1,49.3,timer,3570
7800,Rpi__1,Sensor__4,2024/12/18 22:10,19,49.4,timer,3570
7804,Rpi__1,Sensor__4,2024/12/18 22:15,19,49.5,timer,3570
7808,Rpi__1,Sensor__4,2024/12/18 22:20,19,49.5,timer,3570
7812,Rpi__1,Sensor__4,2024/12/18 22:25,18.9,49.6,timer,3570
7816,Rpi__1,Sensor__4,2024/12/18 22:30,18.9,49.5,timer,3570
7820,Rpi__1,Sensor__4,2024/12/18 22:35,18.9,49.4,timer,3570
7824,Rpi__1,Sensor__4,2024/12/18 22:40,18.9,49.4,timer,3570
7828,Rpi__1,Sensor__4,2024/12/18 22:45,18.8,49.3,timer,3570
7832,Rpi__1,Sensor__4,2024/12/18 22:50,18.8,49.3,timer,3570
7836,Rpi__1,Sensor__4,2024/12/18 22:55,18.8,48.6,timer,3570
7840,Rpi__1,Sensor__4,2024/12/18 23:00,18.8,48.5,timer,3570
7844,Rpi__1,Sensor__4,2024/12/18 23:05,18.7,48.5,timer,3570
7848,Rpi__1,Sensor__4,2024/12/18 23:10,18.7,48.4,timer,3570
7852,Rpi__1,Sensor__4,2024/12/18 23:15,18.7,48.7,timer,3570
7856,Rpi__1,Sensor__4,2024/12/18 23:20,18.7,49.1,timer,3570
7860,Rpi__1,Sensor__4,2024/12/18 23:25,18.7,48.4,timer,3570
7864,Rpi__1,Sensor__4,2024/12/18 23:30,18.6,48.3,timer,3570
7868,Rpi__1,Sensor__4,2024/12/18 23:35,18.7,48.3,timer,3570
7872,Rpi__1,Sensor__4,2024/12/18 23:40,18.6,48.3,timer,3570
7876,Rpi__1,Sensor__4,2024/12/18 23:45,18.6,48.5,timer,43170
7880,Rpi__1,Sensor__4,2024/12/18 23:50,18.6,48,timer,43170
7884,Rpi__1,Sensor__4,2024/12/18 23:55,18.6,47.6,timer,43170
7888,Rpi__1,Sensor__4,2024/12/19 0:00,18.6,47,timer,43170
7892,Rpi__1,Sensor__4,2024/12/19 0:05,18.6,46.8,timer,43170
7896,Rpi__1,Sensor__4,2024/12/19 0:10,18.6,47.6,timer,43170
7900,Rpi__1,Sensor__4,2024/12/19 0:15,18.5,48.1,timer,43170
7904,Rpi__1,Sensor__4,2024/12/19 0:20,18.5,48,timer,43170
7908,Rpi__1,Sensor__4,2024/12/19 0:25,18.5,47.3,timer,43170
7912,Rpi__1,Sensor__4,2024/12/19 0:30,18.5,46.8,timer,43170
7916,Rpi__1,Sensor__4,2024/12/19 0:35,18.5,46.9,timer,43170
7920,Rpi__1,Sensor__4,2024/12/19 0:40,18.5,46.5,timer,43170
7924,Rpi__1,Sensor__4,2024/12/19 0:45,18.5,46,timer,3570
7928,Rpi__1,Sensor__4,2024/12/19 0:50,18.5,46.4,timer,3570
7932,Rpi__1,Sensor__4,2024/12/19 0:55,18.4,45.7,timer,3570
7936,Rpi__1,Sensor__4,2024/12/19 1:00,18.5,45.5,timer,3570
7940,Rpi__1,Sensor__4,2024/12/19 1:05,18.4,45.5,timer,3570
7944,Rpi__1,Sensor__4,2024/12/19 1:10,18.4,44.6,timer,3570
7948,Rpi__1,Sensor__4,2024/12/19 1:15,18.4,45.1,timer,3570
7952,Rpi__1,Sensor__4,2024/12/19 1:20,18.4,45.7,timer,3570
7956,Rpi__1,Sensor__4,2024/12/19 1:25,18.4,44.6,timer,3570
7960,Rpi__1,Sensor__4,2024/12/19 1:30,18.4,45.1,timer,3570
7964,Rpi__1,Sensor__4,2024/12/19 1:35,18.4,45.3,timer,3570
7968,Rpi__1,Sensor__4,2024/12/19 1:40,18.4,45.1,timer,3570
7972,Rpi__1,Sensor__4,2024/12/19 1:45,18.4,45.1,timer,3570
7976,Rpi__1,Sensor__4,2024/12/19 1:50,18.4,43.9,timer,3570
7980,Rpi__1,Sensor__4,2024/12/19 1:55,18.4,44,timer,3570
7984,Rpi__1,Sensor__4,2024/12/19 2:00,18.4,44.8,timer,3570
7988,Rpi__1,Sensor__4,2024/12/19 2:05,18.4,44.9,timer,3570
7992,Rpi__1,Sensor__4,2024/12/19 2:10,18.4,44.9,timer,3570
7996,Rpi__1,Sensor__4,2024/12/19 2:15,18.3,45.4,timer,3570
8000,Rpi__1,Sensor__4,2024/12/19 2:20,18.3,45.4,timer,3570
8004,Rpi__1,Sensor__4,2024/12/19 2:25,18.3,43.9,timer,3570
8008,Rpi__1,Sensor__4,2024/12/19 2:30,18.3,44.3,timer,3570
8012,Rpi__1,Sensor__4,2024/12/19 2:35,18.3,43.9,timer,3570
8016,Rpi__1,Sensor__4,2024/12/19 2:40,18.3,44,timer,3570
8020,Rpi__1,Sensor__4,2024/12/19 2:45,18.3,44,timer,3570
8024,Rpi__1,Sensor__4,2024/12/19 2:50,18.3,44.4,timer,3570
8028,Rpi__1,Sensor__4,2024/12/19 2:55,18.2,44.6,timer,3570
8032,Rpi__1,Sensor__4,2024/12/19 3:00,18.2,44.4,timer,3570
8036,Rpi__1,Sensor__4,2024/12/19 3:05,18.2,45,timer,3570
8040,Rpi__1,Sensor__4,2024/12/19 3:10,18.2,46.2,timer,3570
8044,Rpi__1,Sensor__4,2024/12/19 3:15,18.2,46.3,timer,3570
8048,Rpi__1,Sensor__4,2024/12/19 3:20,18.2,45.5,timer,3570
8052,Rpi__1,Sensor__4,2024/12/19 3:30,18.2,44.6,timer,3570
8056,Rpi__1,Sensor__4,2024/12/19 3:35,18.1,45,timer,3570
8060,Rpi__1,Sensor__4,2024/12/19 3:40,18.2,45.2,timer,3570
8064,Rpi__1,Sensor__4,2024/12/19 3:45,18.2,45.6,timer,3570
8068,Rpi__1,Sensor__4,2024/12/19 3:50,18.1,44.8,timer,3570
8072,Rpi__1,Sensor__4,2024/12/19 3:55,18.1,45.3,timer,3570
8076,Rpi__1,Sensor__4,2024/12/19 4:00,18.1,45.4,timer,3570
8080,Rpi__1,Sensor__4,2024/12/19 4:05,18.2,45.5,timer,3570
8084,Rpi__1,Sensor__4,2024/12/19 4:10,18.1,44.7,timer,3570
8088,Rpi__1,Sensor__4,2024/12/19 4:15,18.1,44.7,timer,3570
8092,Rpi__1,Sensor__4,2024/12/19 4:20,18.1,45.4,timer,3570
8096,Rpi__1,Sensor__4,2024/12/19 4:25,18.1,45.1,timer,3570
8100,Rpi__1,Sensor__4,2024/12/19 4:30,18.1,44.5,timer,3570
8104,Rpi__1,Sensor__4,2024/12/19 4:35,18.1,44.3,timer,3570
8108,Rpi__1,Sensor__4,2024/12/19 4:40,18.1,44.3,timer,3570
8112,Rpi__1,Sensor__4,2024/12/19 4:45,18.1,45.1,timer,3570
8116,Rpi__1,Sensor__4,2024/12/19 4:50,18.1,45.1,timer,3570
8120,Rpi__1,Sensor__4,2024/12/19 4:55,18,46.1,timer,3570
8124,Rpi__1,Sensor__4,2024/12/19 5:00,18,45.7,timer,3570
8128,Rpi__1,Sensor__4,2024/12/19 5:05,18,45.4,timer,3570
8132,Rpi__1,Sensor__4,2024/12/19 5:10,18,45,timer,3570
8136,Rpi__1,Sensor__4,2024/12/19 5:15,18,44.6,timer,3570
8140,Rpi__1,Sensor__4,2024/12/19 5:20,18,45,timer,3570
8144,Rpi__1,Sensor__4,2024/12/19 5:25,17.9,45,timer,3570
8148,Rpi__1,Sensor__4,2024/12/19 5:30,17.9,44.7,timer,3570
8152,Rpi__1,Sensor__4,2024/12/19 5:35,17.9,45,timer,3570
8156,Rpi__1,Sensor__4,2024/12/19 5:40,17.9,45,timer,3570
8160,Rpi__1,Sensor__4,2024/12/19 5:45,17.9,44.3,timer,3570
8164,Rpi__1,Sensor__4,2024/12/19 5:50,17.9,44.7,timer,3570
8168,Rpi__1,Sensor__4,2024/12/19 5:55,17.9,45.6,timer,3570
8172,Rpi__1,Sensor__4,2024/12/19 6:00,17.9,45.2,timer,3570
8176,Rpi__1,Sensor__4,2024/12/19 6:05,17.8,44.8,timer,3570
8180,Rpi__1,Sensor__4,2024/12/19 6:10,17.8,44.7,timer,3570
8184,Rpi__1,Sensor__4,2024/12/19 6:15,17.8,44.7,timer,3570
8188,Rpi__1,Sensor__4,2024/12/19 6:20,17.8,44.8,timer,3570
8192,Rpi__1,Sensor__4,2024/12/19 6:25,17.8,45,timer,3570
8196,Rpi__1,Sensor__4,2024/12/19 6:30,17.8,44.7,timer,3570
8200,Rpi__1,Sensor__4,2024/12/19 6:35,17.7,44.6,timer,3570
8204,Rpi__1,Sensor__4,2024/12/19 6:40,17.7,45.3,timer,3570
8208,Rpi__1,Sensor__4,2024/12/19 6:45,17.7,45.7,timer,3570
8212,Rpi__1,Sensor__4,2024/12/19 6:50,17.7,46.1,timer,3570
8216,Rpi__1,Sensor__4,2024/12/19 6:55,17.7,45.8,timer,3570
8220,Rpi__1,Sensor__4,2024/12/19 7:00,17.7,45.5,timer,3570
8224,Rpi__1,Sensor__4,2024/12/19 7:05,17.7,45.9,timer,3570
8228,Rpi__1,Sensor__4,2024/12/19 7:10,17.6,45.8,timer,3570
8232,Rpi__1,Sensor__4,2024/12/19 7:15,17.6,45.9,timer,3570
8236,Rpi__1,Sensor__4,2024/12/19 7:20,17.6,46,timer,3570
8240,Rpi__1,Sensor__4,2024/12/19 7:25,17.6,45.9,timer,3570
8244,Rpi__1,Sensor__4,2024/12/19 7:30,17.6,46.3,timer,3570
8248,Rpi__1,Sensor__4,2024/12/19 7:35,17.6,46.6,timer,3570
8252,Rpi__1,Sensor__4,2024/12/19 7:40,17.6,46.4,timer,3570
8256,Rpi__1,Sensor__4,2024/12/19 7:45,17.6,46.1,timer,3570
8260,Rpi__1,Sensor__4,2024/12/19 7:50,17.5,46.7,timer,3570
8264,Rpi__1,Sensor__4,2024/12/19 7:55,17.6,47.1,timer,3570
8268,Rpi__1,Sensor__4,2024/12/19 8:00,17.5,47.7,timer,3570
8272,Rpi__1,Sensor__4,2024/12/19 8:05,17.6,48.3,timer,3570
8276,Rpi__1,Sensor__4,2024/12/19 8:10,17.6,48.4,timer,3570
8280,Rpi__1,Sensor__4,2024/12/19 8:15,17.7,48.3,timer,3570
8284,Rpi__1,Sensor__4,2024/12/19 8:20,17.7,47.8,timer,3570
8288,Rpi__1,Sensor__4,2024/12/19 8:25,17.8,47.6,timer,3570
8292,Rpi__1,Sensor__4,2024/12/19 8:30,17.9,47.4,timer,3570
8296,Rpi__1,Sensor__4,2024/12/19 8:35,17.9,47.3,timer,3570
8300,Rpi__1,Sensor__4,2024/12/19 8:40,18,47,timer,3570
8304,Rpi__1,Sensor__4,2024/12/19 8:45,18,46.8,timer,3570
8308,Rpi__1,Sensor__4,2024/12/19 8:50,18.1,46.7,timer,3570
8312,Rpi__1,Sensor__4,2024/12/19 8:55,18.1,46.6,timer,3570
8316,Rpi__1,Sensor__4,2024/12/19 9:00,18.2,46.7,timer,3570
8320,Rpi__1,Sensor__4,2024/12/19 9:05,18.2,46.7,timer,3570
8324,Rpi__1,Sensor__4,2024/12/19 9:10,18.3,46.8,timer,3570
8328,Rpi__1,Sensor__4,2024/12/19 9:15,18.3,46.9,timer,3570
8332,Rpi__1,Sensor__4,2024/12/19 9:20,18.4,47,timer,3570
8336,Rpi__1,Sensor__4,2024/12/19 9:25,18.4,47.1,timer,3570
8340,Rpi__1,Sensor__4,2024/12/19 9:30,18.5,47.2,timer,3570
8344,Rpi__1,Sensor__4,2024/12/19 9:35,18.5,47.3,timer,3570
8348,Rpi__1,Sensor__4,2024/12/19 9:40,18.5,47.4,timer,3570
8352,Rpi__1,Sensor__4,2024/12/19 9:45,18.6,47.4,timer,3570
8356,Rpi__1,Sensor__4,2024/12/19 9:50,18.6,47.6,timer,3570
8360,Rpi__1,Sensor__4,2024/12/19 9:55,18.7,47.7,timer,3570
8364,Rpi__1,Sensor__4,2024/12/19 10:00,18.7,47.7,timer,3570
8368,Rpi__1,Sensor__4,2024/12/19 10:05,18.8,47.8,timer,3570
8372,Rpi__1,Sensor__4,2024/12/19 10:10,18.8,47.9,timer,3570
8376,Rpi__1,Sensor__4,2024/12/19 10:15,18.9,48,timer,3570
8380,Rpi__1,Sensor__4,2024/12/19 10:20,18.9,48,timer,3570
8384,Rpi__1,Sensor__4,2024/12/19 10:25,18.9,48.1,timer,3570
8388,Rpi__1,Sensor__4,2024/12/19 10:30,18.9,48.1,timer,3570
8392,Rpi__1,Sensor__4,2024/12/19 10:35,19,48.2,timer,3570
8396,Rpi__1,Sensor__4,2024/12/19 10:40,19,48.2,timer,3570
8400,Rpi__1,Sensor__4,2024/12/19 10:45,19.1,48.2,timer,3570
8404,Rpi__1,Sensor__4,2024/12/19 10:50,19.3,48.8,timer,3570
8408,Rpi__1,Sensor__4,2024/12/19 10:55,19.5,48.2,timer,3570
8412,Rpi__1,Sensor__4,2024/12/19 11:00,19.5,48.9,timer,3570
8416,Rpi__1,Sensor__4,2024/12/19 11:05,19.5,48.9,timer,3570
8420,Rpi__1,Sensor__4,2024/12/19 11:10,19.5,49.8,timer,3570
8424,Rpi__1,Sensor__4,2024/12/19 11:15,19.5,50.5,timer,3570
8428,Rpi__1,Sensor__4,2024/12/19 11:20,19.5,51.1,timer,3570
8432,Rpi__1,Sensor__4,2024/12/19 11:25,19.5,51.3,timer,3570
8436,Rpi__1,Sensor__4,2024/12/19 11:30,19.4,50.5,timer,3570
8440,Rpi__1,Sensor__4,2024/12/19 11:35,19.4,50.6,timer,3570
8444,Rpi__1,Sensor__4,2024/12/19 11:40,19.4,50.7,timer,3570
8448,Rpi__1,Sensor__4,2024/12/19 11:45,19.4,50.8,timer,43170
8452,Rpi__1,Sensor__4,2024/12/19 11:50,19.4,51,timer,43170
8456,Rpi__1,Sensor__4,2024/12/19 11:55,19.4,50.9,timer,43170
8460,Rpi__1,Sensor__4,2024/12/19 12:00,19.5,51.1,timer,43170
8464,Rpi__1,Sensor__4,2024/12/19 12:05,19.5,51.2,timer,43170
8468,Rpi__1,Sensor__4,2024/12/19 12:10,19.4,51.2,timer,43170
8472,Rpi__1,Sensor__4,2024/12/19 12:15,19.4,51.3,timer,43170
8476,Rpi__1,Sensor__4,2024/12/19 12:20,19.4,51.5,timer,43170
8480,Rpi__1,Sensor__4,2024/12/19 12:25,19.4,51.6,timer,43170
8484,Rpi__1,Sensor__4,2024/12/19 12:30,19.4,51.7,timer,43170
8488,Rpi__1,Sensor__4,2024/12/19 12:35,19.4,51.8,timer,43170
8492,Rpi__1,Sensor__4,2024/12/19 12:40,19.5,52,timer,43170
8496,Rpi__1,Sensor__4,2024/12/19 12:45,19.4,52.1,timer,43170
8500,Rpi__1,Sensor__4,2024/12/19 12:50,19.5,52.2,timer,3570
8504,Rpi__1,Sensor__4,2024/12/19 12:55,19.5,52.3,timer,3570
8508,Rpi__1,Sensor__4,2024/12/19 13:00,19.5,52.4,timer,3570
8512,Rpi__1,Sensor__4,2024/12/19 13:05,19.5,52.5,timer,3570
8516,Rpi__1,Sensor__4,2024/12/19 13:10,19.5,52.6,timer,3570
8520,Rpi__1,Sensor__4,2024/12/19 13:15,19.5,52.6,timer,3570
8524,Rpi__1,Sensor__4,2024/12/19 13:20,19.5,52.7,timer,3570
8528,Rpi__1,Sensor__4,2024/12/19 13:25,19.5,52.8,timer,3570
8532,Rpi__1,Sensor__4,2024/12/19 13:30,19.5,52.8,timer,3570
8536,Rpi__1,Sensor__4,2024/12/19 13:35,19.5,52.8,timer,3570
8540,Rpi__1,Sensor__4,2024/12/19 13:40,19.5,52.7,timer,3570
8544,Rpi__1,Sensor__4,2024/12/19 13:45,19.5,52.6,timer,3570
8548,Rpi__1,Sensor__4,2024/12/19 13:50,19.5,52.6,timer,3570
8552,Rpi__1,Sensor__4,2024/12/19 13:55,19.5,52.4,timer,3570
8556,Rpi__1,Sensor__4,2024/12/19 14:00,19.6,52.5,timer,3570
8560,Rpi__1,Sensor__4,2024/12/19 14:05,19.6,52.5,timer,3570
8564,Rpi__1,Sensor__4,2024/12/19 14:10,19.6,52.4,timer,3570
8568,Rpi__1,Sensor__4,2024/12/19 14:15,19.6,52.4,timer,3570
8572,Rpi__1,Sensor__4,2024/12/19 14:20,19.6,52.4,timer,3570
8576,Rpi__1,Sensor__4,2024/12/19 14:25,19.6,52.3,timer,3570
8580,Rpi__1,Sensor__4,2024/12/19 14:30,19.6,52.1,timer,3570
8584,Rpi__1,Sensor__4,2024/12/19 14:35,19.6,52.1,timer,3570
8588,Rpi__1,Sensor__4,2024/12/19 14:40,19.6,52,timer,3570
8592,Rpi__1,Sensor__4,2024/12/19 14:45,19.6,51.8,timer,3570
8596,Rpi__1,Sensor__4,2024/12/19 14:50,19.7,51.9,timer,3570
8600,Rpi__1,Sensor__4,2024/12/19 14:55,19.7,51.6,timer,3570
8604,Rpi__1,Sensor__4,2024/12/19 15:00,19.7,51.7,timer,3570
8608,Rpi__1,Sensor__4,2024/12/19 15:05,19.7,51.7,timer,3570
8612,Rpi__1,Sensor__4,2024/12/19 15:10,19.7,51.6,timer,3570
8616,Rpi__1,Sensor__4,2024/12/19 15:15,19.7,51.6,timer,3570
8620,Rpi__1,Sensor__4,2024/12/19 15:20,19.7,51.7,timer,3570
8624,Rpi__1,Sensor__4,2024/12/19 15:25,19.7,51.7,timer,3570
8628,Rpi__1,Sensor__4,2024/12/19 15:30,19.7,51.6,timer,3570
8632,Rpi__1,Sensor__4,2024/12/19 15:35,19.7,51.4,timer,3570
8636,Rpi__1,Sensor__4,2024/12/19 15:40,19.7,51.5,timer,3570
8640,Rpi__1,Sensor__4,2024/12/19 15:45,19.7,51.6,timer,3570
8644,Rpi__1,Sensor__4,2024/12/19 15:50,19.7,51.6,timer,3570
8648,Rpi__1,Sensor__4,2024/12/19 15:55,19.7,51.1,timer,3570
8652,Rpi__1,Sensor__4,2024/12/19 16:00,19.8,50.9,timer,3570
8656,Rpi__1,Sensor__4,2024/12/19 16:05,19.8,50.8,timer,3570
8660,Rpi__1,Sensor__4,2024/12/19 16:10,19.7,51.1,timer,3570
8664,Rpi__1,Sensor__4,2024/12/19 16:15,19.8,50.6,timer,3570
8668,Rpi__1,Sensor__4,2024/12/19 16:20,19.8,50,timer,3570
8672,Rpi__1,Sensor__4,2024/12/19 16:25,19.8,50.6,timer,3570
8676,Rpi__1,Sensor__4,2024/12/19 16:30,19.8,50.5,timer,3570
8680,Rpi__1,Sensor__4,2024/12/19 16:35,19.8,50,timer,3570
8684,Rpi__1,Sensor__4,2024/12/19 16:40,19.8,49.6,timer,3570
8688,Rpi__1,Sensor__4,2024/12/19 16:45,19.8,49.8,timer,3570
8692,Rpi__1,Sensor__4,2024/12/19 16:50,19.8,49.8,timer,3570
8696,Rpi__1,Sensor__4,2024/12/19 16:55,19.8,49.5,timer,3570
8700,Rpi__1,Sensor__4,2024/12/19 17:00,19.9,49.7,timer,3570
8704,Rpi__1,Sensor__4,2024/12/19 17:05,19.9,49.5,timer,3570
8708,Rpi__1,Sensor__4,2024/12/19 17:10,19.9,49.1,timer,3570
8712,Rpi__1,Sensor__4,2024/12/19 17:15,19.9,49.1,timer,3570
8716,Rpi__1,Sensor__4,2024/12/19 17:20,19.9,48.8,timer,3570
8720,Rpi__1,Sensor__4,2024/12/19 17:25,19.9,49.1,timer,3570
8724,Rpi__1,Sensor__4,2024/12/19 17:30,19.9,48.5,timer,3570
8728,Rpi__1,Sensor__4,2024/12/19 17:35,19.9,48.7,timer,3570
8732,Rpi__1,Sensor__4,2024/12/19 17:40,19.9,48.6,timer,3570
8736,Rpi__1,Sensor__4,2024/12/19 17:45,19.9,49.3,timer,3570
8740,Rpi__1,Sensor__4,2024/12/19 17:50,19.9,48.5,timer,3570
8744,Rpi__1,Sensor__4,2024/12/19 17:55,19.9,48.7,timer,3570
8748,Rpi__1,Sensor__4,2024/12/19 18:00,19.9,48.3,timer,3570
8752,Rpi__1,Sensor__4,2024/12/19 18:05,19.9,49,timer,3570
8756,Rpi__1,Sensor__4,2024/12/19 18:10,19.9,50.9,timer,3570
8760,Rpi__1,Sensor__4,2024/12/19 18:15,19.9,49.4,timer,3570
8764,Rpi__1,Sensor__4,2024/12/19 18:20,19.9,48.8,timer,3570
8768,Rpi__1,Sensor__4,2024/12/19 18:25,19.8,48.9,timer,3570
8772,Rpi__1,Sensor__4,2024/12/19 18:30,19.8,48.8,timer,3570
8776,Rpi__1,Sensor__4,2024/12/19 18:35,19.8,48.9,timer,3570
8780,Rpi__1,Sensor__4,2024/12/19 18:40,19.8,48.9,timer,3570
8784,Rpi__1,Sensor__4,2024/12/19 18:45,19.8,48.3,timer,3570
8788,Rpi__1,Sensor__4,2024/12/19 18:50,19.8,48.1,timer,3570
8792,Rpi__1,Sensor__4,2024/12/19 18:55,19.7,47.9,timer,3570
8796,Rpi__1,Sensor__4,2024/12/19 19:00,19.7,47.6,timer,3570
8800,Rpi__1,Sensor__4,2024/12/19 19:05,19.8,47.7,timer,3570
8804,Rpi__1,Sensor__4,2024/12/19 19:10,19.8,47.6,timer,3570
8808,Rpi__1,Sensor__4,2024/12/19 19:15,19.7,48.2,timer,3570
8812,Rpi__1,Sensor__4,2024/12/19 19:20,19.7,48.5,timer,3570
8816,Rpi__1,Sensor__4,2024/12/19 19:25,19.7,48.5,timer,3570
8820,Rpi__1,Sensor__4,2024/12/19 19:30,19.7,48.2,timer,3570
8824,Rpi__1,Sensor__4,2024/12/19 19:35,19.7,47.8,timer,3570
8828,Rpi__1,Sensor__4,2024/12/19 19:40,19.6,47.5,timer,3570
8832,Rpi__1,Sensor__4,2024/12/19 19:45,19.6,47.8,timer,3570
8836,Rpi__1,Sensor__4,2024/12/19 19:50,19.6,46.9,timer,3570
8840,Rpi__1,Sensor__4,2024/12/19 19:55,19.6,47.4,timer,3570
8844,Rpi__1,Sensor__4,2024/12/19 20:00,19.6,47.9,timer,3570
8848,Rpi__1,Sensor__4,2024/12/19 20:05,19.6,48.2,timer,3570
8852,Rpi__1,Sensor__4,2024/12/19 20:10,19.5,48.2,timer,3570
8856,Rpi__1,Sensor__4,2024/12/19 20:15,19.5,48.2,timer,3570
8860,Rpi__1,Sensor__4,2024/12/19 20:20,19.4,48.4,timer,3570
8864,Rpi__1,Sensor__4,2024/12/19 20:25,19.3,48.4,timer,3570
8868,Rpi__1,Sensor__4,2024/12/19 20:30,19.3,48.6,timer,3570
8872,Rpi__1,Sensor__4,2024/12/19 20:35,19.2,48.4,timer,3570
8876,Rpi__1,Sensor__4,2024/12/19 20:40,19.2,48.7,timer,3570
8880,Rpi__1,Sensor__4,2024/12/19 20:45,19.1,48.5,timer,3570
8884,Rpi__1,Sensor__4,2024/12/19 20:50,19.1,49.3,timer,3570
8888,Rpi__1,Sensor__4,2024/12/19 20:55,19.1,49.9,timer,3570
8892,Rpi__1,Sensor__4,2024/12/19 21:00,19,49.1,timer,3570
8896,Rpi__1,Sensor__4,2024/12/19 21:05,19,48.6,timer,3570
8900,Rpi__1,Sensor__4,2024/12/19 21:10,18.9,48.9,timer,3570
8904,Rpi__1,Sensor__4,2024/12/19 21:15,18.9,49.6,timer,3570
8908,Rpi__1,Sensor__4,2024/12/19 21:20,18.9,50.2,timer,3570
8912,Rpi__1,Sensor__4,2024/12/19 21:25,18.8,50.7,timer,3570
8916,Rpi__1,Sensor__4,2024/12/19 21:30,18.8,49.6,timer,3570
8920,Rpi__1,Sensor__4,2024/12/19 21:35,18.8,48.9,timer,3570
8924,Rpi__1,Sensor__4,2024/12/19 21:40,18.7,48.9,timer,3570
8928,Rpi__1,Sensor__4,2024/12/19 21:45,18.7,48.8,timer,3570
8932,Rpi__1,Sensor__4,2024/12/19 21:50,18.7,48.7,timer,3570
8936,Rpi__1,Sensor__4,2024/12/19 21:55,18.7,48.6,timer,3570
8940,Rpi__1,Sensor__4,2024/12/19 22:00,18.6,48.6,timer,3570
8944,Rpi__1,Sensor__4,2024/12/19 22:05,18.6,48.6,timer,3570
8948,Rpi__1,Sensor__4,2024/12/19 22:10,18.6,48.4,timer,3570
8952,Rpi__1,Sensor__4,2024/12/19 22:15,18.6,48.3,timer,3570
8956,Rpi__1,Sensor__4,2024/12/19 22:20,18.5,48.3,timer,3570
8960,Rpi__1,Sensor__4,2024/12/19 22:25,18.5,48.9,timer,3570
8964,Rpi__1,Sensor__4,2024/12/19 22:30,18.5,49.8,timer,3570
8968,Rpi__1,Sensor__4,2024/12/19 22:35,18.5,49.9,timer,3570
8972,Rpi__1,Sensor__4,2024/12/19 22:40,18.5,49.9,timer,3570
8976,Rpi__1,Sensor__4,2024/12/19 22:45,18.5,49.9,timer,3570
8980,Rpi__1,Sensor__4,2024/12/19 22:50,18.5,48.2,timer,3570
8984,Rpi__1,Sensor__4,2024/12/19 22:55,18.4,48.1,timer,3570
8988,Rpi__1,Sensor__4,2024/12/19 23:00,18.4,48.2,timer,3570
8992,Rpi__1,Sensor__4,2024/12/19 23:05,18.4,48.2,timer,3570
8996,Rpi__1,Sensor__4,2024/12/19 23:10,18.4,48.2,timer,3570
9000,Rpi__1,Sensor__4,2024/12/19 23:15,18.4,48.2,timer,3570
9004,Rpi__1,Sensor__4,2024/12/19 23:20,18.3,48.2,timer,3570
9008,Rpi__1,Sensor__4,2024/12/19 23:25,18.3,48.1,timer,3570
9012,Rpi__1,Sensor__4,2024/12/19 23:30,18.3,48.1,timer,3570
9016,Rpi__1,Sensor__4,2024/12/19 23:35,18.3,48.1,timer,3570
9020,Rpi__1,Sensor__4,2024/12/19 23:40,18.3,48.2,timer,3570
9024,Rpi__1,Sensor__4,2024/12/19 23:45,18.3,48.2,timer,43170
9028,Rpi__1,Sensor__4,2024/12/19 23:50,18.2,48.2,timer,43170
9032,Rpi__1,Sensor__4,2024/12/19 23:55,18.2,48.3,timer,43170
9036,Rpi__1,Sensor__4,2024/12/20 0:00,18.2,48.2,timer,43170
9040,Rpi__1,Sensor__4,2024/12/20 0:05,18.2,48.3,timer,43170
9044,Rpi__1,Sensor__4,2024/12/20 0:10,18.2,48.5,timer,43170
9048,Rpi__1,Sensor__4,2024/12/20 0:15,18.2,48.3,timer,43170
9052,Rpi__1,Sensor__4,2024/12/20 0:20,18.1,48.3,timer,43170
9056,Rpi__1,Sensor__4,2024/12/20 0:25,18.1,48.3,timer,43170
9060,Rpi__1,Sensor__4,2024/12/20 0:30,18.1,48.3,timer,43170
9064,Rpi__1,Sensor__4,2024/12/20 0:35,18.1,48.4,timer,43170
9068,Rpi__1,Sensor__4,2024/12/20 0:40,18.1,48.4,timer,43170
9072,Rpi__1,Sensor__4,2024/12/20 0:45,18.1,49.3,timer,3570
9076,Rpi__1,Sensor__4,2024/12/20 0:50,18,50,timer,3570
9080,Rpi__1,Sensor__4,2024/12/20 0:55,18,48.2,timer,3570
9084,Rpi__1,Sensor__4,2024/12/20 1:00,18,48.1,timer,3570
9088,Rpi__1,Sensor__4,2024/12/20 1:05,18,48.2,timer,3570
9092,Rpi__1,Sensor__4,2024/12/20 1:10,17.9,48.2,timer,3570
9096,Rpi__1,Sensor__4,2024/12/20 1:15,17.9,48,timer,3570
9100,Rpi__1,Sensor__4,2024/12/20 1:20,17.9,48,timer,3570
9104,Rpi__1,Sensor__4,2024/12/20 1:25,17.9,47.8,timer,3570
9108,Rpi__1,Sensor__4,2024/12/20 1:30,17.9,47.8,timer,3570
9112,Rpi__1,Sensor__4,2024/12/20 1:35,17.8,47.9,timer,3570
9116,Rpi__1,Sensor__4,2024/12/20 1:40,17.8,47.8,timer,3570
9120,Rpi__1,Sensor__4,2024/12/20 1:45,17.8,47.8,timer,3570
9124,Rpi__1,Sensor__4,2024/12/20 1:50,17.8,47.8,timer,3570
9128,Rpi__1,Sensor__4,2024/12/20 1:55,17.8,48.1,timer,3570
9132,Rpi__1,Sensor__4,2024/12/20 2:00,17.8,48.2,timer,3570
9136,Rpi__1,Sensor__4,2024/12/20 2:05,17.8,48.1,timer,3570
9140,Rpi__1,Sensor__4,2024/12/20 2:10,17.8,48.2,timer,3570
9144,Rpi__1,Sensor__4,2024/12/20 2:15,17.8,48.3,timer,3570
9148,Rpi__1,Sensor__4,2024/12/20 2:25,17.7,48.2,timer,3570
9152,Rpi__1,Sensor__4,2024/12/20 2:30,17.7,48.2,timer,3570
9156,Rpi__1,Sensor__4,2024/12/20 2:35,17.7,48.1,timer,3570
9160,Rpi__1,Sensor__4,2024/12/20 2:40,17.7,48,timer,3570
9164,Rpi__1,Sensor__4,2024/12/20 2:45,17.7,48.1,timer,3570
9168,Rpi__1,Sensor__4,2024/12/20 2:50,17.7,48.2,timer,3570
9172,Rpi__1,Sensor__4,2024/12/20 2:55,17.7,48.1,timer,3570
9176,Rpi__1,Sensor__4,2024/12/20 3:00,17.7,48.2,timer,3570
9180,Rpi__1,Sensor__4,2024/12/20 3:05,17.7,48.1,timer,3570
9184,Rpi__1,Sensor__4,2024/12/20 3:10,17.7,48.1,timer,3570
9188,Rpi__1,Sensor__4,2024/12/20 3:15,17.6,47.7,timer,3570
9192,Rpi__1,Sensor__4,2024/12/20 3:20,17.6,47.6,timer,3570
9196,Rpi__1,Sensor__4,2024/12/20 3:25,17.6,47.9,timer,3570
9200,Rpi__1,Sensor__4,2024/12/20 3:30,17.6,47.8,timer,3570
9204,Rpi__1,Sensor__4,2024/12/20 3:35,17.6,47.9,timer,3570
9208,Rpi__1,Sensor__4,2024/12/20 3:40,17.6,48.2,timer,3570
9212,Rpi__1,Sensor__4,2024/12/20 3:45,17.6,47.9,timer,3570
9216,Rpi__1,Sensor__4,2024/12/20 3:50,17.6,47.8,timer,3570
9220,Rpi__1,Sensor__4,2024/12/20 3:55,17.6,47.8,timer,3570
9224,Rpi__1,Sensor__4,2024/12/20 4:00,17.6,48,timer,3570
9228,Rpi__1,Sensor__4,2024/12/20 4:05,17.6,48,timer,3570
9232,Rpi__1,Sensor__4,2024/12/20 4:10,17.6,48,timer,3570
9236,Rpi__1,Sensor__4,2024/12/20 4:15,17.5,48.1,timer,3570
9240,Rpi__1,Sensor__4,2024/12/20 4:20,17.5,48,timer,3570
9244,Rpi__1,Sensor__4,2024/12/20 4:25,17.5,48,timer,3570
9248,Rpi__1,Sensor__4,2024/12/20 4:30,17.5,48,timer,3570
9252,Rpi__1,Sensor__4,2024/12/20 4:35,17.5,47.8,timer,3570
9256,Rpi__1,Sensor__4,2024/12/20 4:40,17.5,47.8,timer,3570
9260,Rpi__1,Sensor__4,2024/12/20 4:45,17.5,47.8,timer,3570
9264,Rpi__1,Sensor__4,2024/12/20 4:50,17.5,48,timer,3570
9268,Rpi__1,Sensor__4,2024/12/20 4:55,17.5,48,timer,3570
9272,Rpi__1,Sensor__4,2024/12/20 5:00,17.5,48,timer,3570
9276,Rpi__1,Sensor__4,2024/12/20 5:05,17.4,48,timer,3570
9280,Rpi__1,Sensor__4,2024/12/20 5:10,17.4,48.1,timer,3570
9284,Rpi__1,Sensor__4,2024/12/20 5:15,17.4,48,timer,3570
9288,Rpi__1,Sensor__4,2024/12/20 5:20,17.4,48,timer,3570
9292,Rpi__1,Sensor__4,2024/12/20 5:25,17.4,48,timer,3570
9296,Rpi__1,Sensor__4,2024/12/20 5:30,17.4,48,timer,3570
9300,Rpi__1,Sensor__4,2024/12/20 5:35,17.4,48,timer,3570
9304,Rpi__1,Sensor__4,2024/12/20 5:40,17.4,48,timer,3570
9308,Rpi__1,Sensor__4,2024/12/20 5:45,17.4,47.9,timer,3570
9312,Rpi__1,Sensor__4,2024/12/20 5:50,17.4,47.9,timer,3570
9316,Rpi__1,Sensor__4,2024/12/20 5:55,17.4,47.8,timer,3570
9320,Rpi__1,Sensor__4,2024/12/20 6:00,17.4,47.8,timer,3570
9324,Rpi__1,Sensor__4,2024/12/20 6:05,17.4,47.7,timer,3570
9328,Rpi__1,Sensor__4,2024/12/20 6:10,17.4,47.6,timer,3570
9332,Rpi__1,Sensor__4,2024/12/20 6:15,17.3,47.5,timer,3570
9336,Rpi__1,Sensor__4,2024/12/20 6:20,17.3,47.3,timer,3570
9340,Rpi__1,Sensor__4,2024/12/20 6:25,17.3,47.2,timer,3570
9344,Rpi__1,Sensor__4,2024/12/20 6:30,17.3,47.3,timer,3570
9348,Rpi__1,Sensor__4,2024/12/20 6:35,17.3,47.3,timer,3570
9352,Rpi__1,Sensor__4,2024/12/20 6:40,17.3,47.3,timer,3570
9356,Rpi__1,Sensor__4,2024/12/20 6:45,17.3,47.3,timer,3570
9360,Rpi__1,Sensor__4,2024/12/20 6:50,17.3,47.4,timer,3570
9364,Rpi__1,Sensor__4,2024/12/20 6:55,17.3,47.4,timer,3570
9368,Rpi__1,Sensor__4,2024/12/20 7:00,17.3,47.2,timer,3570
9372,Rpi__1,Sensor__4,2024/12/20 7:05,17.2,47.2,timer,3570
9376,Rpi__1,Sensor__4,2024/12/20 7:10,17.2,47.2,timer,3570
9380,Rpi__1,Sensor__4,2024/12/20 7:15,17.2,47.4,timer,3570
9384,Rpi__1,Sensor__4,2024/12/20 7:20,17.2,47.5,timer,3570
9388,Rpi__1,Sensor__4,2024/12/20 7:25,17.2,47.5,timer,3570
9392,Rpi__1,Sensor__4,2024/12/20 7:30,17.2,47.5,timer,3570
9396,Rpi__1,Sensor__4,2024/12/20 7:35,17.2,47.6,timer,3570
9400,Rpi__1,Sensor__4,2024/12/20 7:40,17.2,47.6,timer,3570
9404,Rpi__1,Sensor__4,2024/12/20 7:45,17.1,47.6,timer,3570
9408,Rpi__1,Sensor__4,2024/12/20 7:50,17.2,47.6,timer,3570
9412,Rpi__1,Sensor__4,2024/12/20 7:55,17.2,47.6,timer,3570
9416,Rpi__1,Sensor__4,2024/12/20 8:00,17.2,47.2,timer,3570
9420,Rpi__1,Sensor__4,2024/12/20 8:05,17.2,47.3,timer,3570
9424,Rpi__1,Sensor__4,2024/12/20 8:10,17.2,47.3,timer,3570
9428,Rpi__1,Sensor__4,2024/12/20 8:15,17.2,47.3,timer,3570
9432,Rpi__1,Sensor__4,2024/12/20 8:20,17.3,47.3,timer,3570
9436,Rpi__1,Sensor__4,2024/12/20 8:25,17.3,47.2,timer,3570
9440,Rpi__1,Sensor__4,2024/12/20 8:30,17.3,47.1,timer,3570
9444,Rpi__1,Sensor__4,2024/12/20 8:35,17.4,47,timer,3570
9448,Rpi__1,Sensor__4,2024/12/20 8:40,17.4,46.9,timer,3570
9452,Rpi__1,Sensor__4,2024/12/20 8:45,17.5,46.8,timer,3570
9456,Rpi__1,Sensor__4,2024/12/20 8:50,17.5,46.8,timer,3570
9460,Rpi__1,Sensor__4,2024/12/20 8:55,17.6,46.7,timer,3570
9464,Rpi__1,Sensor__4,2024/12/20 9:00,17.6,46.7,timer,3570
9468,Rpi__1,Sensor__4,2024/12/20 9:05,17.7,46.5,timer,3570
9472,Rpi__1,Sensor__4,2024/12/20 9:10,17.7,46.3,timer,3570
9476,Rpi__1,Sensor__4,2024/12/20 9:15,17.7,46.3,timer,3570
9480,Rpi__1,Sensor__4,2024/12/20 9:20,17.9,46.3,timer,3570
9484,Rpi__1,Sensor__4,2024/12/20 9:25,17.9,46.3,timer,3570
9488,Rpi__1,Sensor__4,2024/12/20 9:30,18,46.7,timer,3570
9492,Rpi__1,Sensor__4,2024/12/20 9:35,18.1,46.9,timer,3570
9496,Rpi__1,Sensor__4,2024/12/20 9:40,18.1,46.8,timer,3570
9500,Rpi__1,Sensor__4,2024/12/20 9:45,18.2,46.9,timer,3570
9504,Rpi__1,Sensor__4,2024/12/20 9:50,18.2,46.8,timer,3570
9508,Rpi__1,Sensor__4,2024/12/20 9:55,18.2,46.9,timer,3570
9512,Rpi__1,Sensor__4,2024/12/20 10:00,18.3,46.9,timer,3570
9516,Rpi__1,Sensor__4,2024/12/20 10:05,18.3,46.7,timer,3570
9520,Rpi__1,Sensor__4,2024/12/20 10:10,18.3,46.7,timer,3570
9524,Rpi__1,Sensor__4,2024/12/20 10:15,18.4,46.8,timer,3570
9528,Rpi__1,Sensor__4,2024/12/20 10:20,18.4,46.5,timer,3570
9532,Rpi__1,Sensor__4,2024/12/20 10:25,18.5,46.4,timer,3570
9536,Rpi__1,Sensor__4,2024/12/20 10:30,18.5,46.5,timer,3570
9540,Rpi__1,Sensor__4,2024/12/20 10:35,18.6,46.5,timer,3570
9544,Rpi__1,Sensor__4,2024/12/20 10:40,18.6,46.7,timer,3570
9548,Rpi__1,Sensor__4,2024/12/20 10:45,18.7,47,timer,3570
9552,Rpi__1,Sensor__4,2024/12/20 10:50,18.7,47.1,timer,3570
9556,Rpi__1,Sensor__4,2024/12/20 10:55,18.8,47.1,timer,3570
9560,Rpi__1,Sensor__4,2024/12/20 11:00,19,45.9,timer,3570
9564,Rpi__1,Sensor__4,2024/12/20 11:05,19.4,49.4,timer,3570
9568,Rpi__1,Sensor__4,2024/12/20 11:10,19.6,49,timer,3570
9572,Rpi__1,Sensor__4,2024/12/20 11:15,19.5,49.1,timer,3570
9576,Rpi__1,Sensor__4,2024/12/20 11:20,19.4,49.6,timer,3570
9580,Rpi__1,Sensor__4,2024/12/20 11:25,19.3,49.9,timer,3570
9584,Rpi__1,Sensor__4,2024/12/20 11:30,19.3,50.4,timer,3570
9588,Rpi__1,Sensor__4,2024/12/20 11:35,19.2,50.7,timer,3570
9592,Rpi__1,Sensor__4,2024/12/20 11:40,19.2,50.6,timer,3570
9596,Rpi__1,Sensor__4,2024/12/20 11:45,19.3,50.6,timer,43170
9600,Rpi__1,Sensor__4,2024/12/20 11:50,19.3,50.5,timer,43170
9604,Rpi__1,Sensor__4,2024/12/20 11:55,19.3,50.7,timer,43170
9608,Rpi__1,Sensor__4,2024/12/20 12:00,19.3,52,timer,43170
9612,Rpi__1,Sensor__4,2024/12/20 12:05,19.3,52.4,timer,43170
9616,Rpi__1,Sensor__4,2024/12/20 12:10,19.2,52.6,timer,43170
9620,Rpi__1,Sensor__4,2024/12/20 12:15,19.3,52.7,timer,43170
9624,Rpi__1,Sensor__4,2024/12/20 12:20,19.3,52.8,timer,43170
9628,Rpi__1,Sensor__4,2024/12/20 12:25,19.3,53,timer,43170
9632,Rpi__1,Sensor__4,2024/12/20 12:30,19.3,52.7,timer,43170
9636,Rpi__1,Sensor__4,2024/12/20 12:35,19.3,52.8,timer,43170
9640,Rpi__1,Sensor__4,2024/12/20 12:40,19.4,52.7,timer,43170
9644,Rpi__1,Sensor__4,2024/12/20 12:45,19.4,52.5,timer,43170
9648,Rpi__1,Sensor__4,2024/12/20 12:50,19.4,52.5,timer,3570
9652,Rpi__1,Sensor__4,2024/12/20 12:55,19.4,52.6,timer,3570
9656,Rpi__1,Sensor__4,2024/12/20 13:00,19.4,52.6,timer,3570
9660,Rpi__1,Sensor__4,2024/12/20 13:05,19.4,52.5,timer,3570
9664,Rpi__1,Sensor__4,2024/12/20 13:10,19.4,52.6,timer,3570
9668,Rpi__1,Sensor__4,2024/12/20 13:15,19.4,52.5,timer,3570
9672,Rpi__1,Sensor__4,2024/12/20 13:20,19.4,52.5,timer,3570
9676,Rpi__1,Sensor__4,2024/12/20 13:25,19.5,52.5,timer,3570
9680,Rpi__1,Sensor__4,2024/12/20 13:30,19.5,52.5,timer,3570
9684,Rpi__1,Sensor__4,2024/12/20 13:35,19.5,52.4,timer,3570
9688,Rpi__1,Sensor__4,2024/12/20 13:40,19.5,52.4,timer,3570
9692,Rpi__1,Sensor__4,2024/12/20 13:45,19.5,52.3,timer,3570
9696,Rpi__1,Sensor__4,2024/12/20 13:50,19.5,52.4,timer,3570
9700,Rpi__1,Sensor__4,2024/12/20 13:55,19.6,52.7,timer,3570
9704,Rpi__1,Sensor__4,2024/12/20 14:00,19.6,52.5,timer,3570
9708,Rpi__1,Sensor__4,2024/12/20 14:05,19.6,52.6,timer,3570
9712,Rpi__1,Sensor__4,2024/12/20 14:10,19.6,52.9,timer,3570
9716,Rpi__1,Sensor__4,2024/12/20 14:15,19.6,52.7,timer,3570
9720,Rpi__1,Sensor__4,2024/12/20 14:20,19.5,52.6,timer,3570
9724,Rpi__1,Sensor__4,2024/12/20 14:25,19.6,52.5,timer,3570
9728,Rpi__1,Sensor__4,2024/12/20 14:30,19.6,52.4,timer,3570
9732,Rpi__1,Sensor__4,2024/12/20 14:35,19.6,52.3,timer,3570
9736,Rpi__1,Sensor__4,2024/12/20 14:40,19.6,52.3,timer,3570
9740,Rpi__1,Sensor__4,2024/12/20 14:45,19.6,52.2,timer,3570
9744,Rpi__1,Sensor__4,2024/12/20 14:50,19.6,52.1,timer,3570
9748,Rpi__1,Sensor__4,2024/12/20 14:55,19.7,51.9,timer,3570
9752,Rpi__1,Sensor__4,2024/12/20 15:00,19.7,51.9,timer,3570
9756,Rpi__1,Sensor__4,2024/12/20 15:05,19.7,51.8,timer,3570
9760,Rpi__1,Sensor__4,2024/12/20 15:10,19.7,51.8,timer,3570
9764,Rpi__1,Sensor__4,2024/12/20 15:15,19.7,51.7,timer,3570
9768,Rpi__1,Sensor__4,2024/12/20 15:20,19.7,51.9,timer,3570
9772,Rpi__1,Sensor__4,2024/12/20 15:25,19.7,51.8,timer,3570
9776,Rpi__1,Sensor__4,2024/12/20 15:30,19.8,51.8,timer,3570
9780,Rpi__1,Sensor__4,2024/12/20 15:35,19.8,51.8,timer,3570
9784,Rpi__1,Sensor__4,2024/12/20 15:40,19.8,51.8,timer,3570
9788,Rpi__1,Sensor__4,2024/12/20 15:45,19.8,51.7,timer,3570
9792,Rpi__1,Sensor__4,2024/12/20 15:50,19.8,51.8,timer,3570
9796,Rpi__1,Sensor__4,2024/12/20 15:55,19.8,51.8,timer,3570
9800,Rpi__1,Sensor__4,2024/12/20 16:00,19.8,51.8,timer,3570
9804,Rpi__1,Sensor__4,2024/12/20 16:05,19.8,51.8,timer,3570
9808,Rpi__1,Sensor__4,2024/12/20 16:10,19.8,51.8,timer,3570
9812,Rpi__1,Sensor__4,2024/12/20 16:15,19.8,51.8,timer,3570
9816,Rpi__1,Sensor__4,2024/12/20 16:20,19.8,51.8,timer,3570
9820,Rpi__1,Sensor__4,2024/12/20 16:25,19.9,51.6,timer,3570
9824,Rpi__1,Sensor__4,2024/12/20 16:30,19.8,51.6,timer,3570
9828,Rpi__1,Sensor__4,2024/12/20 16:35,19.8,51.5,timer,3570
9832,Rpi__1,Sensor__4,2024/12/20 16:40,19.9,51.4,timer,3570
9836,Rpi__1,Sensor__4,2024/12/20 16:45,19.8,51.4,timer,3570
9840,Rpi__1,Sensor__4,2024/12/20 16:50,19.8,51.4,timer,3570
9844,Rpi__1,Sensor__4,2024/12/20 16:55,19.8,51.4,timer,3570
9848,Rpi__1,Sensor__4,2024/12/20 17:00,19.8,51.4,timer,3570
9852,Rpi__1,Sensor__4,2024/12/20 17:05,19.8,51.4,timer,3570
9856,Rpi__1,Sensor__4,2024/12/20 17:10,19.8,51.4,timer,3570
9860,Rpi__1,Sensor__4,2024/12/20 17:15,19.8,51.5,timer,3570
9864,Rpi__1,Sensor__4,2024/12/20 17:20,19.8,51.5,timer,3570
9868,Rpi__1,Sensor__4,2024/12/20 17:25,19.8,51.5,timer,3570
9872,Rpi__1,Sensor__4,2024/12/20 17:30,19.8,51.5,timer,3570
9876,Rpi__1,Sensor__4,2024/12/20 17:35,19.8,51.5,timer,3570
9880,Rpi__1,Sensor__4,2024/12/20 17:40,19.8,51.5,timer,3570
9884,Rpi__1,Sensor__4,2024/12/20 17:45,19.8,51.5,timer,3570
9888,Rpi__1,Sensor__4,2024/12/20 17:50,19.7,51.6,timer,3570
9892,Rpi__1,Sensor__4,2024/12/20 17:55,19.8,51.7,timer,3570
9896,Rpi__1,Sensor__4,2024/12/20 18:00,19.7,51.6,timer,3570
9900,Rpi__1,Sensor__4,2024/12/20 18:05,19.8,51.6,timer,3570
9904,Rpi__1,Sensor__4,2024/12/20 18:10,19.8,51.7,timer,3570
9908,Rpi__1,Sensor__4,2024/12/20 18:15,19.8,51.7,timer,3570
9912,Rpi__1,Sensor__4,2024/12/20 18:20,19.7,51.6,timer,3570
9916,Rpi__1,Sensor__4,2024/12/20 18:25,19.7,51.7,timer,3570
9920,Rpi__1,Sensor__4,2024/12/20 18:30,19.7,51.8,timer,3570
9924,Rpi__1,Sensor__4,2024/12/20 18:35,19.7,51.7,timer,3570
9928,Rpi__1,Sensor__4,2024/12/20 18:40,19.7,51.8,timer,3570
9932,Rpi__1,Sensor__4,2024/12/20 18:45,19.7,51.8,timer,3570
9936,Rpi__1,Sensor__4,2024/12/20 18:50,19.7,51.9,timer,3570
9940,Rpi__1,Sensor__4,2024/12/20 18:55,19.7,51.9,timer,3570
9944,Rpi__1,Sensor__4,2024/12/20 19:00,19.7,52,timer,3570
9948,Rpi__1,Sensor__4,2024/12/20 19:05,19.7,51.9,timer,3570
9952,Rpi__1,Sensor__4,2024/12/20 19:10,19.7,52,timer,3570
9956,Rpi__1,Sensor__4,2024/12/20 19:15,19.7,52,timer,3570
9960,Rpi__1,Sensor__4,2024/12/20 19:20,19.7,52,timer,3570
9964,Rpi__1,Sensor__4,2024/12/20 19:25,19.7,52.1,timer,3570
9968,Rpi__1,Sensor__4,2024/12/20 19:30,19.7,52.2,timer,3570
9972,Rpi__1,Sensor__4,2024/12/20 19:35,19.6,52.2,timer,3570
9976,Rpi__1,Sensor__4,2024/12/20 19:40,19.6,52.2,timer,3570
9980,Rpi__1,Sensor__4,2024/12/20 19:45,19.6,52.4,timer,3570
9984,Rpi__1,Sensor__4,2024/12/20 19:50,19.6,52.4,timer,3570
9988,Rpi__1,Sensor__4,2024/12/20 19:55,19.6,52.6,timer,3570
9992,Rpi__1,Sensor__4,2024/12/20 20:00,19.6,52.7,timer,3570
9996,Rpi__1,Sensor__4,2024/12/20 20:05,19.6,52.7,timer,3570
10000,Rpi__1,Sensor__4,2024/12/20 20:10,19.5,52.6,timer,3570
10004,Rpi__1,Sensor__4,2024/12/20 20:15,19.4,52.8,timer,3570
10008,Rpi__1,Sensor__4,2024/12/20 20:20,19.4,53.1,timer,3570
10012,Rpi__1,Sensor__4,2024/12/20 20:25,19.3,53.4,timer,3570
10016,Rpi__1,Sensor__4,2024/12/20 20:30,19.3,53.5,timer,3570
10020,Rpi__1,Sensor__4,2024/12/20 20:35,19.2,53.7,timer,3570
10024,Rpi__1,Sensor__4,2024/12/20 20:40,19.2,53.8,timer,3570
10028,Rpi__1,Sensor__4,2024/12/20 20:45,19.2,53.9,timer,3570
10032,Rpi__1,Sensor__4,2024/12/20 20:50,19.2,54.1,timer,3570
10036,Rpi__1,Sensor__4,2024/12/20 20:55,19.1,54.2,timer,3570
10040,Rpi__1,Sensor__4,2024/12/20 21:00,19.1,54.7,timer,3570
10044,Rpi__1,Sensor__4,2024/12/20 21:05,19,54.4,timer,3570
10048,Rpi__1,Sensor__4,2024/12/20 21:10,19,54.4,timer,3570
10052,Rpi__1,Sensor__4,2024/12/20 21:15,19,54.1,timer,3570
10056,Rpi__1,Sensor__4,2024/12/20 21:20,18.9,54.6,timer,3570
10060,Rpi__1,Sensor__4,2024/12/20 21:25,18.9,54.3,timer,3570
10064,Rpi__1,Sensor__4,2024/12/20 21:30,18.9,55.3,timer,3570
10068,Rpi__1,Sensor__4,2024/12/20 21:35,18.8,54.9,timer,3570
10072,Rpi__1,Sensor__4,2024/12/20 21:40,18.8,55,timer,3570
10076,Rpi__1,Sensor__4,2024/12/20 21:45,18.8,55,timer,3570
10080,Rpi__1,Sensor__4,2024/12/20 21:50,18.7,54.6,timer,3570
10084,Rpi__1,Sensor__4,2024/12/20 21:55,18.7,54.3,timer,3570
10088,Rpi__1,Sensor__4,2024/12/20 22:00,18.7,55.6,timer,3570
10092,Rpi__1,Sensor__4,2024/12/20 22:05,18.7,55.3,timer,3570
10096,Rpi__1,Sensor__4,2024/12/20 22:10,18.7,55.4,timer,3570
10100,Rpi__1,Sensor__4,2024/12/20 22:15,18.7,55.4,timer,3570
10104,Rpi__1,Sensor__4,2024/12/20 22:20,18.7,55.4,timer,3570
10108,Rpi__1,Sensor__4,2024/12/20 22:25,18.6,55.8,timer,3570
10112,Rpi__1,Sensor__4,2024/12/20 22:30,18.6,55.8,timer,3570
10116,Rpi__1,Sensor__4,2024/12/20 22:35,18.6,56.5,timer,3570
10120,Rpi__1,Sensor__4,2024/12/20 22:40,18.6,55.5,timer,3570
10124,Rpi__1,Sensor__4,2024/12/20 22:45,18.6,56.9,timer,3570
10128,Rpi__1,Sensor__4,2024/12/20 22:50,18.6,56.6,timer,3570
10132,Rpi__1,Sensor__4,2024/12/20 22:55,18.6,56.6,timer,3570
10136,Rpi__1,Sensor__4,2024/12/20 23:00,18.6,56.4,timer,3570
10140,Rpi__1,Sensor__4,2024/12/20 23:05,18.5,56.5,timer,3570
10144,Rpi__1,Sensor__4,2024/12/20 23:10,18.5,56.6,timer,3570
10148,Rpi__1,Sensor__4,2024/12/20 23:15,18.5,56.7,timer,3570
10152,Rpi__1,Sensor__4,2024/12/20 23:20,18.5,56.8,timer,3570
10156,Rpi__1,Sensor__4,2024/12/20 23:25,18.4,56.7,timer,3570
10160,Rpi__1,Sensor__4,2024/12/20 23:30,18.4,56.7,timer,3570
10164,Rpi__1,Sensor__4,2024/12/20 23:35,18.4,56.7,timer,3570
10168,Rpi__1,Sensor__4,2024/12/20 23:40,18.4,56.9,timer,3570
10172,Rpi__1,Sensor__4,2024/12/20 23:45,18.4,56.8,timer,43170
10176,Rpi__1,Sensor__4,2024/12/20 23:50,18.4,56.8,timer,43170
10180,Rpi__1,Sensor__4,2024/12/20 23:55,18.4,57,timer,43170
10184,Rpi__1,Sensor__4,2024/12/21 0:00,18.3,56.8,timer,43170
10188,Rpi__1,Sensor__4,2024/12/21 0:05,18.3,56.8,timer,43170
10192,Rpi__1,Sensor__4,2024/12/21 0:10,18.3,56.8,timer,43170
10196,Rpi__1,Sensor__4,2024/12/21 0:15,18.3,56.8,timer,43170
10200,Rpi__1,Sensor__4,2024/12/21 0:20,18.3,56.8,timer,43170
10204,Rpi__1,Sensor__4,2024/12/21 0:25,18.3,56.9,timer,43170
10208,Rpi__1,Sensor__4,2024/12/21 0:30,18.3,57,timer,43170
10212,Rpi__1,Sensor__4,2024/12/21 0:35,18.2,57,timer,43170
10216,Rpi__1,Sensor__4,2024/12/21 0:40,18.2,56.8,timer,43170
10220,Rpi__1,Sensor__4,2024/12/21 0:45,18.2,57.1,timer,3570
10224,Rpi__1,Sensor__4,2024/12/21 0:50,18.2,56.6,timer,3570
10228,Rpi__1,Sensor__4,2024/12/21 0:55,18.2,56.9,timer,3570
10232,Rpi__1,Sensor__4,2024/12/21 1:00,18.2,57,timer,3570
10236,Rpi__1,Sensor__4,2024/12/21 1:05,18.2,56.7,timer,3570
10240,Rpi__1,Sensor__4,2024/12/21 1:10,18.2,56.9,timer,3570
10244,Rpi__1,Sensor__4,2024/12/21 1:15,18.2,57,timer,3570
10248,Rpi__1,Sensor__4,2024/12/21 1:20,18.1,56.8,timer,3570
10252,Rpi__1,Sensor__4,2024/12/21 1:30,18.1,56.8,timer,3570
10256,Rpi__1,Sensor__4,2024/12/21 1:35,18.1,56.9,timer,3570
10260,Rpi__1,Sensor__4,2024/12/21 1:40,18.1,57.5,timer,3570
10264,Rpi__1,Sensor__4,2024/12/21 1:45,18.1,57.6,timer,3570
10268,Rpi__1,Sensor__4,2024/12/21 1:50,18,57.5,timer,3570
10272,Rpi__1,Sensor__4,2024/12/21 1:55,18.1,57.7,timer,3570
10276,Rpi__1,Sensor__4,2024/12/21 2:00,18,57.2,timer,3570
10280,Rpi__1,Sensor__4,2024/12/21 2:05,18,55.5,timer,3570
10284,Rpi__1,Sensor__4,2024/12/21 2:10,18,55.9,timer,3570
10288,Rpi__1,Sensor__4,2024/12/21 2:15,18,55.7,timer,3570
10292,Rpi__1,Sensor__4,2024/12/21 2:20,18,55.7,timer,3570
10296,Rpi__1,Sensor__4,2024/12/21 2:25,18,56.7,timer,3570
10300,Rpi__1,Sensor__4,2024/12/21 2:30,18,56.7,timer,3570
10304,Rpi__1,Sensor__4,2024/12/21 2:35,18,56.4,timer,3570
10308,Rpi__1,Sensor__4,2024/12/21 2:40,17.9,56.5,timer,3570
10312,Rpi__1,Sensor__4,2024/12/21 2:45,17.9,56.7,timer,3570
10316,Rpi__1,Sensor__4,2024/12/21 2:50,17.9,56.3,timer,3570
10320,Rpi__1,Sensor__4,2024/12/21 2:55,17.9,55.9,timer,3570
10324,Rpi__1,Sensor__4,2024/12/21 3:00,17.9,56.3,timer,3570
10328,Rpi__1,Sensor__4,2024/12/21 3:05,17.9,56.3,timer,3570
10332,Rpi__1,Sensor__4,2024/12/21 3:10,17.9,56.3,timer,3570
10336,Rpi__1,Sensor__4,2024/12/21 3:15,17.9,56.3,timer,3570
10340,Rpi__1,Sensor__4,2024/12/21 3:20,17.9,55.4,timer,3570
10344,Rpi__1,Sensor__4,2024/12/21 3:25,17.9,56.9,timer,3570
10348,Rpi__1,Sensor__4,2024/12/21 3:30,17.9,58.2,timer,3570
10352,Rpi__1,Sensor__4,2024/12/21 3:35,17.9,58.8,timer,3570
10356,Rpi__1,Sensor__4,2024/12/21 3:40,17.9,59,timer,3570
10360,Rpi__1,Sensor__4,2024/12/21 3:45,17.9,60.9,timer,3570
10364,Rpi__1,Sensor__4,2024/12/21 3:50,17.9,61.5,timer,3570
10368,Rpi__1,Sensor__4,2024/12/21 3:55,17.8,61.6,timer,3570
10372,Rpi__1,Sensor__4,2024/12/21 4:00,17.8,61.1,timer,3570
10376,Rpi__1,Sensor__4,2024/12/21 4:05,17.8,59.5,timer,3570
10380,Rpi__1,Sensor__4,2024/12/21 4:10,17.8,58.6,timer,3570
10384,Rpi__1,Sensor__4,2024/12/21 4:15,17.8,58.4,timer,3570
10388,Rpi__1,Sensor__4,2024/12/21 4:20,17.7,57.7,timer,3570
10392,Rpi__1,Sensor__4,2024/12/21 4:25,17.7,57.9,timer,3570
10396,Rpi__1,Sensor__4,2024/12/21 4:30,17.7,57.1,timer,3570
10400,Rpi__1,Sensor__4,2024/12/21 4:35,17.7,56.9,timer,3570
10404,Rpi__1,Sensor__4,2024/12/21 4:40,17.7,56.8,timer,3570
10408,Rpi__1,Sensor__4,2024/12/21 4:45,17.7,56.8,timer,3570
10412,Rpi__1,Sensor__4,2024/12/21 4:50,17.7,56.6,timer,3570
10416,Rpi__1,Sensor__4,2024/12/21 4:55,17.7,56.4,timer,3570
10420,Rpi__1,Sensor__4,2024/12/21 5:00,17.7,56.2,timer,3570
10424,Rpi__1,Sensor__4,2024/12/21 5:05,17.7,56,timer,3570
10428,Rpi__1,Sensor__4,2024/12/21 5:10,17.7,55.7,timer,3570
10432,Rpi__1,Sensor__4,2024/12/21 5:15,17.7,55.5,timer,3570
10436,Rpi__1,Sensor__4,2024/12/21 5:20,17.7,55.2,timer,3570
10440,Rpi__1,Sensor__4,2024/12/21 5:25,17.7,54.4,timer,3570
10444,Rpi__1,Sensor__4,2024/12/21 5:30,17.7,57.4,timer,3570
10448,Rpi__1,Sensor__4,2024/12/21 5:35,17.7,57.8,timer,3570
10452,Rpi__1,Sensor__4,2024/12/21 5:40,17.7,58,timer,3570
10456,Rpi__1,Sensor__4,2024/12/21 5:45,17.7,60.2,timer,3570
10460,Rpi__1,Sensor__4,2024/12/21 5:50,17.7,60.7,timer,3570
10464,Rpi__1,Sensor__4,2024/12/21 5:55,17.7,61,timer,3570
10468,Rpi__1,Sensor__4,2024/12/21 6:00,17.7,61.1,timer,3570
10472,Rpi__1,Sensor__4,2024/12/21 6:05,17.7,61.1,timer,3570
10476,Rpi__1,Sensor__4,2024/12/21 6:10,17.6,60.2,timer,3570
10480,Rpi__1,Sensor__4,2024/12/21 6:15,17.6,58.7,timer,3570
10484,Rpi__1,Sensor__4,2024/12/21 6:20,17.6,58.2,timer,3570
10488,Rpi__1,Sensor__4,2024/12/21 6:25,17.6,57.8,timer,3570
10492,Rpi__1,Sensor__4,2024/12/21 6:30,17.6,57.2,timer,3570
10496,Rpi__1,Sensor__4,2024/12/21 6:35,17.6,56.4,timer,3570
10500,Rpi__1,Sensor__4,2024/12/21 6:40,17.6,56.2,timer,3570
10504,Rpi__1,Sensor__4,2024/12/21 6:45,17.6,55.8,timer,3570
10508,Rpi__1,Sensor__4,2024/12/21 6:50,17.6,55.8,timer,3570
10512,Rpi__1,Sensor__4,2024/12/21 6:55,17.6,55.9,timer,3570
10516,Rpi__1,Sensor__4,2024/12/21 7:00,17.5,55.7,timer,3570
10520,Rpi__1,Sensor__4,2024/12/21 7:05,17.5,55.6,timer,3570
10524,Rpi__1,Sensor__4,2024/12/21 7:10,17.5,55.4,timer,3570
10528,Rpi__1,Sensor__4,2024/12/21 7:15,17.5,55.2,timer,3570
10532,Rpi__1,Sensor__4,2024/12/21 7:20,17.5,55,timer,3570
10536,Rpi__1,Sensor__4,2024/12/21 7:25,17.5,54.9,timer,3570
10540,Rpi__1,Sensor__4,2024/12/21 7:30,17.5,54.1,timer,3570
10544,Rpi__1,Sensor__4,2024/12/21 7:35,17.5,57.3,timer,3570
10548,Rpi__1,Sensor__4,2024/12/21 7:40,17.5,57.5,timer,3570
10552,Rpi__1,Sensor__4,2024/12/21 7:45,17.5,58.1,timer,3570
10556,Rpi__1,Sensor__4,2024/12/21 7:50,17.5,59.8,timer,3570
10560,Rpi__1,Sensor__4,2024/12/21 7:55,17.5,60.1,timer,3570
10564,Rpi__1,Sensor__4,2024/12/21 8:00,17.5,60.5,timer,3570
10568,Rpi__1,Sensor__4,2024/12/21 8:05,17.5,60.7,timer,3570
10572,Rpi__1,Sensor__4,2024/12/21 8:10,17.5,60.8,timer,3570
10576,Rpi__1,Sensor__4,2024/12/21 8:15,17.5,60.4,timer,3570
10580,Rpi__1,Sensor__4,2024/12/21 8:20,17.5,59.8,timer,3570
10584,Rpi__1,Sensor__4,2024/12/21 8:25,17.6,58,timer,3570
10588,Rpi__1,Sensor__4,2024/12/21 8:30,17.6,54.9,timer,3570
10592,Rpi__1,Sensor__4,2024/12/21 8:35,17.6,54.2,timer,3570
10596,Rpi__1,Sensor__4,2024/12/21 8:40,17.7,53,timer,3570
10600,Rpi__1,Sensor__4,2024/12/21 8:45,17.7,51.9,timer,3570
10604,Rpi__1,Sensor__4,2024/12/21 8:50,17.8,51.9,timer,3570
10608,Rpi__1,Sensor__4,2024/12/21 8:55,17.8,51.6,timer,3570
10612,Rpi__1,Sensor__4,2024/12/21 9:00,17.9,51.6,timer,3570
10616,Rpi__1,Sensor__4,2024/12/21 9:05,17.9,51.6,timer,3570
10620,Rpi__1,Sensor__4,2024/12/21 9:10,18,51.4,timer,3570
10624,Rpi__1,Sensor__4,2024/12/21 9:15,18.1,51.4,timer,3570
10628,Rpi__1,Sensor__4,2024/12/21 9:20,18.1,51.3,timer,3570
10632,Rpi__1,Sensor__4,2024/12/21 9:25,18.2,51.3,timer,3570
10636,Rpi__1,Sensor__4,2024/12/21 9:30,18.2,51.3,timer,3570
10640,Rpi__1,Sensor__4,2024/12/21 9:35,18.3,51.4,timer,3570
10644,Rpi__1,Sensor__4,2024/12/21 9:40,18.3,51.5,timer,3570
10648,Rpi__1,Sensor__4,2024/12/21 9:45,18.3,51.5,timer,3570
10652,Rpi__1,Sensor__4,2024/12/21 9:50,18.4,51.6,timer,3570
10656,Rpi__1,Sensor__4,2024/12/21 9:55,18.4,51.8,timer,3570
10660,Rpi__1,Sensor__4,2024/12/21 10:00,18.4,51.8,timer,3570
10664,Rpi__1,Sensor__4,2024/12/21 10:05,18.4,52,timer,3570
10668,Rpi__1,Sensor__4,2024/12/21 10:10,18.5,52.2,timer,3570
10672,Rpi__1,Sensor__4,2024/12/21 10:15,18.5,52.4,timer,3570
10676,Rpi__1,Sensor__4,2024/12/21 10:20,18.5,52.4,timer,3570
10680,Rpi__1,Sensor__4,2024/12/21 10:25,18.5,52.7,timer,3570
10684,Rpi__1,Sensor__4,2024/12/21 10:30,18.5,52.8,timer,3570
10688,Rpi__1,Sensor__4,2024/12/21 10:35,18.5,52.9,timer,3570
10692,Rpi__1,Sensor__4,2024/12/21 10:40,18.5,52.8,timer,3570
10696,Rpi__1,Sensor__4,2024/12/21 10:45,18.6,52.8,timer,3570
10700,Rpi__1,Sensor__4,2024/12/21 10:50,18.6,52.8,timer,3570
10704,Rpi__1,Sensor__4,2024/12/21 10:55,18.6,52.9,timer,3570
10708,Rpi__1,Sensor__4,2024/12/21 11:00,18.6,52.9,timer,3570
10712,Rpi__1,Sensor__4,2024/12/21 11:05,18.6,52.9,timer,3570
10716,Rpi__1,Sensor__4,2024/12/21 11:10,18.6,53,timer,3570
10720,Rpi__1,Sensor__4,2024/12/21 11:15,18.7,53,timer,3570
10724,Rpi__1,Sensor__4,2024/12/21 11:20,18.7,53,timer,3570
10728,Rpi__1,Sensor__4,2024/12/21 11:25,18.7,53,timer,3570
10732,Rpi__1,Sensor__4,2024/12/21 11:30,18.7,53.1,timer,3570
10736,Rpi__1,Sensor__4,2024/12/21 11:35,18.7,52.9,timer,3570
10740,Rpi__1,Sensor__4,2024/12/21 11:40,18.7,52.7,timer,3570
10744,Rpi__1,Sensor__4,2024/12/21 11:45,18.8,52.6,timer,43170
10748,Rpi__1,Sensor__4,2024/12/21 11:50,18.8,52.7,timer,43170
10752,Rpi__1,Sensor__4,2024/12/21 11:55,18.8,52.4,timer,43170
10756,Rpi__1,Sensor__4,2024/12/21 12:00,18.8,52.7,timer,43170
10760,Rpi__1,Sensor__4,2024/12/21 12:05,18.9,52.6,timer,43170
10764,Rpi__1,Sensor__4,2024/12/21 12:10,18.8,52.7,timer,43170
10768,Rpi__1,Sensor__4,2024/12/21 12:15,18.9,52.6,timer,43170
10772,Rpi__1,Sensor__4,2024/12/21 12:20,18.9,52.6,timer,43170
10776,Rpi__1,Sensor__4,2024/12/21 12:25,18.9,52.6,timer,43170
10780,Rpi__1,Sensor__4,2024/12/21 12:30,18.9,52.7,timer,43170
10784,Rpi__1,Sensor__4,2024/12/21 12:35,18.9,52.6,timer,43170
10788,Rpi__1,Sensor__4,2024/12/21 12:40,18.9,52.5,timer,43170
10792,Rpi__1,Sensor__4,2024/12/21 12:45,18.9,52.6,timer,43170
10796,Rpi__1,Sensor__4,2024/12/21 12:50,19,52.5,timer,3570
10800,Rpi__1,Sensor__4,2024/12/21 12:55,18.9,52.4,timer,3570
10804,Rpi__1,Sensor__4,2024/12/21 13:00,19,52.4,timer,3570
10808,Rpi__1,Sensor__4,2024/12/21 13:05,19,52.5,timer,3570
10812,Rpi__1,Sensor__4,2024/12/21 13:10,19,52.4,timer,3570
10816,Rpi__1,Sensor__4,2024/12/21 13:15,19,52.5,timer,3570
10820,Rpi__1,Sensor__4,2024/12/21 13:20,19,52.4,timer,3570
10824,Rpi__1,Sensor__4,2024/12/21 13:25,19,52.4,timer,3570
10828,Rpi__1,Sensor__4,2024/12/21 13:30,19,52.3,timer,3570
10832,Rpi__1,Sensor__4,2024/12/21 13:35,19,52.3,timer,3570
10836,Rpi__1,Sensor__4,2024/12/21 13:40,19,52.2,timer,3570
10840,Rpi__1,Sensor__4,2024/12/21 13:45,19,52.2,timer,3570
10844,Rpi__1,Sensor__4,2024/12/21 13:50,19,52.3,timer,3570
10848,Rpi__1,Sensor__4,2024/12/21 13:55,19,52.1,timer,3570
10852,Rpi__1,Sensor__4,2024/12/21 14:00,19,52,timer,3570
10856,Rpi__1,Sensor__4,2024/12/21 14:05,19,52,timer,3570
10860,Rpi__1,Sensor__4,2024/12/21 14:10,19,52,timer,3570
10864,Rpi__1,Sensor__4,2024/12/21 14:15,19,51.9,timer,3570
10868,Rpi__1,Sensor__4,2024/12/21 14:20,19,51.8,timer,3570
10872,Rpi__1,Sensor__4,2024/12/21 14:25,19,51.9,timer,3570
10876,Rpi__1,Sensor__4,2024/12/21 14:30,19,51.7,timer,3570
10880,Rpi__1,Sensor__4,2024/12/21 14:35,19,51.6,timer,3570
10884,Rpi__1,Sensor__4,2024/12/21 14:40,19,51.5,timer,3570
10888,Rpi__1,Sensor__4,2024/12/21 14:45,19,51.5,timer,3570
10892,Rpi__1,Sensor__4,2024/12/21 14:50,19,51.4,timer,3570
10896,Rpi__1,Sensor__4,2024/12/21 14:55,19,51.3,timer,3570
10900,Rpi__1,Sensor__4,2024/12/21 15:00,19,51.2,timer,3570
10904,Rpi__1,Sensor__4,2024/12/21 15:05,19.1,51.1,timer,3570
10908,Rpi__1,Sensor__4,2024/12/21 15:10,19,51.1,timer,3570
10912,Rpi__1,Sensor__4,2024/12/21 15:15,19,50.9,timer,3570
10916,Rpi__1,Sensor__4,2024/12/21 15:20,19.1,50.8,timer,3570
10920,Rpi__1,Sensor__4,2024/12/21 15:25,19.1,50.9,timer,3570
10924,Rpi__1,Sensor__4,2024/12/21 15:30,19,50.8,timer,3570
10928,Rpi__1,Sensor__4,2024/12/21 15:35,19,50.6,timer,3570
10932,Rpi__1,Sensor__4,2024/12/21 15:40,19,50.5,timer,3570
10936,Rpi__1,Sensor__4,2024/12/21 15:45,19,50.5,timer,3570
10940,Rpi__1,Sensor__4,2024/12/21 15:50,19.1,50.4,timer,3570
10944,Rpi__1,Sensor__4,2024/12/21 15:55,19,50.2,timer,3570
10948,Rpi__1,Sensor__4,2024/12/21 16:00,19,50.1,timer,3570
10952,Rpi__1,Sensor__4,2024/12/21 16:05,19,50,timer,3570
10956,Rpi__1,Sensor__4,2024/12/21 16:10,19.1,49.9,timer,3570
10960,Rpi__1,Sensor__4,2024/12/21 16:15,19.1,49.8,timer,3570
10964,Rpi__1,Sensor__4,2024/12/21 16:20,19.1,49.8,timer,3570
10968,Rpi__1,Sensor__4,2024/12/21 16:25,19.1,49.5,timer,3570
10972,Rpi__1,Sensor__4,2024/12/21 16:30,19.1,49.4,timer,3570
10976,Rpi__1,Sensor__4,2024/12/21 16:35,19.1,49.5,timer,3570
10980,Rpi__1,Sensor__4,2024/12/21 16:40,19.1,49.4,timer,3570
10984,Rpi__1,Sensor__4,2024/12/21 16:45,19.1,49.2,timer,3570
10988,Rpi__1,Sensor__4,2024/12/21 16:50,19.1,48.9,timer,3570
10992,Rpi__1,Sensor__4,2024/12/21 16:55,19.2,48.8,timer,3570
10996,Rpi__1,Sensor__4,2024/12/21 17:00,19.2,49,timer,3570
11000,Rpi__1,Sensor__4,2024/12/21 17:05,19.2,49.2,timer,3570
11004,Rpi__1,Sensor__4,2024/12/21 17:10,19.2,49.3,timer,3570
11008,Rpi__1,Sensor__4,2024/12/21 17:15,19.2,49.4,timer,3570
11012,Rpi__1,Sensor__4,2024/12/21 17:20,19.2,49.3,timer,3570
11016,Rpi__1,Sensor__4,2024/12/21 17:25,19.2,49.3,timer,3570
11020,Rpi__1,Sensor__4,2024/12/21 17:30,19.3,49.3,timer,3570
11024,Rpi__1,Sensor__4,2024/12/21 17:35,19.3,49.3,timer,3570
11028,Rpi__1,Sensor__4,2024/12/21 17:40,19.3,49.3,timer,3570
11032,Rpi__1,Sensor__4,2024/12/21 17:45,19.2,49.2,timer,3570
11036,Rpi__1,Sensor__4,2024/12/21 17:50,19.2,49.6,timer,3570
11040,Rpi__1,Sensor__4,2024/12/21 17:55,19.2,49.9,timer,3570
11044,Rpi__1,Sensor__4,2024/12/21 18:00,19.1,50.3,timer,3570
11048,Rpi__1,Sensor__4,2024/12/21 18:05,19.1,50.4,timer,3570
11052,Rpi__1,Sensor__4,2024/12/21 18:10,19.1,50.5,timer,3570
11056,Rpi__1,Sensor__4,2024/12/21 18:15,19,50.3,timer,3570
11060,Rpi__1,Sensor__4,2024/12/21 18:20,19,50.3,timer,3570
11064,Rpi__1,Sensor__4,2024/12/21 18:25,18.9,50.2,timer,3570
11068,Rpi__1,Sensor__4,2024/12/21 18:30,18.9,50.2,timer,3570
11072,Rpi__1,Sensor__4,2024/12/21 18:35,18.9,50.4,timer,3570
11076,Rpi__1,Sensor__4,2024/12/21 18:40,18.8,50.1,timer,3570
11080,Rpi__1,Sensor__4,2024/12/21 18:45,18.8,49.9,timer,3570
11084,Rpi__1,Sensor__4,2024/12/21 18:50,18.7,50.2,timer,3570
11088,Rpi__1,Sensor__4,2024/12/21 18:55,18.7,50.5,timer,3570
11092,Rpi__1,Sensor__4,2024/12/21 19:00,18.7,50.8,timer,3570
11096,Rpi__1,Sensor__4,2024/12/21 19:05,18.7,51.2,timer,3570
11100,Rpi__1,Sensor__4,2024/12/21 19:10,18.6,51.2,timer,3570
11104,Rpi__1,Sensor__4,2024/12/21 19:15,18.6,50.9,timer,3570
11108,Rpi__1,Sensor__4,2024/12/21 19:20,18.6,50.9,timer,3570
11112,Rpi__1,Sensor__4,2024/12/21 19:25,18.5,51.8,timer,3570
11116,Rpi__1,Sensor__4,2024/12/21 19:30,18.5,51.5,timer,3570
11120,Rpi__1,Sensor__4,2024/12/21 19:35,18.4,50.9,timer,3570
11124,Rpi__1,Sensor__4,2024/12/21 19:40,18.4,50.8,timer,3570
11128,Rpi__1,Sensor__4,2024/12/21 19:45,18.4,51.1,timer,3570
11132,Rpi__1,Sensor__4,2024/12/21 19:50,18.3,51.1,timer,3570
11136,Rpi__1,Sensor__4,2024/12/21 19:55,18.3,50.5,timer,3570
11140,Rpi__1,Sensor__4,2024/12/21 20:00,18.3,50.5,timer,3570
11144,Rpi__1,Sensor__4,2024/12/21 20:05,18.3,51,timer,3570
11148,Rpi__1,Sensor__4,2024/12/21 20:10,18.3,51.1,timer,3570
11152,Rpi__1,Sensor__4,2024/12/21 20:15,18.2,51.9,timer,3570
11156,Rpi__1,Sensor__4,2024/12/21 20:20,18.2,52.1,timer,3570
11160,Rpi__1,Sensor__4,2024/12/21 20:25,18.2,52.1,timer,3570
11164,Rpi__1,Sensor__4,2024/12/21 20:30,18.2,52.1,timer,3570
11168,Rpi__1,Sensor__4,2024/12/21 20:35,18.1,51,timer,3570
11172,Rpi__1,Sensor__4,2024/12/21 20:40,18.1,50.6,timer,3570
11176,Rpi__1,Sensor__4,2024/12/21 20:45,18.1,51.1,timer,3570
11180,Rpi__1,Sensor__4,2024/12/21 20:50,18.1,52.2,timer,3570
11184,Rpi__1,Sensor__4,2024/12/21 20:55,18.1,51.8,timer,3570
11188,Rpi__1,Sensor__4,2024/12/21 21:00,18.1,51.7,timer,3570
11192,Rpi__1,Sensor__4,2024/12/21 21:05,18,51.9,timer,3570
11196,Rpi__1,Sensor__4,2024/12/21 21:10,18.1,52.6,timer,3570
11200,Rpi__1,Sensor__4,2024/12/21 21:15,18,52.4,timer,3570
11204,Rpi__1,Sensor__4,2024/12/21 21:20,18,52.4,timer,3570
11208,Rpi__1,Sensor__4,2024/12/21 21:25,18.1,51.4,timer,3570
11212,Rpi__1,Sensor__4,2024/12/21 21:30,18.1,53.9,timer,3570
11216,Rpi__1,Sensor__4,2024/12/21 21:35,18.1,52.4,timer,3570
11220,Rpi__1,Sensor__4,2024/12/21 21:40,18,52.3,timer,3570
11224,Rpi__1,Sensor__4,2024/12/21 21:45,18,52.6,timer,3570
11228,Rpi__1,Sensor__4,2024/12/21 21:50,18,52.8,timer,3570
11232,Rpi__1,Sensor__4,2024/12/21 21:55,18,52.5,timer,3570
11236,Rpi__1,Sensor__4,2024/12/21 22:00,18,52.8,timer,3570
11240,Rpi__1,Sensor__4,2024/12/21 22:05,18,52.8,timer,3570
11244,Rpi__1,Sensor__4,2024/12/21 22:10,17.9,52.4,timer,3570
11248,Rpi__1,Sensor__4,2024/12/21 22:15,17.9,52.6,timer,3570
11252,Rpi__1,Sensor__4,2024/12/21 22:20,17.9,52.6,timer,3570
11256,Rpi__1,Sensor__4,2024/12/21 22:25,17.9,52.6,timer,3570
11260,Rpi__1,Sensor__4,2024/12/21 22:30,17.9,52.4,timer,3570
11264,Rpi__1,Sensor__4,2024/12/21 22:35,17.9,52.6,timer,3570
11268,Rpi__1,Sensor__4,2024/12/21 22:40,17.9,52.5,timer,3570
11272,Rpi__1,Sensor__4,2024/12/21 22:45,17.9,52.5,timer,3570
11276,Rpi__1,Sensor__4,2024/12/21 22:50,17.9,52.2,timer,3570
11280,Rpi__1,Sensor__4,2024/12/21 22:55,17.9,52,timer,3570
11284,Rpi__1,Sensor__4,2024/12/21 23:00,17.9,52,timer,3570
11288,Rpi__1,Sensor__4,2024/12/21 23:05,17.9,52,timer,3570
11292,Rpi__1,Sensor__4,2024/12/21 23:10,17.9,51.8,timer,3570
11296,Rpi__1,Sensor__4,2024/12/21 23:15,17.8,51.1,timer,3570
11300,Rpi__1,Sensor__4,2024/12/21 23:20,17.9,52.3,timer,3570
11304,Rpi__1,Sensor__4,2024/12/21 23:25,17.8,53.7,timer,3570
11308,Rpi__1,Sensor__4,2024/12/21 23:30,17.9,54,timer,3570
11312,Rpi__1,Sensor__4,2024/12/21 23:35,17.9,53.7,timer,3570
11316,Rpi__1,Sensor__4,2024/12/21 23:40,17.8,53.1,timer,3570
11320,Rpi__1,Sensor__4,2024/12/21 23:45,17.8,52.4,timer,43170
11324,Rpi__1,Sensor__4,2024/12/21 23:50,17.8,52.4,timer,43170
11328,Rpi__1,Sensor__4,2024/12/21 23:55,17.8,52,timer,43170
11332,Rpi__1,Sensor__4,2024/12/22 0:00,17.8,51.7,timer,43170
11336,Rpi__1,Sensor__4,2024/12/22 0:05,17.8,52.6,timer,43170
11340,Rpi__1,Sensor__4,2024/12/22 0:10,17.8,52.4,timer,43170
11344,Rpi__1,Sensor__4,2024/12/22 0:15,17.8,52.5,timer,43170
11348,Rpi__1,Sensor__4,2024/12/22 0:20,17.7,52.4,timer,43170
11352,Rpi__1,Sensor__4,2024/12/22 0:25,17.7,52.4,timer,43170
11356,Rpi__1,Sensor__4,2024/12/22 0:30,17.7,52.4,timer,43170
11360,Rpi__1,Sensor__4,2024/12/22 0:35,17.7,52.3,timer,43170
11364,Rpi__1,Sensor__4,2024/12/22 0:40,17.7,52.2,timer,43170
11368,Rpi__1,Sensor__4,2024/12/22 0:50,17.7,52,timer,3570
11372,Rpi__1,Sensor__4,2024/12/22 0:55,17.7,52.1,timer,3570
11376,Rpi__1,Sensor__4,2024/12/22 1:00,17.7,52,timer,3570
11380,Rpi__1,Sensor__4,2024/12/22 1:05,17.7,51.9,timer,3570
11384,Rpi__1,Sensor__4,2024/12/22 1:10,17.7,51.8,timer,3570
11388,Rpi__1,Sensor__4,2024/12/22 1:15,17.7,50.7,timer,3570
11392,Rpi__1,Sensor__4,2024/12/22 1:20,17.7,53.4,timer,3570
11396,Rpi__1,Sensor__4,2024/12/22 1:25,17.7,55.7,timer,3570
11400,Rpi__1,Sensor__4,2024/12/22 1:30,17.7,56.5,timer,3570
11404,Rpi__1,Sensor__4,2024/12/22 1:35,17.7,57,timer,3570
11408,Rpi__1,Sensor__4,2024/12/22 1:40,17.7,57.2,timer,3570
11412,Rpi__1,Sensor__4,2024/12/22 1:45,17.6,57.4,timer,3570
11416,Rpi__1,Sensor__4,2024/12/22 1:50,17.6,57.3,timer,3570
11420,Rpi__1,Sensor__4,2024/12/22 1:55,17.6,56.4,timer,3570
11424,Rpi__1,Sensor__4,2024/12/22 2:00,17.6,54,timer,3570
11428,Rpi__1,Sensor__4,2024/12/22 2:05,17.6,54.2,timer,3570
11432,Rpi__1,Sensor__4,2024/12/22 2:10,17.6,54.1,timer,3570
11436,Rpi__1,Sensor__4,2024/12/22 2:15,17.6,54.1,timer,3570
11440,Rpi__1,Sensor__4,2024/12/22 2:20,17.5,53.5,timer,3570
11444,Rpi__1,Sensor__4,2024/12/22 2:25,17.5,53.6,timer,3570
11448,Rpi__1,Sensor__4,2024/12/22 2:30,17.5,53.2,timer,3570
11452,Rpi__1,Sensor__4,2024/12/22 2:35,17.5,52.8,timer,3570
11456,Rpi__1,Sensor__4,2024/12/22 2:40,17.5,52.8,timer,3570
11460,Rpi__1,Sensor__4,2024/12/22 2:45,17.5,52.3,timer,3570
11464,Rpi__1,Sensor__4,2024/12/22 2:50,17.5,52.4,timer,3570
11468,Rpi__1,Sensor__4,2024/12/22 2:55,17.5,52.1,timer,3570
11472,Rpi__1,Sensor__4,2024/12/22 3:00,17.5,51.8,timer,3570
11476,Rpi__1,Sensor__4,2024/12/22 3:05,17.5,51.6,timer,3570
11480,Rpi__1,Sensor__4,2024/12/22 3:10,17.5,49.8,timer,3570
11484,Rpi__1,Sensor__4,2024/12/22 3:15,17.5,53,timer,3570
11488,Rpi__1,Sensor__4,2024/12/22 3:20,17.5,53,timer,3570
11492,Rpi__1,Sensor__4,2024/12/22 3:25,17.5,53.4,timer,3570
11496,Rpi__1,Sensor__4,2024/12/22 3:30,17.5,53.4,timer,3570
11500,Rpi__1,Sensor__4,2024/12/22 3:35,17.5,53.5,timer,3570
11504,Rpi__1,Sensor__4,2024/12/22 3:40,17.4,53.4,timer,3570
11508,Rpi__1,Sensor__4,2024/12/22 3:45,17.5,53.4,timer,3570
11512,Rpi__1,Sensor__4,2024/12/22 3:50,17.5,53.4,timer,3570
11516,Rpi__1,Sensor__4,2024/12/22 3:55,17.4,53.4,timer,3570
11520,Rpi__1,Sensor__4,2024/12/22 4:00,17.4,53.4,timer,3570
11524,Rpi__1,Sensor__4,2024/12/22 4:05,17.4,54.7,timer,3570
11528,Rpi__1,Sensor__4,2024/12/22 4:10,17.4,55.9,timer,3570
11532,Rpi__1,Sensor__4,2024/12/22 4:15,17.4,56,timer,3570
11536,Rpi__1,Sensor__4,2024/12/22 4:20,17.4,56.2,timer,3570
11540,Rpi__1,Sensor__4,2024/12/22 4:25,17.4,55.8,timer,3570
11544,Rpi__1,Sensor__4,2024/12/22 4:30,17.4,55.9,timer,3570
11548,Rpi__1,Sensor__4,2024/12/22 4:35,17.4,55.3,timer,3570
11552,Rpi__1,Sensor__4,2024/12/22 4:40,17.4,54.1,timer,3570
11556,Rpi__1,Sensor__4,2024/12/22 4:45,17.4,52.8,timer,3570
11560,Rpi__1,Sensor__4,2024/12/22 4:50,17.3,53.2,timer,3570
11564,Rpi__1,Sensor__4,2024/12/22 4:55,17.3,53.2,timer,3570
11568,Rpi__1,Sensor__4,2024/12/22 5:00,17.3,52.6,timer,3570
11572,Rpi__1,Sensor__4,2024/12/22 5:05,17.3,52.5,timer,3570
11576,Rpi__1,Sensor__4,2024/12/22 5:10,17.3,52.5,timer,3570
11580,Rpi__1,Sensor__4,2024/12/22 5:15,17.3,52.7,timer,3570
11584,Rpi__1,Sensor__4,2024/12/22 5:20,17.3,52.7,timer,3570
11588,Rpi__1,Sensor__4,2024/12/22 5:25,17.2,51.8,timer,3570
11592,Rpi__1,Sensor__4,2024/12/22 5:30,17.2,50.5,timer,3570
11596,Rpi__1,Sensor__4,2024/12/22 5:35,17.2,50.5,timer,3570
11600,Rpi__1,Sensor__4,2024/12/22 5:40,17.2,51.1,timer,3570
11604,Rpi__1,Sensor__4,2024/12/22 5:45,17.2,51,timer,3570
11608,Rpi__1,Sensor__4,2024/12/22 5:50,17.2,50.6,timer,3570
11612,Rpi__1,Sensor__4,2024/12/22 5:55,17.2,50.6,timer,3570
11616,Rpi__1,Sensor__4,2024/12/22 6:00,17.2,50.6,timer,3570
11620,Rpi__1,Sensor__4,2024/12/22 6:05,17.2,50.2,timer,3570
11624,Rpi__1,Sensor__4,2024/12/22 6:10,17.2,50.1,timer,3570
11628,Rpi__1,Sensor__4,2024/12/22 6:15,17.2,53.8,timer,3570
11632,Rpi__1,Sensor__4,2024/12/22 6:20,17.2,53.8,timer,3570
11636,Rpi__1,Sensor__4,2024/12/22 6:25,17.2,53.9,timer,3570
11640,Rpi__1,Sensor__4,2024/12/22 6:30,17.2,53.8,timer,3570
11644,Rpi__1,Sensor__4,2024/12/22 6:35,17.2,53.8,timer,3570
11648,Rpi__1,Sensor__4,2024/12/22 6:40,17.2,54.3,timer,3570
11652,Rpi__1,Sensor__4,2024/12/22 6:45,17.2,55,timer,3570
11656,Rpi__1,Sensor__4,2024/12/22 6:50,17.2,55.2,timer,3570
11660,Rpi__1,Sensor__4,2024/12/22 6:55,17.1,55.3,timer,3570
11664,Rpi__1,Sensor__4,2024/12/22 7:00,17.1,55.5,timer,3570
11668,Rpi__1,Sensor__4,2024/12/22 7:05,17.1,55.3,timer,3570
11672,Rpi__1,Sensor__4,2024/12/22 7:10,17.1,55.3,timer,3570
11676,Rpi__1,Sensor__4,2024/12/22 7:15,17.1,53.3,timer,3570
11680,Rpi__1,Sensor__4,2024/12/22 7:20,17.1,51.6,timer,3570
11684,Rpi__1,Sensor__4,2024/12/22 7:25,17.1,52.6,timer,3570
11688,Rpi__1,Sensor__4,2024/12/22 7:30,17,52.1,timer,3570
11692,Rpi__1,Sensor__4,2024/12/22 7:35,17,51.4,timer,3570
11696,Rpi__1,Sensor__4,2024/12/22 7:40,17,50.5,timer,3570
11700,Rpi__1,Sensor__4,2024/12/22 7:45,17,50.9,timer,3570
11704,Rpi__1,Sensor__4,2024/12/22 7:50,17,51.1,timer,3570
11708,Rpi__1,Sensor__4,2024/12/22 7:55,17,50.8,timer,3570
11712,Rpi__1,Sensor__4,2024/12/22 8:00,17,50.4,timer,3570
11716,Rpi__1,Sensor__4,2024/12/22 8:05,17,48.9,timer,3570
11720,Rpi__1,Sensor__4,2024/12/22 8:10,17,47.8,timer,3570
11724,Rpi__1,Sensor__4,2024/12/22 8:15,17,51.5,timer,3570
11728,Rpi__1,Sensor__4,2024/12/22 8:20,17,52.8,timer,3570
11732,Rpi__1,Sensor__4,2024/12/22 8:25,17,53,timer,3570
11736,Rpi__1,Sensor__4,2024/12/22 8:30,17,53,timer,3570
11740,Rpi__1,Sensor__4,2024/12/22 8:35,17,51.9,timer,3570
11744,Rpi__1,Sensor__4,2024/12/22 8:40,17,51.9,timer,3570
11748,Rpi__1,Sensor__4,2024/12/22 8:45,17,52,timer,3570
11752,Rpi__1,Sensor__4,2024/12/22 8:50,16.9,51.5,timer,3570
11756,Rpi__1,Sensor__4,2024/12/22 8:55,17,51.7,timer,3570
11760,Rpi__1,Sensor__4,2024/12/22 9:00,17,51.5,timer,3570
11764,Rpi__1,Sensor__4,2024/12/22 9:05,16.9,51,timer,3570
11768,Rpi__1,Sensor__4,2024/12/22 9:10,16.9,50.5,timer,3570
11772,Rpi__1,Sensor__4,2024/12/22 9:15,16.9,50.7,timer,3570
11776,Rpi__1,Sensor__4,2024/12/22 9:20,16.9,50.7,timer,3570
11780,Rpi__1,Sensor__4,2024/12/22 9:25,16.9,50.9,timer,3570
11784,Rpi__1,Sensor__4,2024/12/22 9:30,16.9,51.5,timer,3570
11788,Rpi__1,Sensor__4,2024/12/22 9:35,16.9,51.5,timer,3570
11792,Rpi__1,Sensor__4,2024/12/22 9:40,16.9,51.4,timer,3570
11796,Rpi__1,Sensor__4,2024/12/22 9:45,16.9,51.6,timer,3570
11800,Rpi__1,Sensor__4,2024/12/22 9:50,16.9,51.3,timer,3570
11804,Rpi__1,Sensor__4,2024/12/22 9:55,16.9,51.2,timer,3570
11808,Rpi__1,Sensor__4,2024/12/22 10:00,16.9,51.2,timer,3570
11812,Rpi__1,Sensor__4,2024/12/22 10:05,16.9,50.9,timer,3570
11816,Rpi__1,Sensor__4,2024/12/22 10:10,16.9,50.5,timer,3570
11820,Rpi__1,Sensor__4,2024/12/22 10:15,16.9,51.1,timer,3570
11824,Rpi__1,Sensor__4,2024/12/22 10:20,16.9,51.1,timer,3570
11828,Rpi__1,Sensor__4,2024/12/22 10:25,16.8,50.9,timer,3570
11832,Rpi__1,Sensor__4,2024/12/22 10:30,16.8,50.9,timer,3570
11836,Rpi__1,Sensor__4,2024/12/22 10:35,16.9,50.8,timer,3570
11840,Rpi__1,Sensor__4,2024/12/22 10:40,16.9,51,timer,3570
11844,Rpi__1,Sensor__4,2024/12/22 10:45,16.9,50.6,timer,3570
11848,Rpi__1,Sensor__4,2024/12/22 10:50,16.9,48.8,timer,3570
11852,Rpi__1,Sensor__4,2024/12/22 10:55,16.8,49.2,timer,3570
11856,Rpi__1,Sensor__4,2024/12/22 11:00,16.8,47.3,timer,3570
11860,Rpi__1,Sensor__4,2024/12/22 11:05,16.8,47.3,timer,3570
11864,Rpi__1,Sensor__4,2024/12/22 11:10,16.8,46.4,timer,3570
11868,Rpi__1,Sensor__4,2024/12/22 11:15,16.8,46.3,timer,3570
11872,Rpi__1,Sensor__4,2024/12/22 11:20,16.8,45.7,timer,3570
11876,Rpi__1,Sensor__4,2024/12/22 11:25,16.8,45.2,timer,3570
11880,Rpi__1,Sensor__4,2024/12/22 11:30,16.8,44.8,timer,3570
11884,Rpi__1,Sensor__4,2024/12/22 11:35,16.8,44.7,timer,3570
11888,Rpi__1,Sensor__4,2024/12/22 11:40,16.8,44.9,timer,3570
11892,Rpi__1,Sensor__4,2024/12/22 11:45,16.8,45.1,timer,43170
11896,Rpi__1,Sensor__4,2024/12/22 11:50,16.8,44.9,timer,43170
11900,Rpi__1,Sensor__4,2024/12/22 11:55,16.8,45.2,timer,43170
11904,Rpi__1,Sensor__4,2024/12/22 12:00,16.8,45.1,timer,43170
11908,Rpi__1,Sensor__4,2024/12/22 12:05,16.8,45.1,timer,43170
11912,Rpi__1,Sensor__4,2024/12/22 12:10,16.8,45.1,timer,43170
11916,Rpi__1,Sensor__4,2024/12/22 12:15,16.8,45.2,timer,43170
11920,Rpi__1,Sensor__4,2024/12/22 12:20,16.8,45.5,timer,43170
11924,Rpi__1,Sensor__4,2024/12/22 12:25,16.8,46.6,timer,43170
11928,Rpi__1,Sensor__4,2024/12/22 12:30,16.8,46.9,timer,43170
11932,Rpi__1,Sensor__4,2024/12/22 12:35,16.8,46,timer,43170
11936,Rpi__1,Sensor__4,2024/12/22 12:40,16.7,45.2,timer,43170
11940,Rpi__1,Sensor__4,2024/12/22 12:45,16.8,45.5,timer,43170
11944,Rpi__1,Sensor__4,2024/12/22 12:50,16.7,44.7,timer,3570
11948,Rpi__1,Sensor__4,2024/12/22 12:55,16.8,49.4,timer,3570
11952,Rpi__1,Sensor__4,2024/12/22 13:00,16.8,50,timer,3570
11956,Rpi__1,Sensor__4,2024/12/22 13:05,16.8,49.8,timer,3570
11960,Rpi__1,Sensor__4,2024/12/22 13:10,16.8,49.7,timer,3570
11964,Rpi__1,Sensor__4,2024/12/22 13:15,16.8,51.3,timer,3570
11968,Rpi__1,Sensor__4,2024/12/22 13:20,16.8,51.9,timer,3570
11972,Rpi__1,Sensor__4,2024/12/22 13:25,16.8,51.9,timer,3570
11976,Rpi__1,Sensor__4,2024/12/22 13:30,16.8,52.4,timer,3570
11980,Rpi__1,Sensor__4,2024/12/22 13:35,16.8,52.6,timer,3570
11984,Rpi__1,Sensor__4,2024/12/22 13:40,16.8,52.3,timer,3570
11988,Rpi__1,Sensor__4,2024/12/22 13:45,16.8,50,timer,3570
11992,Rpi__1,Sensor__4,2024/12/22 13:50,16.8,50,timer,3570
11996,Rpi__1,Sensor__4,2024/12/22 13:55,16.8,50.9,timer,3570
12000,Rpi__1,Sensor__4,2024/12/22 14:00,16.8,51.7,timer,3570
12004,Rpi__1,Sensor__4,2024/12/22 14:05,16.8,53.6,timer,3570
12008,Rpi__1,Sensor__4,2024/12/22 14:10,16.8,53.5,timer,3570
12012,Rpi__1,Sensor__4,2024/12/22 14:15,16.8,53,timer,3570
12016,Rpi__1,Sensor__4,2024/12/22 14:20,16.7,53.8,timer,3570
12020,Rpi__1,Sensor__4,2024/12/22 14:25,16.7,52.6,timer,3570
12024,Rpi__1,Sensor__4,2024/12/22 14:30,16.7,53.4,timer,3570
12028,Rpi__1,Sensor__4,2024/12/22 14:35,16.7,53.7,timer,3570
12032,Rpi__1,Sensor__4,2024/12/22 14:40,16.7,53.6,timer,3570
12036,Rpi__1,Sensor__4,2024/12/22 14:45,16.7,51.1,timer,3570
12040,Rpi__1,Sensor__4,2024/12/22 14:50,16.7,48.5,timer,3570
12044,Rpi__1,Sensor__4,2024/12/22 14:55,16.6,48.3,timer,3570
12048,Rpi__1,Sensor__4,2024/12/22 15:00,16.7,48.5,timer,3570
12052,Rpi__1,Sensor__4,2024/12/22 15:05,16.7,48.3,timer,3570
12056,Rpi__1,Sensor__4,2024/12/22 15:10,16.7,48.3,timer,3570
12060,Rpi__1,Sensor__4,2024/12/22 15:15,16.7,48,timer,3570
12064,Rpi__1,Sensor__4,2024/12/22 15:20,16.7,47.9,timer,3570
12068,Rpi__1,Sensor__4,2024/12/22 15:25,16.7,47.9,timer,3570
12072,Rpi__1,Sensor__4,2024/12/22 15:30,16.7,47.3,timer,3570
12076,Rpi__1,Sensor__4,2024/12/22 15:35,16.7,46.9,timer,3570
12080,Rpi__1,Sensor__4,2024/12/22 15:40,16.7,45.3,timer,3570
12084,Rpi__1,Sensor__4,2024/12/22 15:45,16.7,48.5,timer,3570
12088,Rpi__1,Sensor__4,2024/12/22 15:50,16.7,48.9,timer,3570
12092,Rpi__1,Sensor__4,2024/12/22 15:55,16.7,48.2,timer,3570
12096,Rpi__1,Sensor__4,2024/12/22 16:00,16.7,48.3,timer,3570
12100,Rpi__1,Sensor__4,2024/12/22 16:05,16.7,48.2,timer,3570
12104,Rpi__1,Sensor__4,2024/12/22 16:10,16.7,48,timer,3570
12108,Rpi__1,Sensor__4,2024/12/22 16:15,16.7,47.8,timer,3570
12112,Rpi__1,Sensor__4,2024/12/22 16:20,16.7,47.7,timer,3570
12116,Rpi__1,Sensor__4,2024/12/22 16:25,16.7,47.5,timer,3570
12120,Rpi__1,Sensor__4,2024/12/22 16:30,16.7,47.3,timer,3570
12124,Rpi__1,Sensor__4,2024/12/22 16:35,16.7,45.9,timer,3570
12128,Rpi__1,Sensor__4,2024/12/22 16:40,16.6,45.7,timer,3570
12132,Rpi__1,Sensor__4,2024/12/22 16:45,16.6,45.6,timer,3570
12136,Rpi__1,Sensor__4,2024/12/22 16:50,16.6,45.2,timer,3570
12140,Rpi__1,Sensor__4,2024/12/22 16:55,16.6,45.2,timer,3570
12144,Rpi__1,Sensor__4,2024/12/22 17:00,16.6,44.3,timer,3570
12148,Rpi__1,Sensor__4,2024/12/22 17:05,16.6,44.4,timer,3570
12152,Rpi__1,Sensor__4,2024/12/22 17:10,16.6,44.6,timer,3570
12156,Rpi__1,Sensor__4,2024/12/22 17:15,16.6,44.6,timer,3570
12160,Rpi__1,Sensor__4,2024/12/22 17:20,16.6,44.8,timer,3570
12164,Rpi__1,Sensor__4,2024/12/22 17:25,16.6,44.6,timer,3570
12168,Rpi__1,Sensor__4,2024/12/22 17:30,16.6,44.4,timer,3570
12172,Rpi__1,Sensor__4,2024/12/22 17:35,16.6,44.5,timer,3570
12176,Rpi__1,Sensor__4,2024/12/22 17:40,16.6,44.6,timer,3570
12180,Rpi__1,Sensor__4,2024/12/22 17:45,16.6,44.6,timer,3570
12184,Rpi__1,Sensor__4,2024/12/22 17:50,16.6,44.7,timer,3570
12188,Rpi__1,Sensor__4,2024/12/22 17:55,16.6,45,timer,3570
12192,Rpi__1,Sensor__4,2024/12/22 18:00,16.6,44.9,timer,3570
12196,Rpi__1,Sensor__4,2024/12/22 18:05,16.6,47.1,timer,3570
12200,Rpi__1,Sensor__4,2024/12/22 18:10,16.6,47.9,timer,3570
12204,Rpi__1,Sensor__4,2024/12/22 18:15,16.6,47.7,timer,3570
12208,Rpi__1,Sensor__4,2024/12/22 18:20,16.6,48.4,timer,3570
12212,Rpi__1,Sensor__4,2024/12/22 18:25,16.6,48.4,timer,3570
12216,Rpi__1,Sensor__4,2024/12/22 18:30,16.6,48.7,timer,3570
12220,Rpi__1,Sensor__4,2024/12/22 18:35,16.6,49.1,timer,3570
12224,Rpi__1,Sensor__4,2024/12/22 18:40,16.6,50.7,timer,3570
12228,Rpi__1,Sensor__4,2024/12/22 18:45,16.6,50.8,timer,3570
12232,Rpi__1,Sensor__4,2024/12/22 18:50,16.6,52.3,timer,3570
12236,Rpi__1,Sensor__4,2024/12/22 18:55,16.6,51.1,timer,3570
12240,Rpi__1,Sensor__4,2024/12/22 19:00,16.6,50.1,timer,3570
12244,Rpi__1,Sensor__4,2024/12/22 19:05,16.6,51.2,timer,3570
12248,Rpi__1,Sensor__4,2024/12/22 19:10,16.6,53.1,timer,3570
12252,Rpi__1,Sensor__4,2024/12/22 19:15,16.6,52.6,timer,3570
12256,Rpi__1,Sensor__4,2024/12/22 19:20,16.6,51.3,timer,3570
12260,Rpi__1,Sensor__4,2024/12/22 19:25,16.6,51.4,timer,3570
12264,Rpi__1,Sensor__4,2024/12/22 19:30,16.5,51.2,timer,3570
12268,Rpi__1,Sensor__4,2024/12/22 19:35,16.5,51.2,timer,3570
12272,Rpi__1,Sensor__4,2024/12/22 19:40,16.5,51.5,timer,3570
12276,Rpi__1,Sensor__4,2024/12/22 19:45,16.5,51.6,timer,3570
12280,Rpi__1,Sensor__4,2024/12/22 19:50,16.5,51.8,timer,3570
12284,Rpi__1,Sensor__4,2024/12/22 19:55,16.5,52,timer,3570
12288,Rpi__1,Sensor__4,2024/12/22 20:00,16.5,51.9,timer,3570
12292,Rpi__1,Sensor__4,2024/12/22 20:05,16.5,51.9,timer,3570
12296,Rpi__1,Sensor__4,2024/12/22 20:10,16.5,51.6,timer,3570
12300,Rpi__1,Sensor__4,2024/12/22 20:15,16.5,49.7,timer,3570
12304,Rpi__1,Sensor__4,2024/12/22 20:20,16.5,48,timer,3570
12308,Rpi__1,Sensor__4,2024/12/22 20:25,16.4,47.1,timer,3570
12312,Rpi__1,Sensor__4,2024/12/22 20:30,16.4,46.5,timer,3570
12316,Rpi__1,Sensor__4,2024/12/22 20:35,16.4,46.2,timer,3570
12320,Rpi__1,Sensor__4,2024/12/22 20:40,16.4,46,timer,3570
12324,Rpi__1,Sensor__4,2024/12/22 20:45,16.4,45.9,timer,3570
12328,Rpi__1,Sensor__4,2024/12/22 20:50,16.4,46,timer,3570
12332,Rpi__1,Sensor__4,2024/12/22 20:55,16.4,45.8,timer,3570
12336,Rpi__1,Sensor__4,2024/12/22 21:00,16.4,45.5,timer,3570
12340,Rpi__1,Sensor__4,2024/12/22 21:05,16.4,45.4,timer,3570
12344,Rpi__1,Sensor__4,2024/12/22 21:10,16.4,45.2,timer,3570
12348,Rpi__1,Sensor__4,2024/12/22 21:15,16.4,45.4,timer,3570
12352,Rpi__1,Sensor__4,2024/12/22 21:20,16.4,44.7,timer,3570
12356,Rpi__1,Sensor__4,2024/12/22 21:25,16.4,44.5,timer,3570
12360,Rpi__1,Sensor__4,2024/12/22 21:30,16.4,44.5,timer,3570
12364,Rpi__1,Sensor__4,2024/12/22 21:35,16.4,44.7,timer,3570
12368,Rpi__1,Sensor__4,2024/12/22 21:40,16.4,44.5,timer,3570
12372,Rpi__1,Sensor__4,2024/12/22 21:45,16.4,44.1,timer,3570
12376,Rpi__1,Sensor__4,2024/12/22 21:50,16.3,44.4,timer,3570
12380,Rpi__1,Sensor__4,2024/12/22 21:55,16.3,44.3,timer,3570
12384,Rpi__1,Sensor__4,2024/12/22 22:00,16.3,43.8,timer,3570
12388,Rpi__1,Sensor__4,2024/12/22 22:05,16.4,43.8,timer,3570
12392,Rpi__1,Sensor__4,2024/12/22 22:10,16.4,43.9,timer,3570
12396,Rpi__1,Sensor__4,2024/12/22 22:15,16.3,44,timer,3570
12400,Rpi__1,Sensor__4,2024/12/22 22:20,16.3,44.6,timer,3570
12404,Rpi__1,Sensor__4,2024/12/22 22:25,16.3,44.6,timer,3570
12408,Rpi__1,Sensor__4,2024/12/22 22:30,16.4,48.5,timer,3570
12412,Rpi__1,Sensor__4,2024/12/22 22:35,16.4,48.5,timer,3570
12416,Rpi__1,Sensor__4,2024/12/22 22:40,16.4,48.9,timer,3570
12420,Rpi__1,Sensor__4,2024/12/22 22:45,16.4,49.3,timer,3570
12424,Rpi__1,Sensor__4,2024/12/22 22:50,16.4,49.3,timer,3570
12428,Rpi__1,Sensor__4,2024/12/22 22:55,16.3,50.2,timer,3570
12432,Rpi__1,Sensor__4,2024/12/22 23:00,16.4,50.7,timer,3570
12436,Rpi__1,Sensor__4,2024/12/22 23:05,16.3,51.4,timer,3570
12440,Rpi__1,Sensor__4,2024/12/22 23:10,16.3,51.8,timer,3570
12444,Rpi__1,Sensor__4,2024/12/22 23:15,16.3,51.8,timer,3570
12448,Rpi__1,Sensor__4,2024/12/22 23:20,16.3,51.3,timer,3570
12452,Rpi__1,Sensor__4,2024/12/22 23:25,16.3,51.2,timer,3570
12456,Rpi__1,Sensor__4,2024/12/22 23:30,16.3,51.2,timer,3570
12460,Rpi__1,Sensor__4,2024/12/22 23:35,16.3,51.2,timer,3570
12464,Rpi__1,Sensor__4,2024/12/22 23:40,16.2,51.2,timer,3570
12468,Rpi__1,Sensor__4,2024/12/22 23:45,16.2,51.3,timer,43170
12472,Rpi__1,Sensor__4,2024/12/22 23:50,16.2,51.6,timer,43170
12476,Rpi__1,Sensor__4,2024/12/22 23:55,16.2,51.8,timer,43170
12480,Rpi__1,Sensor__4,2024/12/23 0:05,16.2,51.8,timer,43170
12484,Rpi__1,Sensor__4,2024/12/23 0:10,16.2,51.9,timer,43170
12488,Rpi__1,Sensor__4,2024/12/23 0:15,16.2,51.7,timer,43170
12492,Rpi__1,Sensor__4,2024/12/23 0:20,16.2,51.7,timer,43170
12496,Rpi__1,Sensor__4,2024/12/23 0:25,16.1,51.1,timer,43170
12500,Rpi__1,Sensor__4,2024/12/23 0:30,16.1,49.5,timer,43170
12504,Rpi__1,Sensor__4,2024/12/23 0:35,16.1,48,timer,43170
12508,Rpi__1,Sensor__4,2024/12/23 0:40,16.1,47.4,timer,43170
12512,Rpi__1,Sensor__4,2024/12/23 0:45,16.1,47.2,timer,43170
12516,Rpi__1,Sensor__4,2024/12/23 0:50,16.1,47.6,timer,3570
12520,Rpi__1,Sensor__4,2024/12/23 0:55,16,47.6,timer,3570
12524,Rpi__1,Sensor__4,2024/12/23 1:00,16,47,timer,3570
12528,Rpi__1,Sensor__4,2024/12/23 1:05,16.1,45.4,timer,3570
12532,Rpi__1,Sensor__4,2024/12/23 1:10,16.1,48.8,timer,3570
12536,Rpi__1,Sensor__4,2024/12/23 1:15,16.1,49.8,timer,3570
12540,Rpi__1,Sensor__4,2024/12/23 1:20,16.1,49.8,timer,3570
12544,Rpi__1,Sensor__4,2024/12/23 1:25,16.1,49.9,timer,3570
12548,Rpi__1,Sensor__4,2024/12/23 1:30,16,49.9,timer,3570
12552,Rpi__1,Sensor__4,2024/12/23 1:35,16,50,timer,3570
12556,Rpi__1,Sensor__4,2024/12/23 1:40,16,49.9,timer,3570
12560,Rpi__1,Sensor__4,2024/12/23 1:45,16,49.9,timer,3570
12564,Rpi__1,Sensor__4,2024/12/23 1:50,16,50,timer,3570
12568,Rpi__1,Sensor__4,2024/12/23 1:55,16,50.1,timer,3570
12572,Rpi__1,Sensor__4,2024/12/23 2:00,16,49.9,timer,3570
12576,Rpi__1,Sensor__4,2024/12/23 2:05,15.9,49.8,timer,3570
12580,Rpi__1,Sensor__4,2024/12/23 2:10,15.9,49.9,timer,3570
12584,Rpi__1,Sensor__4,2024/12/23 2:15,15.9,49.8,timer,3570
12588,Rpi__1,Sensor__4,2024/12/23 2:20,15.9,49.6,timer,3570
12592,Rpi__1,Sensor__4,2024/12/23 2:25,15.9,49.3,timer,3570
12596,Rpi__1,Sensor__4,2024/12/23 2:30,15.9,49.7,timer,3570
12600,Rpi__1,Sensor__4,2024/12/23 2:35,15.9,49.7,timer,3570
12604,Rpi__1,Sensor__4,2024/12/23 2:40,15.9,49.5,timer,3570
12608,Rpi__1,Sensor__4,2024/12/23 2:45,15.9,49.5,timer,3570
12612,Rpi__1,Sensor__4,2024/12/23 2:50,15.9,49.6,timer,3570
12616,Rpi__1,Sensor__4,2024/12/23 2:55,15.9,49.6,timer,3570
12620,Rpi__1,Sensor__4,2024/12/23 3:00,15.8,49.9,timer,3570
12624,Rpi__1,Sensor__4,2024/12/23 3:05,15.8,49.9,timer,3570
12628,Rpi__1,Sensor__4,2024/12/23 3:10,15.8,49.9,timer,3570
12632,Rpi__1,Sensor__4,2024/12/23 3:15,15.8,49.7,timer,3570
12636,Rpi__1,Sensor__4,2024/12/23 3:20,15.8,49.4,timer,3570
12640,Rpi__1,Sensor__4,2024/12/23 3:25,15.8,49.6,timer,3570
12644,Rpi__1,Sensor__4,2024/12/23 3:30,15.8,49.5,timer,3570
12648,Rpi__1,Sensor__4,2024/12/23 3:35,15.8,49.7,timer,3570
12652,Rpi__1,Sensor__4,2024/12/23 3:40,15.8,49.8,timer,3570
12656,Rpi__1,Sensor__4,2024/12/23 3:45,15.8,49.6,timer,3570
12660,Rpi__1,Sensor__4,2024/12/23 3:50,15.7,49.7,timer,3570
12664,Rpi__1,Sensor__4,2024/12/23 3:55,15.8,49.5,timer,3570
12668,Rpi__1,Sensor__4,2024/12/23 4:00,15.7,49.5,timer,3570
12672,Rpi__1,Sensor__4,2024/12/23 4:05,15.7,49.5,timer,3570
12676,Rpi__1,Sensor__4,2024/12/23 4:10,15.7,49.6,timer,3570
12680,Rpi__1,Sensor__4,2024/12/23 4:15,15.7,49.4,timer,3570
12684,Rpi__1,Sensor__4,2024/12/23 4:20,15.7,49.4,timer,3570
12688,Rpi__1,Sensor__4,2024/12/23 4:25,15.7,49.5,timer,3570
12692,Rpi__1,Sensor__4,2024/12/23 4:30,15.7,49.5,timer,3570
12696,Rpi__1,Sensor__4,2024/12/23 4:35,15.7,49.3,timer,3570
12700,Rpi__1,Sensor__4,2024/12/23 4:40,15.7,49.2,timer,3570
12704,Rpi__1,Sensor__4,2024/12/23 4:45,15.7,49.2,timer,3570
12708,Rpi__1,Sensor__4,2024/12/23 4:50,15.7,49,timer,3570
12712,Rpi__1,Sensor__4,2024/12/23 4:55,15.7,49,timer,3570
12716,Rpi__1,Sensor__4,2024/12/23 5:00,15.7,49,timer,3570
12720,Rpi__1,Sensor__4,2024/12/23 5:05,15.7,48.8,timer,3570
12724,Rpi__1,Sensor__4,2024/12/23 5:10,15.7,48.9,timer,3570
12728,Rpi__1,Sensor__4,2024/12/23 5:15,15.7,48.7,timer,3570
12732,Rpi__1,Sensor__4,2024/12/23 5:20,15.7,48.5,timer,3570
12736,Rpi__1,Sensor__4,2024/12/23 5:25,15.7,48.3,timer,3570
12740,Rpi__1,Sensor__4,2024/12/23 5:30,15.7,48.4,timer,3570
12744,Rpi__1,Sensor__4,2024/12/23 5:35,15.7,48.8,timer,3570
12748,Rpi__1,Sensor__4,2024/12/23 5:40,15.7,48.8,timer,3570
12752,Rpi__1,Sensor__4,2024/12/23 5:45,15.7,48.7,timer,3570
12756,Rpi__1,Sensor__4,2024/12/23 5:50,15.7,48.7,timer,3570
12760,Rpi__1,Sensor__4,2024/12/23 5:55,15.7,48.4,timer,3570
12764,Rpi__1,Sensor__4,2024/12/23 6:00,15.7,48.7,timer,3570
12768,Rpi__1,Sensor__4,2024/12/23 6:05,15.7,48.7,timer,3570
12772,Rpi__1,Sensor__4,2024/12/23 6:10,15.7,48.8,timer,3570
12776,Rpi__1,Sensor__4,2024/12/23 6:15,15.7,48.6,timer,3570
12780,Rpi__1,Sensor__4,2024/12/23 6:20,15.7,48.3,timer,3570
12784,Rpi__1,Sensor__4,2024/12/23 6:25,15.7,48.5,timer,3570
12788,Rpi__1,Sensor__4,2024/12/23 6:30,15.7,48.6,timer,3570
12792,Rpi__1,Sensor__4,2024/12/23 6:35,15.6,48.6,timer,3570
12796,Rpi__1,Sensor__4,2024/12/23 6:40,15.7,48.6,timer,3570
12800,Rpi__1,Sensor__4,2024/12/23 6:45,15.7,48.7,timer,3570
12804,Rpi__1,Sensor__4,2024/12/23 6:50,15.6,48.5,timer,3570
12808,Rpi__1,Sensor__4,2024/12/23 6:55,15.6,48.8,timer,3570
12812,Rpi__1,Sensor__4,2024/12/23 7:00,15.6,48.9,timer,3570
12816,Rpi__1,Sensor__4,2024/12/23 7:05,15.6,48.5,timer,3570
12820,Rpi__1,Sensor__4,2024/12/23 7:10,15.6,48.8,timer,3570
12824,Rpi__1,Sensor__4,2024/12/23 7:15,15.6,48.5,timer,3570
12828,Rpi__1,Sensor__4,2024/12/23 7:20,15.6,48.7,timer,3570
12832,Rpi__1,Sensor__4,2024/12/23 7:25,15.6,48.6,timer,3570
12836,Rpi__1,Sensor__4,2024/12/23 7:30,15.6,47.9,timer,3570
12840,Rpi__1,Sensor__4,2024/12/23 7:35,15.6,48.1,timer,3570
12844,Rpi__1,Sensor__4,2024/12/23 7:40,15.6,47.7,timer,3570
12848,Rpi__1,Sensor__4,2024/12/23 7:45,15.6,47.2,timer,3570
12852,Rpi__1,Sensor__4,2024/12/23 7:50,15.6,46.3,timer,3570
12856,Rpi__1,Sensor__4,2024/12/23 7:55,15.6,46,timer,3570
12860,Rpi__1,Sensor__4,2024/12/23 8:00,15.6,45.1,timer,3570
12864,Rpi__1,Sensor__4,2024/12/23 8:05,15.7,44.3,timer,3570
12868,Rpi__1,Sensor__4,2024/12/23 8:10,15.7,43.5,timer,3570
12872,Rpi__1,Sensor__4,2024/12/23 8:15,15.8,43.2,timer,3570
12876,Rpi__1,Sensor__4,2024/12/23 8:20,15.9,42.7,timer,3570
12880,Rpi__1,Sensor__4,2024/12/23 8:25,15.9,42.7,timer,3570
12884,Rpi__1,Sensor__4,2024/12/23 8:30,16,42.6,timer,3570
12888,Rpi__1,Sensor__4,2024/12/23 8:35,16.1,42.5,timer,3570
12892,Rpi__1,Sensor__4,2024/12/23 8:40,16.1,42.7,timer,3570
12896,Rpi__1,Sensor__4,2024/12/23 8:45,16.2,42.7,timer,3570
12900,Rpi__1,Sensor__4,2024/12/23 8:50,16.3,42.7,timer,3570
12904,Rpi__1,Sensor__4,2024/12/23 8:55,16.3,42.6,timer,3570
12908,Rpi__1,Sensor__4,2024/12/23 9:00,16.4,42.7,timer,3570
12912,Rpi__1,Sensor__4,2024/12/23 9:05,16.4,42.7,timer,3570
12916,Rpi__1,Sensor__4,2024/12/23 9:10,16.5,42.8,timer,3570
12920,Rpi__1,Sensor__4,2024/12/23 9:15,16.5,42.9,timer,3570
12924,Rpi__1,Sensor__4,2024/12/23 9:20,16.6,43.1,timer,3570
12928,Rpi__1,Sensor__4,2024/12/23 9:25,16.6,43.2,timer,3570
12932,Rpi__1,Sensor__4,2024/12/23 9:30,16.7,43.3,timer,3570
12936,Rpi__1,Sensor__4,2024/12/23 9:35,16.7,43.5,timer,3570
12940,Rpi__1,Sensor__4,2024/12/23 9:40,16.8,43.8,timer,3570
12944,Rpi__1,Sensor__4,2024/12/23 9:45,16.8,44,timer,3570
12948,Rpi__1,Sensor__4,2024/12/23 9:50,16.9,44.1,timer,3570
12952,Rpi__1,Sensor__4,2024/12/23 9:55,16.9,44.4,timer,3570
12956,Rpi__1,Sensor__4,2024/12/23 10:00,16.9,44.5,timer,3570
12960,Rpi__1,Sensor__4,2024/12/23 10:05,17,44.7,timer,3570
12964,Rpi__1,Sensor__4,2024/12/23 10:10,17,44.9,timer,3570
12968,Rpi__1,Sensor__4,2024/12/23 10:15,17.1,45.1,timer,3570
12972,Rpi__1,Sensor__4,2024/12/23 10:20,17.1,45.3,timer,3570
12976,Rpi__1,Sensor__4,2024/12/23 10:25,17.2,45.3,timer,3570
12980,Rpi__1,Sensor__4,2024/12/23 10:30,17.2,45.4,timer,3570
12984,Rpi__1,Sensor__4,2024/12/23 10:35,17.3,45.6,timer,3570
12988,Rpi__1,Sensor__4,2024/12/23 10:40,17.3,45.6,timer,3570
12992,Rpi__1,Sensor__4,2024/12/23 10:45,17.4,45.8,timer,3570
12996,Rpi__1,Sensor__4,2024/12/23 10:50,17.4,46,timer,3570
13000,Rpi__1,Sensor__4,2024/12/23 10:55,17.5,46.1,timer,3570
13004,Rpi__1,Sensor__4,2024/12/23 11:00,17.5,46.2,timer,3570
13008,Rpi__1,Sensor__4,2024/12/23 11:05,17.6,46.2,timer,3570
13012,Rpi__1,Sensor__4,2024/12/23 11:10,17.6,46.3,timer,3570
13016,Rpi__1,Sensor__4,2024/12/23 11:15,17.6,46.3,timer,3570
13020,Rpi__1,Sensor__4,2024/12/23 11:20,17.7,46.5,timer,3570
13024,Rpi__1,Sensor__4,2024/12/23 11:25,17.7,46.6,timer,3570
13028,Rpi__1,Sensor__4,2024/12/23 11:30,17.7,46.7,timer,3570
13032,Rpi__1,Sensor__4,2024/12/23 11:35,17.8,46.6,timer,3570
13036,Rpi__1,Sensor__4,2024/12/23 11:40,17.8,46.7,timer,3570
13040,Rpi__1,Sensor__4,2024/12/23 11:45,17.8,46.8,timer,43170
13044,Rpi__1,Sensor__4,2024/12/23 11:50,17.8,46.8,timer,43170
13048,Rpi__1,Sensor__4,2024/12/23 11:55,17.8,47,timer,43170
13052,Rpi__1,Sensor__4,2024/12/23 12:00,17.9,47.1,timer,43170
13056,Rpi__1,Sensor__4,2024/12/23 12:05,17.9,47.1,timer,43170
13060,Rpi__1,Sensor__4,2024/12/23 12:10,17.9,47.1,timer,43170
13064,Rpi__1,Sensor__4,2024/12/23 12:15,17.9,47.3,timer,43170
13068,Rpi__1,Sensor__4,2024/12/23 12:20,17.9,47.4,timer,43170
13072,Rpi__1,Sensor__4,2024/12/23 12:25,18,47.5,timer,43170
13076,Rpi__1,Sensor__4,2024/12/23 12:30,18,47.6,timer,43170
13080,Rpi__1,Sensor__4,2024/12/23 12:35,18.1,47.7,timer,43170
13084,Rpi__1,Sensor__4,2024/12/23 12:40,18.1,47.7,timer,43170
13088,Rpi__1,Sensor__4,2024/12/23 12:45,18.2,47.8,timer,43170
13092,Rpi__1,Sensor__4,2024/12/23 12:50,18.2,47.8,timer,3570
13096,Rpi__1,Sensor__4,2024/12/23 12:55,18.2,48,timer,3570
13100,Rpi__1,Sensor__4,2024/12/23 13:00,18.2,48,timer,3570
13104,Rpi__1,Sensor__4,2024/12/23 13:05,18.3,48,timer,3570
13108,Rpi__1,Sensor__4,2024/12/23 13:10,18.3,48.1,timer,3570
13112,Rpi__1,Sensor__4,2024/12/23 13:15,18.3,48.1,timer,3570
13116,Rpi__1,Sensor__4,2024/12/23 13:20,18.3,48.1,timer,3570
13120,Rpi__1,Sensor__4,2024/12/23 13:25,18.3,48.1,timer,3570
13124,Rpi__1,Sensor__4,2024/12/23 13:30,18.4,48.2,timer,3570
13128,Rpi__1,Sensor__4,2024/12/23 13:35,18.4,48.2,timer,3570
13132,Rpi__1,Sensor__4,2024/12/23 13:40,18.4,48.3,timer,3570
13136,Rpi__1,Sensor__4,2024/12/23 13:45,18.4,48.3,timer,3570
13140,Rpi__1,Sensor__4,2024/12/23 13:50,18.4,48.4,timer,3570
13144,Rpi__1,Sensor__4,2024/12/23 13:55,18.5,48.4,timer,3570
13148,Rpi__1,Sensor__4,2024/12/23 14:00,18.5,48.5,timer,3570
13152,Rpi__1,Sensor__4,2024/12/23 14:05,18.5,48.5,timer,3570
13156,Rpi__1,Sensor__4,2024/12/23 14:10,18.5,48.5,timer,3570
13160,Rpi__1,Sensor__4,2024/12/23 14:15,18.6,48.6,timer,3570
13164,Rpi__1,Sensor__4,2024/12/23 14:20,18.6,48.6,timer,3570
13168,Rpi__1,Sensor__4,2024/12/23 14:25,18.6,48.6,timer,3570
13172,Rpi__1,Sensor__4,2024/12/23 14:30,18.6,48.6,timer,3570
13176,Rpi__1,Sensor__4,2024/12/23 14:35,18.6,48.6,timer,3570
13180,Rpi__1,Sensor__4,2024/12/23 14:40,18.7,48.8,timer,3570
13184,Rpi__1,Sensor__4,2024/12/23 14:45,18.7,48.8,timer,3570
13188,Rpi__1,Sensor__4,2024/12/23 14:50,18.7,48.7,timer,3570
13192,Rpi__1,Sensor__4,2024/12/23 14:55,18.7,48.8,timer,3570
13196,Rpi__1,Sensor__4,2024/12/23 15:00,18.7,48.9,timer,3570
13200,Rpi__1,Sensor__4,2024/12/23 15:05,18.7,48.9,timer,3570
13204,Rpi__1,Sensor__4,2024/12/23 15:10,18.7,49,timer,3570
13208,Rpi__1,Sensor__4,2024/12/23 15:15,18.8,48.9,timer,3570
13212,Rpi__1,Sensor__4,2024/12/23 15:20,18.8,48.9,timer,3570
13216,Rpi__1,Sensor__4,2024/12/23 15:25,18.8,49,timer,3570
13220,Rpi__1,Sensor__4,2024/12/23 15:30,18.8,49,timer,3570
13224,Rpi__1,Sensor__4,2024/12/23 15:35,18.8,49,timer,3570
13228,Rpi__1,Sensor__4,2024/12/23 15:40,18.8,49.1,timer,3570
13232,Rpi__1,Sensor__4,2024/12/23 15:45,18.8,49,timer,3570
13236,Rpi__1,Sensor__4,2024/12/23 15:50,18.8,49.1,timer,3570
13240,Rpi__1,Sensor__4,2024/12/23 15:55,18.9,49.1,timer,3570
13244,Rpi__1,Sensor__4,2024/12/23 16:00,18.8,49.2,timer,3570
13248,Rpi__1,Sensor__4,2024/12/23 16:05,18.8,49.2,timer,3570
13252,Rpi__1,Sensor__4,2024/12/23 16:10,18.8,49.3,timer,3570
13256,Rpi__1,Sensor__4,2024/12/23 16:15,18.8,49.3,timer,3570
13260,Rpi__1,Sensor__4,2024/12/23 16:20,18.8,49.2,timer,3570
13264,Rpi__1,Sensor__4,2024/12/23 16:25,18.8,49.2,timer,3570
13268,Rpi__1,Sensor__4,2024/12/23 16:30,18.8,49.2,timer,3570
13272,Rpi__1,Sensor__4,2024/12/23 16:35,18.8,49.2,timer,3570
13276,Rpi__1,Sensor__4,2024/12/23 16:40,18.8,49.2,timer,3570
13280,Rpi__1,Sensor__4,2024/12/23 16:45,18.8,49.2,timer,3570
13284,Rpi__1,Sensor__4,2024/12/23 16:50,18.8,49.2,timer,3570
13288,Rpi__1,Sensor__4,2024/12/23 16:55,18.8,48.8,timer,3570
13292,Rpi__1,Sensor__4,2024/12/23 17:00,18.8,48.8,timer,3570
13296,Rpi__1,Sensor__4,2024/12/23 17:05,18.8,48.6,timer,3570
13300,Rpi__1,Sensor__4,2024/12/23 17:10,18.7,48.6,timer,3570
13304,Rpi__1,Sensor__4,2024/12/23 17:15,18.7,48.5,timer,3570
13308,Rpi__1,Sensor__4,2024/12/23 17:20,18.7,48.4,timer,3570
13312,Rpi__1,Sensor__4,2024/12/23 17:25,18.7,48.3,timer,3570
13316,Rpi__1,Sensor__4,2024/12/23 17:30,18.7,48.3,timer,3570
13320,Rpi__1,Sensor__4,2024/12/23 17:35,18.6,48.2,timer,3570
13324,Rpi__1,Sensor__4,2024/12/23 17:40,18.6,48.1,timer,3570
13328,Rpi__1,Sensor__4,2024/12/23 17:45,18.6,48,timer,3570
13332,Rpi__1,Sensor__4,2024/12/23 17:50,18.6,47.9,timer,3570
13336,Rpi__1,Sensor__4,2024/12/23 17:55,18.6,47.8,timer,3570
13340,Rpi__1,Sensor__4,2024/12/23 18:00,18.6,47.8,timer,3570
13344,Rpi__1,Sensor__4,2024/12/23 18:05,18.6,47.6,timer,3570
13348,Rpi__1,Sensor__4,2024/12/23 18:10,18.6,47.6,timer,3570
13352,Rpi__1,Sensor__4,2024/12/23 18:15,18.6,47.4,timer,3570
13356,Rpi__1,Sensor__4,2024/12/23 18:20,18.5,47.2,timer,3570
13360,Rpi__1,Sensor__4,2024/12/23 18:25,18.6,47.1,timer,3570
13364,Rpi__1,Sensor__4,2024/12/23 18:30,18.5,47.1,timer,3570
13368,Rpi__1,Sensor__4,2024/12/23 18:35,18.5,46.9,timer,3570
13372,Rpi__1,Sensor__4,2024/12/23 18:40,18.6,46.8,timer,3570
13376,Rpi__1,Sensor__4,2024/12/23 18:45,18.5,46.7,timer,3570
13380,Rpi__1,Sensor__4,2024/12/23 18:50,18.6,46.6,timer,3570
13384,Rpi__1,Sensor__4,2024/12/23 18:55,18.6,46.4,timer,3570
13388,Rpi__1,Sensor__4,2024/12/23 19:00,18.6,46.4,timer,3570
13392,Rpi__1,Sensor__4,2024/12/23 19:05,18.5,46.3,timer,3570
13396,Rpi__1,Sensor__4,2024/12/23 19:10,18.6,46.1,timer,3570
13400,Rpi__1,Sensor__4,2024/12/23 19:15,18.6,46.1,timer,3570
13404,Rpi__1,Sensor__4,2024/12/23 19:20,18.6,46.1,timer,3570
13408,Rpi__1,Sensor__4,2024/12/23 19:25,18.6,46,timer,3570
13412,Rpi__1,Sensor__4,2024/12/23 19:30,18.6,45.9,timer,3570
13416,Rpi__1,Sensor__4,2024/12/23 19:35,18.6,45.8,timer,3570
13420,Rpi__1,Sensor__4,2024/12/23 19:40,18.6,45.7,timer,3570
13424,Rpi__1,Sensor__4,2024/12/23 19:45,18.7,45.8,timer,3570
13428,Rpi__1,Sensor__4,2024/12/23 19:50,18.7,45.9,timer,3570
13432,Rpi__1,Sensor__4,2024/12/23 19:55,18.7,45.9,timer,3570
13436,Rpi__1,Sensor__4,2024/12/23 20:00,18.7,46,timer,3570
13440,Rpi__1,Sensor__4,2024/12/23 20:05,18.6,46.1,timer,3570
13444,Rpi__1,Sensor__4,2024/12/23 20:10,18.6,46.4,timer,3570
13448,Rpi__1,Sensor__4,2024/12/23 20:15,18.6,46.5,timer,3570
13452,Rpi__1,Sensor__4,2024/12/23 20:20,18.5,46.6,timer,3570
13456,Rpi__1,Sensor__4,2024/12/23 20:25,18.4,46.8,timer,3570
13460,Rpi__1,Sensor__4,2024/12/23 20:30,18.4,46.9,timer,3570
13464,Rpi__1,Sensor__4,2024/12/23 20:35,18.3,46.9,timer,3570
13468,Rpi__1,Sensor__4,2024/12/23 20:40,18.3,47.2,timer,3570
13472,Rpi__1,Sensor__4,2024/12/23 20:45,18.2,47.3,timer,3570
13476,Rpi__1,Sensor__4,2024/12/23 20:50,18.2,47.7,timer,3570
13480,Rpi__1,Sensor__4,2024/12/23 20:55,18.2,47.2,timer,3570
13484,Rpi__1,Sensor__4,2024/12/23 21:00,18.1,47.7,timer,3570
13488,Rpi__1,Sensor__4,2024/12/23 21:05,18.1,47.8,timer,3570
13492,Rpi__1,Sensor__4,2024/12/23 21:10,18.1,47.5,timer,3570
13496,Rpi__1,Sensor__4,2024/12/23 21:15,18,47.9,timer,3570
13500,Rpi__1,Sensor__4,2024/12/23 21:20,18,47.7,timer,3570
13504,Rpi__1,Sensor__4,2024/12/23 21:25,18,47.4,timer,3570
13508,Rpi__1,Sensor__4,2024/12/23 21:30,17.9,47.8,timer,3570
13512,Rpi__1,Sensor__4,2024/12/23 21:35,17.9,47.8,timer,3570
13516,Rpi__1,Sensor__4,2024/12/23 21:40,17.9,47.9,timer,3570
13520,Rpi__1,Sensor__4,2024/12/23 21:45,17.9,48,timer,3570
13524,Rpi__1,Sensor__4,2024/12/23 21:50,17.8,48.1,timer,3570
13528,Rpi__1,Sensor__4,2024/12/23 21:55,17.8,48.2,timer,3570
13532,Rpi__1,Sensor__4,2024/12/23 22:00,17.8,48.5,timer,3570
13536,Rpi__1,Sensor__4,2024/12/23 22:05,17.8,48.5,timer,3570
13540,Rpi__1,Sensor__4,2024/12/23 22:10,17.7,48.6,timer,3570
13544,Rpi__1,Sensor__4,2024/12/23 22:15,17.7,48.8,timer,3570
13548,Rpi__1,Sensor__4,2024/12/23 22:20,17.7,48.6,timer,3570
13552,Rpi__1,Sensor__4,2024/12/23 22:25,17.6,48.6,timer,3570
13556,Rpi__1,Sensor__4,2024/12/23 22:30,17.6,48.7,timer,3570
13560,Rpi__1,Sensor__4,2024/12/23 22:35,17.6,48.7,timer,3570
13564,Rpi__1,Sensor__4,2024/12/23 22:40,17.6,48.6,timer,3570
13568,Rpi__1,Sensor__4,2024/12/23 22:45,17.6,48.7,timer,3570
13572,Rpi__1,Sensor__4,2024/12/23 22:50,17.6,48.7,timer,3570
13576,Rpi__1,Sensor__4,2024/12/23 22:55,17.5,48.6,timer,3570
13580,Rpi__1,Sensor__4,2024/12/23 23:00,17.5,48.7,timer,3570
13584,Rpi__1,Sensor__4,2024/12/23 23:05,17.5,48.6,timer,3570
13588,Rpi__1,Sensor__4,2024/12/23 23:10,17.5,48.6,timer,3570
13592,Rpi__1,Sensor__4,2024/12/23 23:20,17.5,48.8,timer,3570
13596,Rpi__1,Sensor__4,2024/12/23 23:25,17.5,49.1,timer,3570
13600,Rpi__1,Sensor__4,2024/12/23 23:30,17.4,49.6,timer,3570
13604,Rpi__1,Sensor__4,2024/12/23 23:35,17.4,49.6,timer,3570
13608,Rpi__1,Sensor__4,2024/12/23 23:40,17.4,49.4,timer,3570
13612,Rpi__1,Sensor__4,2024/12/23 23:45,17.4,49.6,timer,3570
13616,Rpi__1,Sensor__4,2024/12/23 23:50,17.4,49.6,timer,43170
13620,Rpi__1,Sensor__4,2024/12/23 23:55,17.4,49.7,timer,43170
13624,Rpi__1,Sensor__4,2024/12/24 0:00,17.3,49.6,timer,43170
13628,Rpi__1,Sensor__4,2024/12/24 0:05,17.3,49.6,timer,43170
13632,Rpi__1,Sensor__4,2024/12/24 0:10,17.3,49.5,timer,43170
13636,Rpi__1,Sensor__4,2024/12/24 0:15,17.2,49.6,timer,43170
13640,Rpi__1,Sensor__4,2024/12/24 0:20,17.2,49.7,timer,43170
13644,Rpi__1,Sensor__4,2024/12/24 0:25,17.2,49.6,timer,43170
13648,Rpi__1,Sensor__4,2024/12/24 0:30,17.2,49.5,timer,43170
13652,Rpi__1,Sensor__4,2024/12/24 0:35,17.1,49.7,timer,43170
13656,Rpi__1,Sensor__4,2024/12/24 0:40,17.1,50,timer,43170
13660,Rpi__1,Sensor__4,2024/12/24 0:45,17.1,49.9,timer,43170
13664,Rpi__1,Sensor__4,2024/12/24 0:50,17.1,49.8,timer,3570
13668,Rpi__1,Sensor__4,2024/12/24 0:55,17.1,49.9,timer,3570
13672,Rpi__1,Sensor__4,2024/12/24 1:00,17.1,50,timer,3570
13676,Rpi__1,Sensor__4,2024/12/24 1:05,17,49.9,timer,3570
13680,Rpi__1,Sensor__4,2024/12/24 1:10,17,50.1,timer,3570
13684,Rpi__1,Sensor__4,2024/12/24 1:15,17,50.2,timer,3570
13688,Rpi__1,Sensor__4,2024/12/24 1:20,17,50.4,timer,3570
13692,Rpi__1,Sensor__4,2024/12/24 1:25,17,50.4,timer,3570
13696,Rpi__1,Sensor__4,2024/12/24 1:30,17,50.6,timer,3570
13700,Rpi__1,Sensor__4,2024/12/24 1:35,17,50.8,timer,3570
13704,Rpi__1,Sensor__4,2024/12/24 1:40,17,50.6,timer,3570
13708,Rpi__1,Sensor__4,2024/12/24 1:45,16.9,50.5,timer,3570
13712,Rpi__1,Sensor__4,2024/12/24 1:50,17,50.7,timer,3570
13716,Rpi__1,Sensor__4,2024/12/24 1:55,16.9,50.8,timer,3570
13720,Rpi__1,Sensor__4,2024/12/24 2:00,16.9,50.6,timer,3570
13724,Rpi__1,Sensor__4,2024/12/24 2:05,16.9,50.6,timer,3570
13728,Rpi__1,Sensor__4,2024/12/24 2:10,16.9,50.9,timer,3570
13732,Rpi__1,Sensor__4,2024/12/24 2:15,16.9,50.7,timer,3570
13736,Rpi__1,Sensor__4,2024/12/24 2:20,16.9,49.5,timer,3570
13740,Rpi__1,Sensor__4,2024/12/24 2:25,16.9,49.1,timer,3570
13744,Rpi__1,Sensor__4,2024/12/24 2:30,16.9,49,timer,3570
13748,Rpi__1,Sensor__4,2024/12/24 2:35,16.9,49.4,timer,3570
13752,Rpi__1,Sensor__4,2024/12/24 2:40,16.9,48.3,timer,3570
13756,Rpi__1,Sensor__4,2024/12/24 2:45,16.9,49.4,timer,3570
13760,Rpi__1,Sensor__4,2024/12/24 2:50,16.9,50,timer,3570
13764,Rpi__1,Sensor__4,2024/12/24 2:55,16.9,50,timer,3570
13768,Rpi__1,Sensor__4,2024/12/24 3:00,16.9,49.9,timer,3570
13772,Rpi__1,Sensor__4,2024/12/24 3:05,16.9,49.7,timer,3570
13776,Rpi__1,Sensor__4,2024/12/24 3:10,16.9,49.2,timer,3570
13780,Rpi__1,Sensor__4,2024/12/24 3:15,16.9,49,timer,3570
13784,Rpi__1,Sensor__4,2024/12/24 3:20,16.9,49.4,timer,3570
13788,Rpi__1,Sensor__4,2024/12/24 3:25,16.9,49.8,timer,3570
13792,Rpi__1,Sensor__4,2024/12/24 3:30,16.9,49.6,timer,3570
13796,Rpi__1,Sensor__4,2024/12/24 3:35,16.9,49.5,timer,3570
13800,Rpi__1,Sensor__4,2024/12/24 3:40,16.9,49.2,timer,3570
13804,Rpi__1,Sensor__4,2024/12/24 3:45,16.9,47.7,timer,3570
13808,Rpi__1,Sensor__4,2024/12/24 3:50,16.9,47.1,timer,3570
13812,Rpi__1,Sensor__4,2024/12/24 3:55,16.9,49.9,timer,3570
13816,Rpi__1,Sensor__4,2024/12/24 4:00,16.9,49.9,timer,3570
13820,Rpi__1,Sensor__4,2024/12/24 4:05,16.9,49.3,timer,3570
13824,Rpi__1,Sensor__4,2024/12/24 4:10,16.9,48.5,timer,3570
13828,Rpi__1,Sensor__4,2024/12/24 4:15,16.9,48.7,timer,3570
13832,Rpi__1,Sensor__4,2024/12/24 4:20,16.8,49.8,timer,3570
13836,Rpi__1,Sensor__4,2024/12/24 4:25,16.8,49.7,timer,3570
13840,Rpi__1,Sensor__4,2024/12/24 4:30,16.9,49.7,timer,3570
13844,Rpi__1,Sensor__4,2024/12/24 4:35,16.8,49.4,timer,3570
13848,Rpi__1,Sensor__4,2024/12/24 4:40,16.8,49.5,timer,3570
13852,Rpi__1,Sensor__4,2024/12/24 4:45,16.9,49.2,timer,3570
13856,Rpi__1,Sensor__4,2024/12/24 4:50,16.8,49.1,timer,3570
13860,Rpi__1,Sensor__4,2024/12/24 4:55,16.8,49.1,timer,3570
13864,Rpi__1,Sensor__4,2024/12/24 5:00,16.8,49.1,timer,3570
13868,Rpi__1,Sensor__4,2024/12/24 5:05,16.8,49.2,timer,3570
13872,Rpi__1,Sensor__4,2024/12/24 5:10,16.8,49,timer,3570
13876,Rpi__1,Sensor__4,2024/12/24 5:15,16.8,48.9,timer,3570
13880,Rpi__1,Sensor__4,2024/12/24 5:20,16.8,49.2,timer,3570
13884,Rpi__1,Sensor__4,2024/12/24 5:25,16.8,49.1,timer,3570
13888,Rpi__1,Sensor__4,2024/12/24 5:30,16.8,48.8,timer,3570
13892,Rpi__1,Sensor__4,2024/12/24 5:35,16.8,47.1,timer,3570
13896,Rpi__1,Sensor__4,2024/12/24 5:40,16.8,48.4,timer,3570
13900,Rpi__1,Sensor__4,2024/12/24 5:45,16.8,50,timer,3570
13904,Rpi__1,Sensor__4,2024/12/24 5:50,16.8,48.8,timer,3570
13908,Rpi__1,Sensor__4,2024/12/24 5:55,16.8,48,timer,3570
13912,Rpi__1,Sensor__4,2024/12/24 6:00,16.8,47.5,timer,3570
13916,Rpi__1,Sensor__4,2024/12/24 6:05,16.8,49.2,timer,3570
13920,Rpi__1,Sensor__4,2024/12/24 6:10,16.8,49.5,timer,3570
13924,Rpi__1,Sensor__4,2024/12/24 6:15,16.8,49.5,timer,3570
13928,Rpi__1,Sensor__4,2024/12/24 6:20,16.8,49.5,timer,3570
13932,Rpi__1,Sensor__4,2024/12/24 6:25,16.7,49.2,timer,3570
13936,Rpi__1,Sensor__4,2024/12/24 6:30,16.7,49.2,timer,3570
13940,Rpi__1,Sensor__4,2024/12/24 6:35,16.7,48.9,timer,3570
13944,Rpi__1,Sensor__4,2024/12/24 6:40,16.7,48.5,timer,3570
13948,Rpi__1,Sensor__4,2024/12/24 6:45,16.7,48.8,timer,3570
13952,Rpi__1,Sensor__4,2024/12/24 6:50,16.7,48.8,timer,3570
13956,Rpi__1,Sensor__4,2024/12/24 6:55,16.7,48.6,timer,3570
13960,Rpi__1,Sensor__4,2024/12/24 7:00,16.7,48.6,timer,3570
13964,Rpi__1,Sensor__4,2024/12/24 7:05,16.7,48.5,timer,3570
13968,Rpi__1,Sensor__4,2024/12/24 7:10,16.7,48.2,timer,3570
13972,Rpi__1,Sensor__4,2024/12/24 7:15,16.7,48.2,timer,3570
13976,Rpi__1,Sensor__4,2024/12/24 7:20,16.7,48.5,timer,3570
13980,Rpi__1,Sensor__4,2024/12/24 7:25,16.7,48.5,timer,3570
13984,Rpi__1,Sensor__4,2024/12/24 7:30,16.7,47.7,timer,3570
13988,Rpi__1,Sensor__4,2024/12/24 7:35,16.7,46.3,timer,3570
13992,Rpi__1,Sensor__4,2024/12/24 7:40,16.6,49.4,timer,3570
13996,Rpi__1,Sensor__4,2024/12/24 7:45,16.7,49.9,timer,3570
14000,Rpi__1,Sensor__4,2024/12/24 7:50,16.7,49.5,timer,3570
14004,Rpi__1,Sensor__4,2024/12/24 7:55,16.6,49,timer,3570
14008,Rpi__1,Sensor__4,2024/12/24 8:00,16.7,49.6,timer,3570
14012,Rpi__1,Sensor__4,2024/12/24 8:05,16.7,49.6,timer,3570
14016,Rpi__1,Sensor__4,2024/12/24 8:10,16.9,44.3,timer,3570
14020,Rpi__1,Sensor__4,2024/12/24 8:15,16.9,44.2,timer,3570
14024,Rpi__1,Sensor__4,2024/12/24 8:20,17,44,timer,3570
14028,Rpi__1,Sensor__4,2024/12/24 8:25,17,43.8,timer,3570
14032,Rpi__1,Sensor__4,2024/12/24 8:30,17.1,43.6,timer,3570
14036,Rpi__1,Sensor__4,2024/12/24 8:35,17.1,43.5,timer,3570
14040,Rpi__1,Sensor__4,2024/12/24 8:40,17.2,43.5,timer,3570
14044,Rpi__1,Sensor__4,2024/12/24 8:45,17.2,43.4,timer,3570
14048,Rpi__1,Sensor__4,2024/12/24 8:50,17.3,43.4,timer,3570
14052,Rpi__1,Sensor__4,2024/12/24 8:55,17.4,43.4,timer,3570
14056,Rpi__1,Sensor__4,2024/12/24 9:00,17.5,43.8,timer,3570
14060,Rpi__1,Sensor__4,2024/12/24 9:05,17.5,43.8,timer,3570
14064,Rpi__1,Sensor__4,2024/12/24 9:10,17.5,44.6,timer,3570
14068,Rpi__1,Sensor__4,2024/12/24 9:15,17.6,44.7,timer,3570
14072,Rpi__1,Sensor__4,2024/12/24 9:20,17.7,44.6,timer,3570
14076,Rpi__1,Sensor__4,2024/12/24 9:25,17.7,44.7,timer,3570
14080,Rpi__1,Sensor__4,2024/12/24 9:30,17.8,44.5,timer,3570
14084,Rpi__1,Sensor__4,2024/12/24 9:35,17.8,44.3,timer,3570
14088,Rpi__1,Sensor__4,2024/12/24 9:40,17.9,44.5,timer,3570
14092,Rpi__1,Sensor__4,2024/12/24 9:45,17.9,44.6,timer,3570
14096,Rpi__1,Sensor__4,2024/12/24 9:50,17.9,44.8,timer,3570
14100,Rpi__1,Sensor__4,2024/12/24 9:55,18,44.8,timer,3570
14104,Rpi__1,Sensor__4,2024/12/24 10:00,18,44.8,timer,3570
14108,Rpi__1,Sensor__4,2024/12/24 10:05,18.1,44.9,timer,3570
14112,Rpi__1,Sensor__4,2024/12/24 10:10,18.1,45,timer,3570
14116,Rpi__1,Sensor__4,2024/12/24 10:15,18.2,45,timer,3570
14120,Rpi__1,Sensor__4,2024/12/24 10:20,18.2,45.1,timer,3570
14124,Rpi__1,Sensor__4,2024/12/24 10:25,18.3,45.1,timer,3570
14128,Rpi__1,Sensor__4,2024/12/24 10:30,18.3,45.1,timer,3570
14132,Rpi__1,Sensor__4,2024/12/24 10:35,18.3,45.1,timer,3570
14136,Rpi__1,Sensor__4,2024/12/24 10:40,18.4,45.1,timer,3570
14139,Rpi__1,Sensor__4,2024/12/24 10:45,18.5,45.1,timer,10
14142,Rpi__1,Sensor__4,2024/12/24 10:50,18.7,44.3,timer,10
14148,Rpi__1,Sensor__4,2024/12/24 10:55,19,43.3,timer,10
14152,Rpi__1,Sensor__4,2024/12/24 11:00,19,44.1,timer,270
14156,Rpi__1,Sensor__4,2024/12/24 11:05,19.4,44.8,timer,270
14159,Rpi__1,Sensor__4,2024/12/24 11:05,19.3,45.2,timer,10
14166,Rpi__1,Sensor__4,2024/12/24 11:10,19.2,45.4,timer,10
14170,Rpi__1,Sensor__4,2024/12/24 11:15,19.1,46.1,timer,10
14174,Rpi__1,Sensor__4,2024/12/24 11:20,19,46.6,timer,10
14178,Rpi__1,Sensor__4,2024/12/24 11:25,18.9,46.8,timer,10
14182,Rpi__1,Sensor__4,2024/12/24 11:30,18.8,46.9,timer,10
14186,Rpi__1,Sensor__4,2024/12/24 11:35,18.8,46.9,timer,10
14190,Rpi__1,Sensor__4,2024/12/24 11:40,18.8,46.9,timer,10
14194,Rpi__1,Sensor__4,2024/12/24 11:45,18.8,48.3,timer,10
14198,Rpi__1,Sensor__4,2024/12/24 11:50,18.7,48.7,timer,10
14202,Rpi__1,Sensor__4,2024/12/24 11:55,18.7,49.1,timer,10
14206,Rpi__1,Sensor__4,2024/12/24 12:00,18.7,49.2,timer,10
14210,Rpi__1,Sensor__4,2024/12/24 12:05,18.8,48.6,timer,3570
14214,Rpi__1,Sensor__4,2024/12/24 12:10,18.7,49.1,timer,3570
14218,Rpi__1,Sensor__4,2024/12/24 12:15,18.8,49.2,timer,3570
14222,Rpi__1,Sensor__4,2024/12/24 12:20,18.7,49.2,timer,3570
14226,Rpi__1,Sensor__4,2024/12/24 12:25,18.8,49.2,timer,3570
14230,Rpi__1,Sensor__4,2024/12/24 12:30,18.8,49.2,timer,3570
14234,Rpi__1,Sensor__4,2024/12/24 12:35,18.8,49.1,timer,3570
14238,Rpi__1,Sensor__4,2024/12/24 12:40,18.8,49,timer,3570
14242,Rpi__1,Sensor__4,2024/12/24 12:45,18.8,48.9,timer,3570
14246,Rpi__1,Sensor__4,2024/12/24 12:50,18.8,49.1,timer,3570
14250,Rpi__1,Sensor__4,2024/12/24 12:55,18.8,49.1,timer,3570
14254,Rpi__1,Sensor__4,2024/12/24 13:00,18.8,49,timer,3570
14258,Rpi__1,Sensor__4,2024/12/24 13:05,18.8,49.1,timer,3570
14262,Rpi__1,Sensor__4,2024/12/24 13:10,18.9,49.2,timer,3570
14266,Rpi__1,Sensor__4,2024/12/24 13:15,18.9,49.3,timer,3570
14270,Rpi__1,Sensor__4,2024/12/24 13:20,18.9,49.3,timer,3570
14274,Rpi__1,Sensor__4,2024/12/24 13:25,18.9,49.7,timer,3570
14278,Rpi__1,Sensor__4,2024/12/24 13:30,18.9,49.7,timer,3570
14282,Rpi__1,Sensor__4,2024/12/24 13:35,18.9,49.7,timer,3570
14286,Rpi__1,Sensor__4,2024/12/24 13:40,18.9,49.8,timer,3570
14290,Rpi__1,Sensor__4,2024/12/24 13:45,18.9,49.9,timer,3570
14294,Rpi__1,Sensor__4,2024/12/24 13:55,19,50,timer,3570
14298,Rpi__1,Sensor__4,2024/12/24 14:00,19,50,timer,3570
14302,Rpi__1,Sensor__4,2024/12/24 14:05,19,50,timer,3570
14306,Rpi__1,Sensor__4,2024/12/24 14:10,19,49.9,timer,3570
14310,Rpi__1,Sensor__4,2024/12/24 14:15,19,49.7,timer,3570
14314,Rpi__1,Sensor__4,2024/12/24 14:20,19,50,timer,3570
14318,Rpi__1,Sensor__4,2024/12/24 14:25,19,50.1,timer,3570
14322,Rpi__1,Sensor__4,2024/12/24 14:30,19.1,50.1,timer,3570
14326,Rpi__1,Sensor__4,2024/12/24 14:35,19.1,50.2,timer,3570
14330,Rpi__1,Sensor__4,2024/12/24 14:40,19.1,50.3,timer,3570
14334,Rpi__1,Sensor__4,2024/12/24 14:45,19.1,50.3,timer,3570
14338,Rpi__1,Sensor__4,2024/12/24 14:50,19.1,50.2,timer,3570
14342,Rpi__1,Sensor__4,2024/12/24 14:55,19.1,50.3,timer,3570
14346,Rpi__1,Sensor__4,2024/12/24 15:00,19.1,50.3,timer,3570
14352,Rpi__1,Sensor__4,2024/12/24 15:35,19.5,51,timer,10
14356,Rpi__1,Sensor__4,2024/12/24 15:40,19.5,51,timer,10
14360,Rpi__1,Sensor__4,2024/12/24 15:45,19.7,51.5,timer,10
14364,Rpi__1,Sensor__4,2024/12/24 15:50,19.7,51.4,timer,10
14368,Rpi__1,Sensor__4,2024/12/24 15:55,19.6,51.5,timer,10
14372,Rpi__1,Sensor__4,2024/12/24 16:00,19.6,51.6,timer,10
14376,Rpi__1,Sensor__4,2024/12/24 16:05,19.6,51.7,timer,10
14380,Rpi__1,Sensor__4,2024/12/24 16:10,19.5,51.8,timer,10
14384,Rpi__1,Sensor__4,2024/12/24 16:15,19.5,51.8,timer,10
14388,Rpi__1,Sensor__4,2024/12/24 16:20,19.5,51.9,timer,10
14392,Rpi__1,Sensor__4,2024/12/24 16:25,19.5,51.8,timer,10
14396,Rpi__1,Sensor__4,2024/12/24 16:30,19.5,51.4,timer,10
14400,Rpi__1,Sensor__4,2024/12/24 16:35,19.5,51.6,timer,3570
14404,Rpi__1,Sensor__4,2024/12/24 16:40,19.5,52.2,timer,3570
14408,Rpi__1,Sensor__4,2024/12/24 16:45,19.5,52.3,timer,3570
14412,Rpi__1,Sensor__4,2024/12/24 16:50,19.4,52.4,timer,3570
14416,Rpi__1,Sensor__4,2024/12/24 16:55,19.4,52.3,timer,3570
14420,Rpi__1,Sensor__4,2024/12/24 17:00,19.4,52.2,timer,3570
14424,Rpi__1,Sensor__4,2024/12/24 17:05,19.4,51.9,timer,3570
14428,Rpi__1,Sensor__4,2024/12/24 17:10,19.4,51.6,timer,3570
14432,Rpi__1,Sensor__4,2024/12/24 17:15,19.4,51.4,timer,3570
14436,Rpi__1,Sensor__4,2024/12/24 17:20,19.4,51.4,timer,3570
14440,Rpi__1,Sensor__4,2024/12/24 17:25,19.4,51.4,timer,3570
14444,Rpi__1,Sensor__4,2024/12/24 17:30,19.4,51.5,timer,3570
14448,Rpi__1,Sensor__4,2024/12/24 17:35,19.4,51.5,timer,3570
14452,Rpi__1,Sensor__4,2024/12/24 17:40,19.4,51.5,timer,3570
14456,Rpi__1,Sensor__4,2024/12/24 17:45,19.4,51.5,timer,3570
14460,Rpi__1,Sensor__4,2024/12/24 17:50,19.4,51.5,timer,3570
14464,Rpi__1,Sensor__4,2024/12/24 17:55,19.4,51.5,timer,3570
14468,Rpi__1,Sensor__4,2024/12/24 18:00,19.4,51.5,timer,3570
14472,Rpi__1,Sensor__4,2024/12/24 18:05,19.4,51.5,timer,3570
14476,Rpi__1,Sensor__4,2024/12/24 18:10,19.4,51.4,timer,3570
14480,Rpi__1,Sensor__4,2024/12/24 18:15,19.4,51.4,timer,3570
14484,Rpi__1,Sensor__4,2024/12/24 18:20,19.4,51.4,timer,3570
14488,Rpi__1,Sensor__4,2024/12/24 18:25,19.4,51.7,timer,3570
14492,Rpi__1,Sensor__4,2024/12/24 18:30,19.4,52.1,timer,3570
14496,Rpi__1,Sensor__4,2024/12/24 18:35,19.4,52.3,timer,3570
14500,Rpi__1,Sensor__4,2024/12/24 18:40,19.4,52.2,timer,3570
14504,Rpi__1,Sensor__4,2024/12/24 18:45,19.5,52.2,timer,3570
14508,Rpi__1,Sensor__4,2024/12/24 18:50,19.5,51.9,timer,3570
14512,Rpi__1,Sensor__4,2024/12/24 18:55,19.4,51.8,timer,3570
14516,Rpi__1,Sensor__4,2024/12/24 19:00,19.5,51.5,timer,3570
14520,Rpi__1,Sensor__4,2024/12/24 19:05,19.5,51.9,timer,3570
14524,Rpi__1,Sensor__4,2024/12/24 19:10,19.5,52.3,timer,3570
14528,Rpi__1,Sensor__4,2024/12/24 19:15,19.5,52.4,timer,3570
14532,Rpi__1,Sensor__4,2024/12/24 19:20,19.5,52.3,timer,3570
14536,Rpi__1,Sensor__4,2024/12/24 19:25,19.5,52.2,timer,3570
14540,Rpi__1,Sensor__4,2024/12/24 19:30,19.4,52.3,timer,3570
14544,Rpi__1,Sensor__4,2024/12/24 19:35,19.4,52.4,timer,3570
14548,Rpi__1,Sensor__4,2024/12/24 19:40,19.4,52.5,timer,3570
14552,Rpi__1,Sensor__4,2024/12/24 19:45,19.4,52.6,timer,3570
14556,Rpi__1,Sensor__4,2024/12/24 19:50,19.4,52.5,timer,3570
14560,Rpi__1,Sensor__4,2024/12/24 19:55,19.4,52.5,timer,3570
14564,Rpi__1,Sensor__4,2024/12/24 20:00,19.4,52.5,timer,3570
14568,Rpi__1,Sensor__4,2024/12/24 20:10,19.3,52.6,timer,3570
14572,Rpi__1,Sensor__4,2024/12/24 20:15,19.3,52.5,timer,3570
14576,Rpi__1,Sensor__4,2024/12/24 20:20,19.2,52.4,timer,3570
14580,Rpi__1,Sensor__4,2024/12/24 20:25,19.1,52.7,timer,3570
14584,Rpi__1,Sensor__4,2024/12/24 20:30,19.1,52.8,timer,3570
14588,Rpi__1,Sensor__4,2024/12/24 20:35,19,52.7,timer,3570
14592,Rpi__1,Sensor__4,2024/12/24 20:40,19,52.8,timer,3570
14596,Rpi__1,Sensor__4,2024/12/24 20:45,18.9,53.2,timer,3570
14600,Rpi__1,Sensor__4,2024/12/24 20:50,18.9,53.1,timer,3570
14604,Rpi__1,Sensor__4,2024/12/24 20:55,18.9,53.2,timer,3570
14608,Rpi__1,Sensor__4,2024/12/24 21:00,18.9,53.2,timer,3570
14612,Rpi__1,Sensor__4,2024/12/24 21:05,18.8,53.4,timer,3570
14616,Rpi__1,Sensor__4,2024/12/24 21:10,18.8,53.2,timer,3570
14620,Rpi__1,Sensor__4,2024/12/24 21:15,18.7,53.3,timer,3570
14624,Rpi__1,Sensor__4,2024/12/24 21:20,18.7,53.3,timer,3570
14628,Rpi__1,Sensor__4,2024/12/24 21:25,18.6,53.3,timer,3570
14632,Rpi__1,Sensor__4,2024/12/24 21:30,18.6,53.4,timer,3570
14636,Rpi__1,Sensor__4,2024/12/24 21:35,18.6,53.1,timer,3570
14640,Rpi__1,Sensor__4,2024/12/24 21:40,18.5,52.9,timer,3570
14644,Rpi__1,Sensor__4,2024/12/24 21:45,18.5,52.8,timer,3570
14648,Rpi__1,Sensor__4,2024/12/24 21:50,18.4,52.8,timer,3570
14652,Rpi__1,Sensor__4,2024/12/24 21:55,18.4,52.7,timer,3570
14656,Rpi__1,Sensor__4,2024/12/24 22:00,18.4,52.7,timer,3570
14660,Rpi__1,Sensor__4,2024/12/24 22:05,18.3,52.6,timer,3570
14664,Rpi__1,Sensor__4,2024/12/24 22:10,18.3,52.6,timer,3570
14668,Rpi__1,Sensor__4,2024/12/24 22:15,18.2,52.4,timer,3570
14672,Rpi__1,Sensor__4,2024/12/24 22:20,18.2,52.4,timer,3570
14676,Rpi__1,Sensor__4,2024/12/24 22:25,18.2,52.4,timer,3570
14680,Rpi__1,Sensor__4,2024/12/24 22:30,18.1,52.1,timer,3570
14684,Rpi__1,Sensor__4,2024/12/24 22:35,18.1,51.8,timer,3570
14688,Rpi__1,Sensor__4,2024/12/24 22:40,18,51.5,timer,3570
14692,Rpi__1,Sensor__4,2024/12/24 22:45,18,50.6,timer,3570
14696,Rpi__1,Sensor__4,2024/12/24 22:50,18,50.6,timer,3570
14700,Rpi__1,Sensor__4,2024/12/24 22:55,17.9,51.1,timer,3570
14704,Rpi__1,Sensor__4,2024/12/24 23:00,17.9,51.5,timer,3570
14708,Rpi__1,Sensor__4,2024/12/24 23:05,17.9,51.7,timer,3570
14712,Rpi__1,Sensor__4,2024/12/24 23:10,17.9,51.9,timer,3570
14716,Rpi__1,Sensor__4,2024/12/24 23:15,17.9,51.7,timer,3570
14720,Rpi__1,Sensor__4,2024/12/24 23:20,17.8,51.8,timer,3570
14724,Rpi__1,Sensor__4,2024/12/24 23:25,17.8,51.5,timer,3570
14728,Rpi__1,Sensor__4,2024/12/24 23:30,17.7,51.3,timer,3570
14732,Rpi__1,Sensor__4,2024/12/24 23:35,17.7,51.4,timer,3570
14736,Rpi__1,Sensor__4,2024/12/24 23:40,17.7,50.7,timer,3570
14740,Rpi__1,Sensor__4,2024/12/24 23:45,17.7,51.2,timer,3570
14744,Rpi__1,Sensor__4,2024/12/24 23:50,17.7,51.1,timer,3570
14748,Rpi__1,Sensor__4,2024/12/24 23:55,17.6,51.1,timer,3570
14752,Rpi__1,Sensor__4,2024/12/25 0:00,17.6,51,timer,3570
14756,Rpi__1,Sensor__4,2024/12/25 0:05,17.6,50.8,timer,3570
14760,Rpi__1,Sensor__4,2024/12/25 0:10,17.6,50.8,timer,3570
14764,Rpi__1,Sensor__4,2024/12/25 0:15,17.6,50.3,timer,3570
14768,Rpi__1,Sensor__4,2024/12/25 0:20,17.5,50.1,timer,3570
14772,Rpi__1,Sensor__4,2024/12/25 0:25,17.5,50.3,timer,3570
14776,Rpi__1,Sensor__4,2024/12/25 0:30,17.5,50.3,timer,3570
14780,Rpi__1,Sensor__4,2024/12/25 0:35,17.5,50.6,timer,3570
14784,Rpi__1,Sensor__4,2024/12/25 0:40,17.5,51.1,timer,3570
14788,Rpi__1,Sensor__4,2024/12/25 0:45,17.4,50.6,timer,3570
14792,Rpi__1,Sensor__4,2024/12/25 0:50,17.4,50.7,timer,3570
14796,Rpi__1,Sensor__4,2024/12/25 0:55,17.4,50.6,timer,3570
14800,Rpi__1,Sensor__4,2024/12/25 1:00,17.4,50.5,timer,3570
14804,Rpi__1,Sensor__4,2024/12/25 1:05,17.4,50.3,timer,3570
14808,Rpi__1,Sensor__4,2024/12/25 1:10,17.4,50.3,timer,3570
14812,Rpi__1,Sensor__4,2024/12/25 1:15,17.3,50.1,timer,3570
14816,Rpi__1,Sensor__4,2024/12/25 1:20,17.3,50.1,timer,3570
14820,Rpi__1,Sensor__4,2024/12/25 1:25,17.3,50,timer,3570
14824,Rpi__1,Sensor__4,2024/12/25 1:30,17.3,50,timer,3570
14828,Rpi__1,Sensor__4,2024/12/25 1:35,17.3,49.9,timer,3570
14832,Rpi__1,Sensor__4,2024/12/25 1:40,17.3,49.7,timer,3570
14836,Rpi__1,Sensor__4,2024/12/25 1:45,17.3,49.7,timer,3570
14840,Rpi__1,Sensor__4,2024/12/25 1:50,17.3,49.7,timer,3570
14844,Rpi__1,Sensor__4,2024/12/25 1:55,17.2,49,timer,3570
14848,Rpi__1,Sensor__4,2024/12/25 2:00,17.2,48.9,timer,3570
14852,Rpi__1,Sensor__4,2024/12/25 2:05,17.2,48.9,timer,3570
14856,Rpi__1,Sensor__4,2024/12/25 2:10,17.2,49,timer,3570
14860,Rpi__1,Sensor__4,2024/12/25 2:15,17.1,48.8,timer,3570
14864,Rpi__1,Sensor__4,2024/12/25 2:20,17.1,49,timer,3570
14868,Rpi__1,Sensor__4,2024/12/25 2:25,17.1,49,timer,3570
14872,Rpi__1,Sensor__4,2024/12/25 2:30,17.1,49,timer,3570
14876,Rpi__1,Sensor__4,2024/12/25 2:35,17.1,48.3,timer,3570
14880,Rpi__1,Sensor__4,2024/12/25 2:40,17.1,47.2,timer,3570
14884,Rpi__1,Sensor__4,2024/12/25 2:45,17.1,47.2,timer,3570
14888,Rpi__1,Sensor__4,2024/12/25 2:50,17.1,47.5,timer,3570
14892,Rpi__1,Sensor__4,2024/12/25 2:55,17.1,47.5,timer,3570
14896,Rpi__1,Sensor__4,2024/12/25 3:00,17.1,47.7,timer,3570
14900,Rpi__1,Sensor__4,2024/12/25 3:05,17.1,47.7,timer,3570
14904,Rpi__1,Sensor__4,2024/12/25 3:10,17,47.8,timer,3570
14908,Rpi__1,Sensor__4,2024/12/25 3:15,17,47.5,timer,3570
14912,Rpi__1,Sensor__4,2024/12/25 3:20,17,47.5,timer,3570
14916,Rpi__1,Sensor__4,2024/12/25 3:25,17,48.3,timer,3570
14920,Rpi__1,Sensor__4,2024/12/25 3:30,17,48.6,timer,3570
14924,Rpi__1,Sensor__4,2024/12/25 3:35,17,47.9,timer,43170
14928,Rpi__1,Sensor__4,2024/12/25 3:40,17,47.1,timer,43170
14932,Rpi__1,Sensor__4,2024/12/25 3:45,17,47.8,timer,43170
14936,Rpi__1,Sensor__4,2024/12/25 3:50,16.9,49.6,timer,43170
14940,Rpi__1,Sensor__4,2024/12/25 3:55,17,50.4,timer,43170
14944,Rpi__1,Sensor__4,2024/12/25 4:00,17,49.2,timer,43170
14948,Rpi__1,Sensor__4,2024/12/25 4:05,16.9,48.8,timer,43170
14952,Rpi__1,Sensor__4,2024/12/25 4:10,16.9,48.5,timer,43170
14956,Rpi__1,Sensor__4,2024/12/25 4:15,16.9,48.1,timer,43170
14960,Rpi__1,Sensor__4,2024/12/25 4:20,16.9,48.1,timer,43170
14964,Rpi__1,Sensor__4,2024/12/25 4:25,16.9,48.4,timer,43170
14968,Rpi__1,Sensor__4,2024/12/25 4:30,16.9,47.8,timer,43170
14972,Rpi__1,Sensor__4,2024/12/25 4:35,16.9,47.4,timer,43170
14976,Rpi__1,Sensor__4,2024/12/25 4:40,16.8,47.1,timer,3570
14980,Rpi__1,Sensor__4,2024/12/25 4:45,16.8,46.6,timer,3570
14984,Rpi__1,Sensor__4,2024/12/25 4:50,16.8,49.2,timer,3570
14988,Rpi__1,Sensor__4,2024/12/25 4:55,16.8,50.2,timer,3570
14992,Rpi__1,Sensor__4,2024/12/25 5:00,16.8,50.3,timer,3570
14996,Rpi__1,Sensor__4,2024/12/25 5:05,16.8,49.6,timer,3570
15000,Rpi__1,Sensor__4,2024/12/25 5:10,16.8,49.6,timer,3570
15004,Rpi__1,Sensor__4,2024/12/25 5:15,16.8,49.3,timer,3570
15008,Rpi__1,Sensor__4,2024/12/25 5:20,16.7,48.6,timer,3570
15012,Rpi__1,Sensor__4,2024/12/25 5:25,16.7,47.4,timer,3570
15016,Rpi__1,Sensor__4,2024/12/25 5:30,16.7,47.3,timer,3570
15020,Rpi__1,Sensor__4,2024/12/25 5:35,16.7,47.5,timer,3570
15024,Rpi__1,Sensor__4,2024/12/25 5:40,16.7,47.4,timer,3570
15028,Rpi__1,Sensor__4,2024/12/25 5:45,16.7,46.9,timer,3570
15032,Rpi__1,Sensor__4,2024/12/25 5:50,16.7,47.9,timer,3570
15036,Rpi__1,Sensor__4,2024/12/25 5:55,16.7,49.5,timer,3570
15040,Rpi__1,Sensor__4,2024/12/25 6:00,16.7,49.2,timer,3570
15044,Rpi__1,Sensor__4,2024/12/25 6:05,16.7,48.9,timer,3570
15048,Rpi__1,Sensor__4,2024/12/25 6:10,16.7,48.9,timer,3570
15052,Rpi__1,Sensor__4,2024/12/25 6:15,16.7,48.4,timer,3570
15056,Rpi__1,Sensor__4,2024/12/25 6:20,16.6,47.7,timer,3570
15060,Rpi__1,Sensor__4,2024/12/25 6:25,16.6,47.2,timer,3570
15064,Rpi__1,Sensor__4,2024/12/25 6:30,16.6,47.2,timer,3570
15068,Rpi__1,Sensor__4,2024/12/25 6:35,16.6,47.2,timer,3570
15072,Rpi__1,Sensor__4,2024/12/25 6:40,16.6,48.6,timer,3570
15076,Rpi__1,Sensor__4,2024/12/25 6:45,16.6,48.2,timer,3570
15080,Rpi__1,Sensor__4,2024/12/25 6:50,16.6,47.9,timer,3570
15084,Rpi__1,Sensor__4,2024/12/25 6:55,16.6,47.8,timer,3570
15088,Rpi__1,Sensor__4,2024/12/25 7:00,16.6,48.6,timer,3570
15092,Rpi__1,Sensor__4,2024/12/25 7:05,16.6,48.3,timer,3570
15096,Rpi__1,Sensor__4,2024/12/25 7:10,16.6,47.9,timer,3570
15100,Rpi__1,Sensor__4,2024/12/25 7:15,16.6,47.8,timer,3570
15104,Rpi__1,Sensor__4,2024/12/25 7:20,16.6,47.8,timer,3570
15108,Rpi__1,Sensor__4,2024/12/25 7:25,16.5,48.4,timer,3570
15112,Rpi__1,Sensor__4,2024/12/25 7:30,16.6,48.1,timer,3570
15116,Rpi__1,Sensor__4,2024/12/25 7:35,16.6,48.1,timer,3570
15120,Rpi__1,Sensor__4,2024/12/25 7:40,16.5,47.9,timer,3570
15124,Rpi__1,Sensor__4,2024/12/25 7:45,16.5,47.7,timer,3570
15128,Rpi__1,Sensor__4,2024/12/25 7:50,16.5,47.4,timer,3570
15132,Rpi__1,Sensor__4,2024/12/25 7:55,16.5,47.6,timer,3570
15136,Rpi__1,Sensor__4,2024/12/25 8:00,16.5,48.2,timer,3570
15140,Rpi__1,Sensor__4,2024/12/25 8:05,16.5,48.2,timer,3570
15144,Rpi__1,Sensor__4,2024/12/25 8:10,16.5,47.9,timer,3570
15148,Rpi__1,Sensor__4,2024/12/25 8:15,16.5,47.7,timer,3570
15152,Rpi__1,Sensor__4,2024/12/25 8:20,16.5,48,timer,3570
15156,Rpi__1,Sensor__4,2024/12/25 8:25,16.5,48.6,timer,3570
15160,Rpi__1,Sensor__4,2024/12/25 8:30,16.5,48.6,timer,3570
15164,Rpi__1,Sensor__4,2024/12/25 8:35,16.5,48,timer,3570
15168,Rpi__1,Sensor__4,2024/12/25 8:40,16.4,47.8,timer,3570
15172,Rpi__1,Sensor__4,2024/12/25 8:45,16.5,48.1,timer,3570
15176,Rpi__1,Sensor__4,2024/12/25 8:50,16.4,48.2,timer,3570
15180,Rpi__1,Sensor__4,2024/12/25 8:55,16.5,47.7,timer,3570
15184,Rpi__1,Sensor__4,2024/12/25 9:00,16.5,47.7,timer,3570
15188,Rpi__1,Sensor__4,2024/12/25 9:05,16.4,47.5,timer,3570
15192,Rpi__1,Sensor__4,2024/12/25 9:10,16.4,47.5,timer,3570
15196,Rpi__1,Sensor__4,2024/12/25 9:15,16.4,47.3,timer,3570
15200,Rpi__1,Sensor__4,2024/12/25 9:20,16.4,47.3,timer,3570
15204,Rpi__1,Sensor__4,2024/12/25 9:25,16.4,47.2,timer,3570
15208,Rpi__1,Sensor__4,2024/12/25 9:30,16.4,47.2,timer,3570
15212,Rpi__1,Sensor__4,2024/12/25 9:35,16.4,47,timer,3570
15216,Rpi__1,Sensor__4,2024/12/25 9:40,16.4,46.9,timer,3570
15220,Rpi__1,Sensor__4,2024/12/25 9:45,16.4,46.8,timer,3570
15224,Rpi__1,Sensor__4,2024/12/25 9:50,16.4,46.9,timer,3570
15228,Rpi__1,Sensor__4,2024/12/25 9:55,16.4,46.8,timer,3570
15232,Rpi__1,Sensor__4,2024/12/25 10:00,16.4,46.8,timer,3570
15236,Rpi__1,Sensor__4,2024/12/25 10:05,16.4,46.7,timer,3570
15240,Rpi__1,Sensor__4,2024/12/25 10:10,16.4,46.8,timer,3570
15244,Rpi__1,Sensor__4,2024/12/25 10:15,16.4,46.8,timer,3570
15248,Rpi__1,Sensor__4,2024/12/25 10:20,16.4,46.7,timer,3570
15252,Rpi__1,Sensor__4,2024/12/25 10:25,16.4,46.7,timer,3570
15256,Rpi__1,Sensor__4,2024/12/25 10:30,16.4,46.6,timer,3570
15260,Rpi__1,Sensor__4,2024/12/25 10:35,16.4,46.6,timer,3570
15264,Rpi__1,Sensor__4,2024/12/25 10:40,16.4,46.5,timer,3570
15268,Rpi__1,Sensor__4,2024/12/25 10:45,16.4,46.5,timer,3570
15272,Rpi__1,Sensor__4,2024/12/25 10:50,16.4,46.5,timer,3570
15276,Rpi__1,Sensor__4,2024/12/25 10:55,16.5,46.4,timer,3570
15280,Rpi__1,Sensor__4,2024/12/25 11:00,16.4,46.4,timer,3570
15284,Rpi__1,Sensor__4,2024/12/25 11:05,16.4,46.4,timer,3570
15288,Rpi__1,Sensor__4,2024/12/25 11:10,16.4,46.4,timer,3570
15292,Rpi__1,Sensor__4,2024/12/25 11:15,16.5,46.3,timer,3570
15296,Rpi__1,Sensor__4,2024/12/25 11:20,16.4,46.4,timer,3570
15300,Rpi__1,Sensor__4,2024/12/25 11:25,16.4,46.4,timer,3570
15304,Rpi__1,Sensor__4,2024/12/25 11:30,16.5,46.2,timer,3570
15308,Rpi__1,Sensor__4,2024/12/25 11:35,16.5,46.2,timer,3570
15312,Rpi__1,Sensor__4,2024/12/25 11:40,16.5,46.2,timer,3570
15316,Rpi__1,Sensor__4,2024/12/25 11:45,16.5,46.1,timer,3570
15320,Rpi__1,Sensor__4,2024/12/25 11:50,16.5,46.1,timer,3570
15324,Rpi__1,Sensor__4,2024/12/25 11:55,16.5,46.1,timer,3570
15328,Rpi__1,Sensor__4,2024/12/25 12:00,16.5,46.1,timer,3570
15332,Rpi__1,Sensor__4,2024/12/25 12:05,16.5,46.1,timer,3570
15336,Rpi__1,Sensor__4,2024/12/25 12:10,16.5,46.1,timer,3570
15340,Rpi__1,Sensor__4,2024/12/25 12:15,16.5,46.1,timer,3570
15344,Rpi__1,Sensor__4,2024/12/25 12:20,16.5,46.1,timer,3570
15348,Rpi__1,Sensor__4,2024/12/25 12:25,16.5,46,timer,3570
15352,Rpi__1,Sensor__4,2024/12/25 12:30,16.5,46,timer,3570
15356,Rpi__1,Sensor__4,2024/12/25 12:35,16.5,45.9,timer,3570
15360,Rpi__1,Sensor__4,2024/12/25 12:40,16.5,45.9,timer,3570
15364,Rpi__1,Sensor__4,2024/12/25 12:45,16.5,46,timer,3570
15368,Rpi__1,Sensor__4,2024/12/25 12:50,16.5,45.9,timer,3570
15372,Rpi__1,Sensor__4,2024/12/25 12:55,16.6,46,timer,3570
15376,Rpi__1,Sensor__4,2024/12/25 13:00,16.6,46,timer,3570
15380,Rpi__1,Sensor__4,2024/12/25 13:05,16.6,46,timer,3570
15384,Rpi__1,Sensor__4,2024/12/25 13:10,16.6,46,timer,3570
15388,Rpi__1,Sensor__4,2024/12/25 13:15,16.6,46,timer,3570
15392,Rpi__1,Sensor__4,2024/12/25 13:20,16.6,46,timer,3570
15396,Rpi__1,Sensor__4,2024/12/25 13:25,16.6,46.1,timer,3570
15400,Rpi__1,Sensor__4,2024/12/25 13:30,16.6,46,timer,3570
15404,Rpi__1,Sensor__4,2024/12/25 13:35,16.6,46.1,timer,3570
15408,Rpi__1,Sensor__4,2024/12/25 13:40,16.6,46,timer,3570
15412,Rpi__1,Sensor__4,2024/12/25 13:45,16.6,46.1,timer,3570
15416,Rpi__1,Sensor__4,2024/12/25 13:50,16.6,46,timer,3570
15420,Rpi__1,Sensor__4,2024/12/25 13:55,16.6,46.1,timer,3570
15424,Rpi__1,Sensor__4,2024/12/25 14:00,16.6,46,timer,3570
15428,Rpi__1,Sensor__4,2024/12/25 14:05,16.6,46.1,timer,3570
15432,Rpi__1,Sensor__4,2024/12/25 14:10,16.6,46.1,timer,3570
15436,Rpi__1,Sensor__4,2024/12/25 14:15,16.6,46.1,timer,3570
15440,Rpi__1,Sensor__4,2024/12/25 14:20,16.6,46.2,timer,3570
15444,Rpi__1,Sensor__4,2024/12/25 14:25,16.6,46.2,timer,3570
15448,Rpi__1,Sensor__4,2024/12/25 14:30,16.6,46.2,timer,3570
15452,Rpi__1,Sensor__4,2024/12/25 14:35,16.6,46.2,timer,3570
15456,Rpi__1,Sensor__4,2024/12/25 14:40,16.6,46.3,timer,3570
15460,Rpi__1,Sensor__4,2024/12/25 14:45,16.6,46.3,timer,3570
15464,Rpi__1,Sensor__4,2024/12/25 14:50,16.6,46.3,timer,3570
15468,Rpi__1,Sensor__4,2024/12/25 14:55,16.6,46.4,timer,3570
15472,Rpi__1,Sensor__4,2024/12/25 15:00,16.6,46.4,timer,3570
15476,Rpi__1,Sensor__4,2024/12/25 15:05,16.6,46.4,timer,3570
15480,Rpi__1,Sensor__4,2024/12/25 15:10,16.6,46.3,timer,3570
15484,Rpi__1,Sensor__4,2024/12/25 15:15,16.6,46.3,timer,3570
15488,Rpi__1,Sensor__4,2024/12/25 15:20,16.7,46.4,timer,3570
15492,Rpi__1,Sensor__4,2024/12/25 15:25,16.7,46.5,timer,3570
15496,Rpi__1,Sensor__4,2024/12/25 15:30,16.7,46.5,timer,43170
15500,Rpi__1,Sensor__4,2024/12/25 15:35,16.7,46.6,timer,43170
15504,Rpi__1,Sensor__4,2024/12/25 15:40,16.7,46.5,timer,3570
15508,Rpi__1,Sensor__4,2024/12/25 15:45,16.7,46.6,timer,3570
15512,Rpi__1,Sensor__4,2024/12/25 15:50,16.7,46.6,timer,3570
15516,Rpi__1,Sensor__4,2024/12/25 15:55,16.7,46.6,timer,3570
15520,Rpi__1,Sensor__4,2024/12/25 16:00,16.7,46.6,timer,3570
15524,Rpi__1,Sensor__4,2024/12/25 16:05,16.7,46.7,timer,3570
15528,Rpi__1,Sensor__4,2024/12/25 16:10,16.7,46.8,timer,3570
15532,Rpi__1,Sensor__4,2024/12/25 16:15,16.7,46.8,timer,3570
15536,Rpi__1,Sensor__4,2024/12/25 16:20,16.7,46.8,timer,3570
15540,Rpi__1,Sensor__4,2024/12/25 16:25,16.7,46.8,timer,3570
15544,Rpi__1,Sensor__4,2024/12/25 16:30,16.7,46.9,timer,3570
15548,Rpi__1,Sensor__4,2024/12/25 16:35,16.7,46.9,timer,3570
15552,Rpi__1,Sensor__4,2024/12/25 16:40,16.7,47,timer,3570
15556,Rpi__1,Sensor__4,2024/12/25 16:45,16.7,47,timer,3570
15560,Rpi__1,Sensor__4,2024/12/25 16:50,16.7,47,timer,3570
15564,Rpi__1,Sensor__4,2024/12/25 16:55,16.7,47,timer,3570
15568,Rpi__1,Sensor__4,2024/12/25 17:00,16.7,47.1,timer,3570
15572,Rpi__1,Sensor__4,2024/12/25 17:05,16.7,47.1,timer,3570
15576,Rpi__1,Sensor__4,2024/12/25 17:10,16.7,47.1,timer,3570
15580,Rpi__1,Sensor__4,2024/12/25 17:15,16.7,47.2,timer,3570
15584,Rpi__1,Sensor__4,2024/12/25 17:20,16.7,47.2,timer,3570
15588,Rpi__1,Sensor__4,2024/12/25 17:25,16.7,47.2,timer,3570
15592,Rpi__1,Sensor__4,2024/12/25 17:30,16.7,47.2,timer,3570
15596,Rpi__1,Sensor__4,2024/12/25 17:35,16.7,47.3,timer,3570
15600,Rpi__1,Sensor__4,2024/12/25 17:40,16.6,47.3,timer,3570
15604,Rpi__1,Sensor__4,2024/12/25 17:45,16.6,47.3,timer,3570
15608,Rpi__1,Sensor__4,2024/12/25 17:50,16.7,47.3,timer,3570
15612,Rpi__1,Sensor__4,2024/12/25 17:55,16.7,47.4,timer,3570
15616,Rpi__1,Sensor__4,2024/12/25 18:00,16.7,47.5,timer,3570
15620,Rpi__1,Sensor__4,2024/12/25 18:05,16.6,47.6,timer,3570
15624,Rpi__1,Sensor__4,2024/12/25 18:10,16.6,47.7,timer,3570
15628,Rpi__1,Sensor__4,2024/12/25 18:15,16.6,47.7,timer,3570
15632,Rpi__1,Sensor__4,2024/12/25 18:20,16.6,47.8,timer,3570
15636,Rpi__1,Sensor__4,2024/12/25 18:25,16.6,48,timer,3570
15640,Rpi__1,Sensor__4,2024/12/25 18:30,16.6,48,timer,3570
15644,Rpi__1,Sensor__4,2024/12/25 18:35,16.6,48.1,timer,3570
15648,Rpi__1,Sensor__4,2024/12/25 18:40,16.6,48.3,timer,3570
15652,Rpi__1,Sensor__4,2024/12/25 18:45,16.7,48.3,timer,3570
15656,Rpi__1,Sensor__4,2024/12/25 18:50,16.7,48.4,timer,3570
15660,Rpi__1,Sensor__4,2024/12/25 18:55,16.7,48.5,timer,3570
15664,Rpi__1,Sensor__4,2024/12/25 19:00,16.6,48.6,timer,3570
15668,Rpi__1,Sensor__4,2024/12/25 19:05,16.7,48.7,timer,3570
15672,Rpi__1,Sensor__4,2024/12/25 19:10,16.7,48.7,timer,3570
15676,Rpi__1,Sensor__4,2024/12/25 19:20,16.6,48.8,timer,3570
15680,Rpi__1,Sensor__4,2024/12/25 19:25,16.7,48.9,timer,3570
15684,Rpi__1,Sensor__4,2024/12/25 19:30,16.6,49,timer,3570
15688,Rpi__1,Sensor__4,2024/12/25 19:35,16.6,49.2,timer,3570
15692,Rpi__1,Sensor__4,2024/12/25 19:40,16.6,49.3,timer,3570
15696,Rpi__1,Sensor__4,2024/12/25 19:45,16.6,49.4,timer,3570
15700,Rpi__1,Sensor__4,2024/12/25 19:50,16.6,49.5,timer,3570
15704,Rpi__1,Sensor__4,2024/12/25 19:55,16.7,49.6,timer,3570
15708,Rpi__1,Sensor__4,2024/12/25 20:00,16.6,49.7,timer,3570
15712,Rpi__1,Sensor__4,2024/12/25 20:05,16.6,49.8,timer,3570
15716,Rpi__1,Sensor__4,2024/12/25 20:10,16.6,49.9,timer,3570
15720,Rpi__1,Sensor__4,2024/12/25 20:15,16.6,50,timer,3570
15724,Rpi__1,Sensor__4,2024/12/25 20:20,16.6,50.1,timer,3570
15728,Rpi__1,Sensor__4,2024/12/25 20:25,16.6,50.3,timer,3570
15732,Rpi__1,Sensor__4,2024/12/25 20:30,16.6,50.3,timer,3570
15736,Rpi__1,Sensor__4,2024/12/25 20:35,16.6,50.4,timer,3570
15740,Rpi__1,Sensor__4,2024/12/25 20:40,16.6,50.4,timer,3570
15744,Rpi__1,Sensor__4,2024/12/25 20:45,16.6,50.6,timer,3570
15748,Rpi__1,Sensor__4,2024/12/25 20:50,16.6,50.7,timer,3570
15752,Rpi__1,Sensor__4,2024/12/25 20:55,16.6,50.8,timer,3570
15756,Rpi__1,Sensor__4,2024/12/25 21:00,16.6,50.8,timer,3570
15760,Rpi__1,Sensor__4,2024/12/25 21:05,16.6,50.8,timer,3570
15764,Rpi__1,Sensor__4,2024/12/25 21:10,16.6,50.9,timer,3570
15768,Rpi__1,Sensor__4,2024/12/25 21:15,16.6,50.9,timer,3570
15772,Rpi__1,Sensor__4,2024/12/25 21:20,16.6,50.8,timer,3570
15776,Rpi__1,Sensor__4,2024/12/25 21:25,16.6,51,timer,3570
15780,Rpi__1,Sensor__4,2024/12/25 21:30,16.6,51.1,timer,3570
15784,Rpi__1,Sensor__4,2024/12/25 21:35,16.6,51.1,timer,3570
15788,Rpi__1,Sensor__4,2024/12/25 21:40,16.6,51.1,timer,3570
15792,Rpi__1,Sensor__4,2024/12/25 21:45,16.6,51.2,timer,3570
15796,Rpi__1,Sensor__4,2024/12/25 21:50,16.6,51.3,timer,3570
15800,Rpi__1,Sensor__4,2024/12/25 21:55,16.6,51.3,timer,3570
15804,Rpi__1,Sensor__4,2024/12/25 22:00,16.6,51.3,timer,3570
15808,Rpi__1,Sensor__4,2024/12/25 22:05,16.6,51.3,timer,3570
15812,Rpi__1,Sensor__4,2024/12/25 22:10,16.6,51.3,timer,3570
15816,Rpi__1,Sensor__4,2024/12/25 22:15,16.6,51.3,timer,3570
15820,Rpi__1,Sensor__4,2024/12/25 22:20,16.6,51.5,timer,3570
15824,Rpi__1,Sensor__4,2024/12/25 22:25,16.6,51.5,timer,3570
15828,Rpi__1,Sensor__4,2024/12/25 22:30,16.5,51.5,timer,3570
15832,Rpi__1,Sensor__4,2024/12/25 22:35,16.6,51.6,timer,3570
15836,Rpi__1,Sensor__4,2024/12/25 22:40,16.6,51.5,timer,3570
15840,Rpi__1,Sensor__4,2024/12/25 22:45,16.6,51.7,timer,3570
15844,Rpi__1,Sensor__4,2024/12/25 22:50,16.6,51.7,timer,3570
15848,Rpi__1,Sensor__4,2024/12/25 22:55,16.6,51.8,timer,3570
15852,Rpi__1,Sensor__4,2024/12/25 23:00,16.6,51.8,timer,3570
15856,Rpi__1,Sensor__4,2024/12/25 23:05,16.6,51.9,timer,3570
15860,Rpi__1,Sensor__4,2024/12/25 23:10,16.6,51.9,timer,3570
15864,Rpi__1,Sensor__4,2024/12/25 23:15,16.6,51.9,timer,3570
15868,Rpi__1,Sensor__4,2024/12/25 23:20,16.6,52,timer,3570
15872,Rpi__1,Sensor__4,2024/12/25 23:25,16.5,52,timer,3570
15876,Rpi__1,Sensor__4,2024/12/25 23:30,16.5,52,timer,3570
15880,Rpi__1,Sensor__4,2024/12/25 23:35,16.6,52.1,timer,3570
15884,Rpi__1,Sensor__4,2024/12/25 23:40,16.6,52.2,timer,3570
15888,Rpi__1,Sensor__4,2024/12/25 23:45,16.6,52.2,timer,3570
15892,Rpi__1,Sensor__4,2024/12/25 23:50,16.6,52.3,timer,3570
15896,Rpi__1,Sensor__4,2024/12/25 23:55,16.5,52.3,timer,3570
15900,Rpi__1,Sensor__4,2024/12/26 0:00,16.6,52.4,timer,3570
15904,Rpi__1,Sensor__4,2024/12/26 0:05,16.6,52.4,timer,3570
15908,Rpi__1,Sensor__4,2024/12/26 0:10,16.6,52.4,timer,3570
15912,Rpi__1,Sensor__4,2024/12/26 0:15,16.6,52.5,timer,3570
15916,Rpi__1,Sensor__4,2024/12/26 0:20,16.6,52.6,timer,3570
15920,Rpi__1,Sensor__4,2024/12/26 0:25,16.6,52.7,timer,3570
15924,Rpi__1,Sensor__4,2024/12/26 0:30,16.6,52.8,timer,3570
15928,Rpi__1,Sensor__4,2024/12/26 0:35,16.6,52.9,timer,3570
15932,Rpi__1,Sensor__4,2024/12/26 0:40,16.6,53,timer,3570
15936,Rpi__1,Sensor__4,2024/12/26 0:45,16.6,53.2,timer,3570
15940,Rpi__1,Sensor__4,2024/12/26 0:50,16.6,53.2,timer,3570
15944,Rpi__1,Sensor__4,2024/12/26 0:55,16.6,53.3,timer,3570
15948,Rpi__1,Sensor__4,2024/12/26 1:00,16.6,53.3,timer,3570
15952,Rpi__1,Sensor__4,2024/12/26 1:05,16.6,53.3,timer,3570
15956,Rpi__1,Sensor__4,2024/12/26 1:10,16.6,53.4,timer,3570
15960,Rpi__1,Sensor__4,2024/12/26 1:15,16.6,53.4,timer,3570
15964,Rpi__1,Sensor__4,2024/12/26 1:20,16.6,53.4,timer,3570
15968,Rpi__1,Sensor__4,2024/12/26 1:25,16.6,53.5,timer,3570
15972,Rpi__1,Sensor__4,2024/12/26 1:30,16.6,53.6,timer,3570
15976,Rpi__1,Sensor__4,2024/12/26 1:35,16.6,53.6,timer,3570
15980,Rpi__1,Sensor__4,2024/12/26 1:40,16.5,53.7,timer,3570
15984,Rpi__1,Sensor__4,2024/12/26 1:45,16.5,53.8,timer,3570
15988,Rpi__1,Sensor__4,2024/12/26 1:50,16.5,53.8,timer,3570
15992,Rpi__1,Sensor__4,2024/12/26 1:55,16.5,53.7,timer,3570
15996,Rpi__1,Sensor__4,2024/12/26 2:00,16.5,53.6,timer,3570
16000,Rpi__1,Sensor__4,2024/12/26 2:05,16.5,53.6,timer,3570
16004,Rpi__1,Sensor__4,2024/12/26 2:10,16.5,53.6,timer,3570
16008,Rpi__1,Sensor__4,2024/12/26 2:15,16.5,53.5,timer,3570
16012,Rpi__1,Sensor__4,2024/12/26 2:20,16.5,53.5,timer,3570
16016,Rpi__1,Sensor__4,2024/12/26 2:25,16.5,53.5,timer,3570
16020,Rpi__1,Sensor__4,2024/12/26 2:30,16.5,53.3,timer,3570
16024,Rpi__1,Sensor__4,2024/12/26 2:35,16.5,53.3,timer,3570
16028,Rpi__1,Sensor__4,2024/12/26 2:40,16.5,53.3,timer,3570
16032,Rpi__1,Sensor__4,2024/12/26 2:45,16.5,53.2,timer,3570
16036,Rpi__1,Sensor__4,2024/12/26 2:50,16.5,53.2,timer,3570
16040,Rpi__1,Sensor__4,2024/12/26 2:55,16.5,53.1,timer,3570
16044,Rpi__1,Sensor__4,2024/12/26 3:00,16.5,53.1,timer,3570
16048,Rpi__1,Sensor__4,2024/12/26 3:05,16.5,53.1,timer,3570
16052,Rpi__1,Sensor__4,2024/12/26 3:10,16.5,53.1,timer,3570
16056,Rpi__1,Sensor__4,2024/12/26 3:15,16.5,53,timer,3570
16060,Rpi__1,Sensor__4,2024/12/26 3:20,16.5,53.1,timer,3570
16064,Rpi__1,Sensor__4,2024/12/26 3:25,16.5,53,timer,3570
16068,Rpi__1,Sensor__4,2024/12/26 3:30,16.5,53,timer,3570
16072,Rpi__1,Sensor__4,2024/12/26 3:35,16.5,52.9,timer,43170
16076,Rpi__1,Sensor__4,2024/12/26 3:40,16.5,52.9,timer,43170
16080,Rpi__1,Sensor__4,2024/12/26 3:45,16.5,53,timer,43170
16084,Rpi__1,Sensor__4,2024/12/26 3:50,16.5,52.9,timer,43170
16088,Rpi__1,Sensor__4,2024/12/26 3:55,16.5,53,timer,43170
16092,Rpi__1,Sensor__4,2024/12/26 4:00,16.5,53,timer,43170
16096,Rpi__1,Sensor__4,2024/12/26 4:05,16.5,53,timer,43170
16100,Rpi__1,Sensor__4,2024/12/26 4:10,16.5,53,timer,43170
16104,Rpi__1,Sensor__4,2024/12/26 4:15,16.5,53.2,timer,43170
16108,Rpi__1,Sensor__4,2024/12/26 4:20,16.5,53.3,timer,43170
16112,Rpi__1,Sensor__4,2024/12/26 4:25,16.5,53.3,timer,43170
16116,Rpi__1,Sensor__4,2024/12/26 4:30,16.5,53.4,timer,43170
16120,Rpi__1,Sensor__4,2024/12/26 4:35,16.5,53.4,timer,43170
16124,Rpi__1,Sensor__4,2024/12/26 4:40,16.5,53.4,timer,3570
16128,Rpi__1,Sensor__4,2024/12/26 4:45,16.5,53.5,timer,3570
16132,Rpi__1,Sensor__4,2024/12/26 4:50,16.5,53.5,timer,3570
16136,Rpi__1,Sensor__4,2024/12/26 4:55,16.5,53.6,timer,3570
16140,Rpi__1,Sensor__4,2024/12/26 5:00,16.5,53.7,timer,3570
16144,Rpi__1,Sensor__4,2024/12/26 5:05,16.4,53.8,timer,3570
16148,Rpi__1,Sensor__4,2024/12/26 5:10,16.5,53.8,timer,3570
16152,Rpi__1,Sensor__4,2024/12/26 5:15,16.5,53.8,timer,3570
16156,Rpi__1,Sensor__4,2024/12/26 5:20,16.5,53.8,timer,3570
16160,Rpi__1,Sensor__4,2024/12/26 5:25,16.4,53.9,timer,3570
16164,Rpi__1,Sensor__4,2024/12/26 5:30,16.4,54,timer,3570
16168,Rpi__1,Sensor__4,2024/12/26 5:35,16.5,54,timer,3570
16172,Rpi__1,Sensor__4,2024/12/26 5:40,16.5,54,timer,3570
16176,Rpi__1,Sensor__4,2024/12/26 5:45,16.4,54,timer,3570
16180,Rpi__1,Sensor__4,2024/12/26 5:50,16.4,54,timer,3570
16184,Rpi__1,Sensor__4,2024/12/26 5:55,16.4,54,timer,3570
16188,Rpi__1,Sensor__4,2024/12/26 6:00,16.4,53.9,timer,3570
16192,Rpi__1,Sensor__4,2024/12/26 6:05,16.4,53.9,timer,3570
16196,Rpi__1,Sensor__4,2024/12/26 6:10,16.5,53.7,timer,3570
16200,Rpi__1,Sensor__4,2024/12/26 6:15,16.5,53.7,timer,3570
16204,Rpi__1,Sensor__4,2024/12/26 6:20,16.5,53.7,timer,3570
16208,Rpi__1,Sensor__4,2024/12/26 6:25,16.5,53.5,timer,3570
16212,Rpi__1,Sensor__4,2024/12/26 6:30,16.5,53.5,timer,3570
16216,Rpi__1,Sensor__4,2024/12/26 6:35,16.4,53.4,timer,3570
16220,Rpi__1,Sensor__4,2024/12/26 6:40,16.5,53.4,timer,3570
16224,Rpi__1,Sensor__4,2024/12/26 6:45,16.4,53.3,timer,3570
16228,Rpi__1,Sensor__4,2024/12/26 6:50,16.4,53.3,timer,3570
16232,Rpi__1,Sensor__4,2024/12/26 6:55,16.4,53.3,timer,3570
16236,Rpi__1,Sensor__4,2024/12/26 7:00,16.4,53.3,timer,3570
16240,Rpi__1,Sensor__4,2024/12/26 7:05,16.4,53.1,timer,3570
16244,Rpi__1,Sensor__4,2024/12/26 7:10,16.4,53,timer,3570
16248,Rpi__1,Sensor__4,2024/12/26 7:15,16.5,53,timer,3570
16252,Rpi__1,Sensor__4,2024/12/26 7:20,16.4,53,timer,3570
16256,Rpi__1,Sensor__4,2024/12/26 7:25,16.4,53,timer,3570
16260,Rpi__1,Sensor__4,2024/12/26 7:30,16.4,52.9,timer,3570
16264,Rpi__1,Sensor__4,2024/12/26 7:35,16.4,52.8,timer,3570
16268,Rpi__1,Sensor__4,2024/12/26 7:40,16.4,52.8,timer,3570
16272,Rpi__1,Sensor__4,2024/12/26 7:45,16.4,52.7,timer,3570
16276,Rpi__1,Sensor__4,2024/12/26 7:50,16.4,52.6,timer,3570
16280,Rpi__1,Sensor__4,2024/12/26 7:55,16.4,52.6,timer,3570
16284,Rpi__1,Sensor__4,2024/12/26 8:00,16.4,52.6,timer,3570
16288,Rpi__1,Sensor__4,2024/12/26 8:05,16.4,52.5,timer,3570
16292,Rpi__1,Sensor__4,2024/12/26 8:10,16.4,52.5,timer,3570
16296,Rpi__1,Sensor__4,2024/12/26 8:15,16.4,52.3,timer,3570
16300,Rpi__1,Sensor__4,2024/12/26 8:20,16.4,52.4,timer,3570
16304,Rpi__1,Sensor__4,2024/12/26 8:25,16.4,52.3,timer,3570
16308,Rpi__1,Sensor__4,2024/12/26 8:30,16.4,52.3,timer,3570
16312,Rpi__1,Sensor__4,2024/12/26 8:35,16.4,52.1,timer,3570
16316,Rpi__1,Sensor__4,2024/12/26 8:40,16.4,52.1,timer,3570
16320,Rpi__1,Sensor__4,2024/12/26 8:45,16.4,52.1,timer,3570
16324,Rpi__1,Sensor__4,2024/12/26 8:50,16.4,52.1,timer,3570
16328,Rpi__1,Sensor__4,2024/12/26 8:55,16.4,52,timer,3570
16332,Rpi__1,Sensor__4,2024/12/26 9:00,16.4,51.9,timer,3570
16336,Rpi__1,Sensor__4,2024/12/26 9:05,16.4,51.8,timer,3570
16340,Rpi__1,Sensor__4,2024/12/26 9:10,16.4,51.9,timer,3570
16344,Rpi__1,Sensor__4,2024/12/26 9:15,16.4,51.8,timer,3570
16348,Rpi__1,Sensor__4,2024/12/26 9:20,16.4,51.8,timer,3570
16352,Rpi__1,Sensor__4,2024/12/26 9:25,16.5,51.8,timer,3570
16356,Rpi__1,Sensor__4,2024/12/26 9:30,16.5,51.7,timer,3570
16360,Rpi__1,Sensor__4,2024/12/26 9:35,16.4,51.6,timer,3570
16364,Rpi__1,Sensor__4,2024/12/26 9:40,16.4,51.7,timer,3570
16368,Rpi__1,Sensor__4,2024/12/26 9:45,16.4,51.6,timer,3570
16372,Rpi__1,Sensor__4,2024/12/26 9:50,16.4,51.6,timer,3570
16376,Rpi__1,Sensor__4,2024/12/26 9:55,16.5,51.6,timer,3570
16380,Rpi__1,Sensor__4,2024/12/26 10:00,16.5,51.5,timer,3570
16384,Rpi__1,Sensor__4,2024/12/26 10:05,16.5,51.5,timer,3570
16388,Rpi__1,Sensor__4,2024/12/26 10:10,16.5,51.5,timer,3570
16392,Rpi__1,Sensor__4,2024/12/26 10:15,16.5,51.5,timer,3570
16396,Rpi__1,Sensor__4,2024/12/26 10:20,16.5,51.5,timer,3570
16400,Rpi__1,Sensor__4,2024/12/26 10:25,16.5,51.4,timer,3570
16404,Rpi__1,Sensor__4,2024/12/26 10:30,16.5,51.3,timer,3570
16408,Rpi__1,Sensor__4,2024/12/26 10:35,16.5,51.2,timer,3570
16412,Rpi__1,Sensor__4,2024/12/26 10:40,16.5,51.2,timer,3570
16416,Rpi__1,Sensor__4,2024/12/26 10:45,16.5,51.3,timer,3570
16420,Rpi__1,Sensor__4,2024/12/26 10:50,16.5,51.2,timer,3570
16424,Rpi__1,Sensor__4,2024/12/26 10:55,16.5,51.2,timer,3570
16428,Rpi__1,Sensor__4,2024/12/26 11:00,16.5,51.1,timer,3570
16432,Rpi__1,Sensor__4,2024/12/26 11:05,16.5,51.2,timer,3570
16436,Rpi__1,Sensor__4,2024/12/26 11:10,16.5,51.1,timer,3570
16440,Rpi__1,Sensor__4,2024/12/26 11:15,16.5,51.2,timer,3570
16444,Rpi__1,Sensor__4,2024/12/26 11:20,16.5,51.2,timer,3570
16448,Rpi__1,Sensor__4,2024/12/26 11:25,16.5,51.2,timer,3570
16452,Rpi__1,Sensor__4,2024/12/26 11:30,16.5,51.2,timer,3570
16456,Rpi__1,Sensor__4,2024/12/26 11:35,16.5,51.2,timer,3570
16460,Rpi__1,Sensor__4,2024/12/26 11:40,16.5,51.1,timer,3570
16464,Rpi__1,Sensor__4,2024/12/26 11:45,16.5,51.2,timer,3570
16468,Rpi__1,Sensor__4,2024/12/26 11:50,16.5,51.2,timer,3570
16472,Rpi__1,Sensor__4,2024/12/26 11:55,16.5,51.1,timer,3570
16476,Rpi__1,Sensor__4,2024/12/26 12:00,16.5,51,timer,3570
16480,Rpi__1,Sensor__4,2024/12/26 12:05,16.5,51,timer,3570
16484,Rpi__1,Sensor__4,2024/12/26 12:10,16.5,51,timer,3570
16488,Rpi__1,Sensor__4,2024/12/26 12:15,16.5,51,timer,3570
16492,Rpi__1,Sensor__4,2024/12/26 12:20,16.5,51,timer,3570
16496,Rpi__1,Sensor__4,2024/12/26 12:25,16.5,51,timer,3570
16500,Rpi__1,Sensor__4,2024/12/26 12:30,16.5,51,timer,3570
16504,Rpi__1,Sensor__4,2024/12/26 12:35,16.5,51,timer,3570
16508,Rpi__1,Sensor__4,2024/12/26 12:40,16.5,50.9,timer,3570
16512,Rpi__1,Sensor__4,2024/12/26 12:45,16.5,50.9,timer,3570
16516,Rpi__1,Sensor__4,2024/12/26 12:50,16.5,50.8,timer,3570
16520,Rpi__1,Sensor__4,2024/12/26 12:55,16.5,50.7,timer,3570
16524,Rpi__1,Sensor__4,2024/12/26 13:00,16.5,50.8,timer,3570
16528,Rpi__1,Sensor__4,2024/12/26 13:05,16.5,50.8,timer,3570
16532,Rpi__1,Sensor__4,2024/12/26 13:10,16.5,50.7,timer,3570
16536,Rpi__1,Sensor__4,2024/12/26 13:15,16.5,50.7,timer,3570
16540,Rpi__1,Sensor__4,2024/12/26 13:20,16.5,50.8,timer,3570
16544,Rpi__1,Sensor__4,2024/12/26 13:25,16.5,50.8,timer,3570
16548,Rpi__1,Sensor__4,2024/12/26 13:30,16.5,50.7,timer,3570
16552,Rpi__1,Sensor__4,2024/12/26 13:35,16.5,50.7,timer,3570
16556,Rpi__1,Sensor__4,2024/12/26 13:40,16.5,50.5,timer,3570
16560,Rpi__1,Sensor__4,2024/12/26 13:45,16.4,50.5,timer,3570
16564,Rpi__1,Sensor__4,2024/12/26 13:50,16.5,50.6,timer,3570
16568,Rpi__1,Sensor__4,2024/12/26 13:55,16.5,50.4,timer,3570
16572,Rpi__1,Sensor__4,2024/12/26 14:00,16.5,50.4,timer,3570
16576,Rpi__1,Sensor__4,2024/12/26 14:05,16.4,50.3,timer,3570
16580,Rpi__1,Sensor__4,2024/12/26 14:10,16.5,50.2,timer,3570
16584,Rpi__1,Sensor__4,2024/12/26 14:15,16.5,50.3,timer,3570
16588,Rpi__1,Sensor__4,2024/12/26 14:20,16.5,50.1,timer,3570
16592,Rpi__1,Sensor__4,2024/12/26 14:25,16.5,50.1,timer,3570
16596,Rpi__1,Sensor__4,2024/12/26 14:30,16.5,50,timer,3570
16600,Rpi__1,Sensor__4,2024/12/26 14:35,16.4,50.1,timer,3570
16604,Rpi__1,Sensor__4,2024/12/26 14:40,16.4,50,timer,3570
16608,Rpi__1,Sensor__4,2024/12/26 14:45,16.5,49.9,timer,3570
16612,Rpi__1,Sensor__4,2024/12/26 14:50,16.5,49.9,timer,3570
16616,Rpi__1,Sensor__4,2024/12/26 14:55,16.5,50,timer,3570
16620,Rpi__1,Sensor__4,2024/12/26 15:00,16.4,49.8,timer,3570
16624,Rpi__1,Sensor__4,2024/12/26 15:05,16.4,49.9,timer,3570
16628,Rpi__1,Sensor__4,2024/12/26 15:10,16.4,49.9,timer,3570
16632,Rpi__1,Sensor__4,2024/12/26 15:15,16.4,49.8,timer,3570
16636,Rpi__1,Sensor__4,2024/12/26 15:20,16.4,49.7,timer,3570
16640,Rpi__1,Sensor__4,2024/12/26 15:25,16.4,49.7,timer,3570
16644,Rpi__1,Sensor__4,2024/12/26 15:30,16.4,49.7,timer,43170
16648,Rpi__1,Sensor__4,2024/12/26 15:35,16.4,49.7,timer,43170
16652,Rpi__1,Sensor__4,2024/12/26 15:40,16.4,49.7,timer,3570
16656,Rpi__1,Sensor__4,2024/12/26 15:45,16.4,49.6,timer,3570
16660,Rpi__1,Sensor__4,2024/12/26 15:50,16.4,49.8,timer,3570
16664,Rpi__1,Sensor__4,2024/12/26 15:55,16.4,49.5,timer,3570
16668,Rpi__1,Sensor__4,2024/12/26 16:00,16.4,49.6,timer,3570
16672,Rpi__1,Sensor__4,2024/12/26 16:05,16.4,49.4,timer,3570
16676,Rpi__1,Sensor__4,2024/12/26 16:10,16.4,49.5,timer,3570
16680,Rpi__1,Sensor__4,2024/12/26 16:15,16.4,49.5,timer,3570
16684,Rpi__1,Sensor__4,2024/12/26 16:20,16.4,49.4,timer,3570
16688,Rpi__1,Sensor__4,2024/12/26 16:25,16.4,49.4,timer,3570
16692,Rpi__1,Sensor__4,2024/12/26 16:30,16.4,49.4,timer,3570
16696,Rpi__1,Sensor__4,2024/12/26 16:35,16.4,49.4,timer,3570
16700,Rpi__1,Sensor__4,2024/12/26 16:40,16.4,49.4,timer,3570
16704,Rpi__1,Sensor__4,2024/12/26 16:45,16.4,49.3,timer,3570
16708,Rpi__1,Sensor__4,2024/12/26 16:50,16.4,49.4,timer,3570
16712,Rpi__1,Sensor__4,2024/12/26 16:55,16.4,49.4,timer,3570
16716,Rpi__1,Sensor__4,2024/12/26 17:00,16.4,49.4,timer,3570
16720,Rpi__1,Sensor__4,2024/12/26 17:05,16.4,49.5,timer,3570
16724,Rpi__1,Sensor__4,2024/12/26 17:10,16.3,49.5,timer,3570
16728,Rpi__1,Sensor__4,2024/12/26 17:15,16.3,49.4,timer,3570
16732,Rpi__1,Sensor__4,2024/12/26 17:20,16.3,49.5,timer,3570
16736,Rpi__1,Sensor__4,2024/12/26 17:25,16.3,49.5,timer,3570
16740,Rpi__1,Sensor__4,2024/12/26 17:30,16.3,49.2,timer,3570
16744,Rpi__1,Sensor__4,2024/12/26 17:35,16.3,49.4,timer,3570
16748,Rpi__1,Sensor__4,2024/12/26 17:40,16.3,49.5,timer,3570
16752,Rpi__1,Sensor__4,2024/12/26 17:45,16.3,49.3,timer,3570
16756,Rpi__1,Sensor__4,2024/12/26 17:50,16.3,49.4,timer,3570
16760,Rpi__1,Sensor__4,2024/12/26 17:55,16.3,49.3,timer,3570
16764,Rpi__1,Sensor__4,2024/12/26 18:00,16.3,49.3,timer,3570
16768,Rpi__1,Sensor__4,2024/12/26 18:05,16.3,49.4,timer,3570
16772,Rpi__1,Sensor__4,2024/12/26 18:10,16.3,49.3,timer,3570
16776,Rpi__1,Sensor__4,2024/12/26 18:15,16.3,49.4,timer,3570
16780,Rpi__1,Sensor__4,2024/12/26 18:25,16.3,49.4,timer,3570
16784,Rpi__1,Sensor__4,2024/12/26 18:30,16.3,49.3,timer,3570
16788,Rpi__1,Sensor__4,2024/12/26 18:35,16.3,49.3,timer,3570
16792,Rpi__1,Sensor__4,2024/12/26 18:40,16.3,49.3,timer,3570
16796,Rpi__1,Sensor__4,2024/12/26 18:45,16.3,49.3,timer,3570
16800,Rpi__1,Sensor__4,2024/12/26 18:50,16.3,49.2,timer,3570
16804,Rpi__1,Sensor__4,2024/12/26 18:55,16.3,49.2,timer,3570
16808,Rpi__1,Sensor__4,2024/12/26 19:00,16.3,49.4,timer,3570
16812,Rpi__1,Sensor__4,2024/12/26 19:05,16.3,49.2,timer,3570
16816,Rpi__1,Sensor__4,2024/12/26 19:10,16.3,49.2,timer,3570
16820,Rpi__1,Sensor__4,2024/12/26 19:15,16.3,49.3,timer,3570
16824,Rpi__1,Sensor__4,2024/12/26 19:20,16.3,49.1,timer,3570
16828,Rpi__1,Sensor__4,2024/12/26 19:25,16.2,49.2,timer,3570
16832,Rpi__1,Sensor__4,2024/12/26 19:30,16.2,49.4,timer,3570
16836,Rpi__1,Sensor__4,2024/12/26 19:35,16.3,49.1,timer,3570
16840,Rpi__1,Sensor__4,2024/12/26 19:40,16.3,49.3,timer,3570
16844,Rpi__1,Sensor__4,2024/12/26 19:45,16.3,49.1,timer,3570
16848,Rpi__1,Sensor__4,2024/12/26 19:50,16.2,49.5,timer,3570
16852,Rpi__1,Sensor__4,2024/12/26 19:55,16.3,49,timer,3570
16856,Rpi__1,Sensor__4,2024/12/26 20:00,16.3,49,timer,3570
16860,Rpi__1,Sensor__4,2024/12/26 20:05,16.2,49.1,timer,3570
16864,Rpi__1,Sensor__4,2024/12/26 20:10,16.3,49.1,timer,3570
16868,Rpi__1,Sensor__4,2024/12/26 20:15,16.2,49,timer,3570
16872,Rpi__1,Sensor__4,2024/12/26 20:20,16.2,49,timer,3570
16876,Rpi__1,Sensor__4,2024/12/26 20:25,16.2,49,timer,3570
16880,Rpi__1,Sensor__4,2024/12/26 20:30,16.2,49,timer,3570
16884,Rpi__1,Sensor__4,2024/12/26 20:35,16.2,49,timer,3570
16888,Rpi__1,Sensor__4,2024/12/26 20:40,16.2,48.9,timer,3570
16892,Rpi__1,Sensor__4,2024/12/26 20:45,16.2,49.2,timer,3570
16896,Rpi__1,Sensor__4,2024/12/26 20:50,16.2,48.9,timer,3570
16900,Rpi__1,Sensor__4,2024/12/26 20:55,16.2,48.8,timer,3570
16904,Rpi__1,Sensor__4,2024/12/26 21:00,16.2,48.9,timer,3570
16908,Rpi__1,Sensor__4,2024/12/26 21:05,16.2,49,timer,3570
16912,Rpi__1,Sensor__4,2024/12/26 21:10,16.2,48.7,timer,3570
16916,Rpi__1,Sensor__4,2024/12/26 21:15,16.2,48.8,timer,3570
16920,Rpi__1,Sensor__4,2024/12/26 21:20,16.2,48.8,timer,3570
16924,Rpi__1,Sensor__4,2024/12/26 21:25,16.2,49,timer,3570
16928,Rpi__1,Sensor__4,2024/12/26 21:30,16.2,48.8,timer,3570
16932,Rpi__1,Sensor__4,2024/12/26 21:35,16.2,48.8,timer,3570
16936,Rpi__1,Sensor__4,2024/12/26 21:40,16.2,48.6,timer,3570
16940,Rpi__1,Sensor__4,2024/12/26 21:45,16.2,48.6,timer,3570
16944,Rpi__1,Sensor__4,2024/12/26 21:50,16.2,48.6,timer,3570
16948,Rpi__1,Sensor__4,2024/12/26 21:55,16.2,48.6,timer,3570
16952,Rpi__1,Sensor__4,2024/12/26 22:00,16.2,48.5,timer,3570
16956,Rpi__1,Sensor__4,2024/12/26 22:05,16.2,48.6,timer,3570
16960,Rpi__1,Sensor__4,2024/12/26 22:10,16.2,48.7,timer,3570
16964,Rpi__1,Sensor__4,2024/12/26 22:15,16.2,48.7,timer,3570
16968,Rpi__1,Sensor__4,2024/12/26 22:20,16.2,48.7,timer,3570
16972,Rpi__1,Sensor__4,2024/12/26 22:25,16.2,48.4,timer,3570
16976,Rpi__1,Sensor__4,2024/12/26 22:30,16.2,48.6,timer,3570
16980,Rpi__1,Sensor__4,2024/12/26 22:35,16.1,48.5,timer,3570
16984,Rpi__1,Sensor__4,2024/12/26 22:40,16.1,48.4,timer,3570
16988,Rpi__1,Sensor__4,2024/12/26 22:45,16.2,48.3,timer,3570
16992,Rpi__1,Sensor__4,2024/12/26 22:50,16.1,48.6,timer,3570
16996,Rpi__1,Sensor__4,2024/12/26 22:55,16.1,48.2,timer,3570
17000,Rpi__1,Sensor__4,2024/12/26 23:00,16.1,48.3,timer,3570
17004,Rpi__1,Sensor__4,2024/12/26 23:05,16.1,48.5,timer,3570
17008,Rpi__1,Sensor__4,2024/12/26 23:10,16.1,48.2,timer,3570
17012,Rpi__1,Sensor__4,2024/12/26 23:15,16.1,48.4,timer,3570
17016,Rpi__1,Sensor__4,2024/12/26 23:20,16.1,48.4,timer,3570
17020,Rpi__1,Sensor__4,2024/12/26 23:25,16.1,48.2,timer,3570
17024,Rpi__1,Sensor__4,2024/12/26 23:30,16.1,48.2,timer,3570
17028,Rpi__1,Sensor__4,2024/12/26 23:35,16.1,48.2,timer,3570
17032,Rpi__1,Sensor__4,2024/12/26 23:40,16.1,48.2,timer,3570
17036,Rpi__1,Sensor__4,2024/12/26 23:45,16.1,48.2,timer,3570
17040,Rpi__1,Sensor__4,2024/12/26 23:50,16.1,48.5,timer,3570
17044,Rpi__1,Sensor__4,2024/12/26 23:55,16.1,48.5,timer,3570
17048,Rpi__1,Sensor__4,2024/12/27 0:00,16.1,48.3,timer,3570
17052,Rpi__1,Sensor__4,2024/12/27 0:05,16.1,48.4,timer,3570
17056,Rpi__1,Sensor__4,2024/12/27 0:10,16.1,48.4,timer,3570
17060,Rpi__1,Sensor__4,2024/12/27 0:15,16.1,48.2,timer,3570
17064,Rpi__1,Sensor__4,2024/12/27 0:20,16.1,48.2,timer,3570
17068,Rpi__1,Sensor__4,2024/12/27 0:25,16.1,48.4,timer,3570
17072,Rpi__1,Sensor__4,2024/12/27 0:30,16.1,48.3,timer,3570
17076,Rpi__1,Sensor__4,2024/12/27 0:35,16.1,48.4,timer,3570
17080,Rpi__1,Sensor__4,2024/12/27 0:40,16.1,48.3,timer,3570
17084,Rpi__1,Sensor__4,2024/12/27 0:45,16.1,48.2,timer,3570
17088,Rpi__1,Sensor__4,2024/12/27 0:50,16.1,48.4,timer,3570
17092,Rpi__1,Sensor__4,2024/12/27 0:55,16.1,48.2,timer,3570
17096,Rpi__1,Sensor__4,2024/12/27 1:00,16.1,48.2,timer,3570
17100,Rpi__1,Sensor__4,2024/12/27 1:05,16.1,48.3,timer,3570
17104,Rpi__1,Sensor__4,2024/12/27 1:10,16.1,48.4,timer,3570
17108,Rpi__1,Sensor__4,2024/12/27 1:15,16,48.2,timer,3570
17112,Rpi__1,Sensor__4,2024/12/27 1:20,16,48.3,timer,3570
17116,Rpi__1,Sensor__4,2024/12/27 1:25,16,48.4,timer,3570
17120,Rpi__1,Sensor__4,2024/12/27 1:30,16,48.4,timer,3570
17124,Rpi__1,Sensor__4,2024/12/27 1:35,16,48.4,timer,3570
17128,Rpi__1,Sensor__4,2024/12/27 1:40,16,48.3,timer,3570
17132,Rpi__1,Sensor__4,2024/12/27 1:45,16,48.5,timer,3570
17136,Rpi__1,Sensor__4,2024/12/27 1:50,16,48.3,timer,3570
17140,Rpi__1,Sensor__4,2024/12/27 1:55,16,48.3,timer,3570
17144,Rpi__1,Sensor__4,2024/12/27 2:00,16,48.6,timer,3570
17148,Rpi__1,Sensor__4,2024/12/27 2:05,16,48.3,timer,3570
17152,Rpi__1,Sensor__4,2024/12/27 2:10,16,48.4,timer,3570
17156,Rpi__1,Sensor__4,2024/12/27 2:15,16,48.7,timer,3570
17160,Rpi__1,Sensor__4,2024/12/27 2:20,16,48.7,timer,3570
17164,Rpi__1,Sensor__4,2024/12/27 2:25,16,48.5,timer,3570
17168,Rpi__1,Sensor__4,2024/12/27 2:30,16,48.5,timer,3570
17172,Rpi__1,Sensor__4,2024/12/27 2:35,16,48.6,timer,3570
17176,Rpi__1,Sensor__4,2024/12/27 2:40,15.9,48.5,timer,3570
17180,Rpi__1,Sensor__4,2024/12/27 2:45,15.9,48.5,timer,3570
17184,Rpi__1,Sensor__4,2024/12/27 2:50,15.9,48.7,timer,3570
17188,Rpi__1,Sensor__4,2024/12/27 2:55,15.9,48.6,timer,3570
17192,Rpi__1,Sensor__4,2024/12/27 3:00,15.9,48.4,timer,3570
17196,Rpi__1,Sensor__4,2024/12/27 3:05,15.9,48.5,timer,3570
17200,Rpi__1,Sensor__4,2024/12/27 3:10,15.9,48.3,timer,3570
17204,Rpi__1,Sensor__4,2024/12/27 3:15,15.9,48.6,timer,3570
17208,Rpi__1,Sensor__4,2024/12/27 3:20,15.9,48.6,timer,3570
17212,Rpi__1,Sensor__4,2024/12/27 3:25,15.9,48.5,timer,3570
17216,Rpi__1,Sensor__4,2024/12/27 3:30,15.9,48.3,timer,3570
17220,Rpi__1,Sensor__4,2024/12/27 3:35,15.9,48.7,timer,43170
17224,Rpi__1,Sensor__4,2024/12/27 3:40,15.9,48.4,timer,43170
17228,Rpi__1,Sensor__4,2024/12/27 3:45,15.9,48.4,timer,43170
17232,Rpi__1,Sensor__4,2024/12/27 3:50,15.9,48.4,timer,43170
17236,Rpi__1,Sensor__4,2024/12/27 3:55,15.9,48.4,timer,43170
17240,Rpi__1,Sensor__4,2024/12/27 4:00,15.9,48.5,timer,43170
17244,Rpi__1,Sensor__4,2024/12/27 4:05,15.9,48.5,timer,43170
17248,Rpi__1,Sensor__4,2024/12/27 4:10,15.9,48.3,timer,43170
17252,Rpi__1,Sensor__4,2024/12/27 4:15,15.9,48.6,timer,43170
17256,Rpi__1,Sensor__4,2024/12/27 4:20,15.9,48.5,timer,43170
17260,Rpi__1,Sensor__4,2024/12/27 4:25,15.9,48.4,timer,43170
17264,Rpi__1,Sensor__4,2024/12/27 4:30,15.8,48.4,timer,43170
17268,Rpi__1,Sensor__4,2024/12/27 4:35,15.8,48.7,timer,43170
17272,Rpi__1,Sensor__4,2024/12/27 4:40,15.9,48.4,timer,3570
17276,Rpi__1,Sensor__4,2024/12/27 4:45,15.8,48.4,timer,3570
17280,Rpi__1,Sensor__4,2024/12/27 4:50,15.8,48.6,timer,3570
17284,Rpi__1,Sensor__4,2024/12/27 4:55,15.8,48.3,timer,3570
17288,Rpi__1,Sensor__4,2024/12/27 5:00,15.8,48.4,timer,3570
17292,Rpi__1,Sensor__4,2024/12/27 5:05,15.8,48.7,timer,3570
17296,Rpi__1,Sensor__4,2024/12/27 5:10,15.8,48.3,timer,3570
17300,Rpi__1,Sensor__4,2024/12/27 5:15,15.8,48.4,timer,3570
17304,Rpi__1,Sensor__4,2024/12/27 5:20,15.8,48.5,timer,3570
17308,Rpi__1,Sensor__4,2024/12/27 5:25,15.8,48.2,timer,3570
17312,Rpi__1,Sensor__4,2024/12/27 5:30,15.8,48.1,timer,3570
17316,Rpi__1,Sensor__4,2024/12/27 5:35,15.8,48.4,timer,3570
17320,Rpi__1,Sensor__4,2024/12/27 5:40,15.8,48,timer,3570
17324,Rpi__1,Sensor__4,2024/12/27 5:45,15.8,48,timer,3570
17328,Rpi__1,Sensor__4,2024/12/27 5:50,15.8,48.1,timer,3570
17332,Rpi__1,Sensor__4,2024/12/27 5:55,15.8,48,timer,3570
17336,Rpi__1,Sensor__4,2024/12/27 6:00,15.8,48,timer,3570
17340,Rpi__1,Sensor__4,2024/12/27 6:05,15.8,48,timer,3570
17344,Rpi__1,Sensor__4,2024/12/27 6:10,15.8,47.9,timer,3570
17348,Rpi__1,Sensor__4,2024/12/27 6:15,15.8,47.9,timer,3570
17352,Rpi__1,Sensor__4,2024/12/27 6:20,15.8,48.1,timer,3570
17356,Rpi__1,Sensor__4,2024/12/27 6:25,15.8,48.1,timer,3570
17360,Rpi__1,Sensor__4,2024/12/27 6:30,15.8,47.8,timer,3570
17364,Rpi__1,Sensor__4,2024/12/27 6:35,15.8,47.8,timer,3570
17368,Rpi__1,Sensor__4,2024/12/27 6:40,15.8,47.8,timer,3570
17372,Rpi__1,Sensor__4,2024/12/27 6:45,15.8,47.9,timer,3570
17376,Rpi__1,Sensor__4,2024/12/27 6:50,15.8,47.9,timer,3570
17380,Rpi__1,Sensor__4,2024/12/27 6:55,15.8,47.7,timer,3570
17384,Rpi__1,Sensor__4,2024/12/27 7:00,15.9,47.7,timer,3570
17388,Rpi__1,Sensor__4,2024/12/27 7:05,15.9,47.7,timer,3570
17392,Rpi__1,Sensor__4,2024/12/27 7:10,15.8,47.8,timer,3570
17396,Rpi__1,Sensor__4,2024/12/27 7:15,15.8,47.9,timer,3570
17400,Rpi__1,Sensor__4,2024/12/27 7:20,15.8,47.9,timer,3570
17404,Rpi__1,Sensor__4,2024/12/27 7:25,15.8,47.8,timer,3570
17408,Rpi__1,Sensor__4,2024/12/27 7:30,15.8,47.9,timer,3570
17412,Rpi__1,Sensor__4,2024/12/27 7:35,15.8,48,timer,3570
17416,Rpi__1,Sensor__4,2024/12/27 7:40,15.8,47.9,timer,3570
17420,Rpi__1,Sensor__4,2024/12/27 7:45,15.8,47.9,timer,3570
17424,Rpi__1,Sensor__4,2024/12/27 7:50,15.8,47.9,timer,3570
17428,Rpi__1,Sensor__4,2024/12/27 7:55,15.8,47.9,timer,3570
17432,Rpi__1,Sensor__4,2024/12/27 8:00,15.8,47.8,timer,3570
17436,Rpi__1,Sensor__4,2024/12/27 8:05,15.8,47.9,timer,3570
17440,Rpi__1,Sensor__4,2024/12/27 8:10,15.8,47.9,timer,3570
17444,Rpi__1,Sensor__4,2024/12/27 8:15,15.8,47.9,timer,3570
17448,Rpi__1,Sensor__4,2024/12/27 8:20,15.8,48,timer,3570
17452,Rpi__1,Sensor__4,2024/12/27 8:25,15.8,48,timer,3570
17456,Rpi__1,Sensor__4,2024/12/27 8:30,15.8,48.1,timer,3570
17460,Rpi__1,Sensor__4,2024/12/27 8:35,15.7,47.9,timer,3570
17464,Rpi__1,Sensor__4,2024/12/27 8:40,15.7,48.1,timer,3570
17468,Rpi__1,Sensor__4,2024/12/27 8:45,15.7,48.1,timer,3570
17472,Rpi__1,Sensor__4,2024/12/27 8:50,15.7,48.1,timer,3570
17476,Rpi__1,Sensor__4,2024/12/27 8:55,15.7,48,timer,3570
17480,Rpi__1,Sensor__4,2024/12/27 9:00,15.7,47.9,timer,3570
17484,Rpi__1,Sensor__4,2024/12/27 9:05,15.7,48.1,timer,3570
17488,Rpi__1,Sensor__4,2024/12/27 9:10,15.7,47.8,timer,3570
17492,Rpi__1,Sensor__4,2024/12/27 9:15,15.7,47.8,timer,3570
17496,Rpi__1,Sensor__4,2024/12/27 9:20,15.7,48.1,timer,3570
17500,Rpi__1,Sensor__4,2024/12/27 9:25,15.7,48.1,timer,3570
17504,Rpi__1,Sensor__4,2024/12/27 9:30,15.7,47.7,timer,3570
17508,Rpi__1,Sensor__4,2024/12/27 9:35,15.7,47.7,timer,3570
17512,Rpi__1,Sensor__4,2024/12/27 9:40,15.7,47.7,timer,3570
17516,Rpi__1,Sensor__4,2024/12/27 9:45,15.7,47.6,timer,3570
17520,Rpi__1,Sensor__4,2024/12/27 9:50,15.7,47.4,timer,3570
17524,Rpi__1,Sensor__4,2024/12/27 9:55,15.7,47.5,timer,3570
17528,Rpi__1,Sensor__4,2024/12/27 10:00,15.7,47.5,timer,3570
17532,Rpi__1,Sensor__4,2024/12/27 10:05,15.7,47.6,timer,3570
17536,Rpi__1,Sensor__4,2024/12/27 10:10,15.7,47.4,timer,3570
17540,Rpi__1,Sensor__4,2024/12/27 10:15,15.7,47.3,timer,3570
17544,Rpi__1,Sensor__4,2024/12/27 10:20,15.7,47.4,timer,3570
17548,Rpi__1,Sensor__4,2024/12/27 10:25,15.7,47.3,timer,3570
17552,Rpi__1,Sensor__4,2024/12/27 10:30,15.7,47.4,timer,3570
17556,Rpi__1,Sensor__4,2024/12/27 10:35,15.6,47.4,timer,3570
17560,Rpi__1,Sensor__4,2024/12/27 10:40,15.7,47.3,timer,3570
17564,Rpi__1,Sensor__4,2024/12/27 10:45,15.7,47,timer,3570
17568,Rpi__1,Sensor__4,2024/12/27 10:50,15.7,47.1,timer,3570
17572,Rpi__1,Sensor__4,2024/12/27 10:55,15.7,47.2,timer,3570
17576,Rpi__1,Sensor__4,2024/12/27 11:00,15.7,47.3,timer,3570
17580,Rpi__1,Sensor__4,2024/12/27 11:05,15.7,47,timer,3570
17584,Rpi__1,Sensor__4,2024/12/27 11:10,15.6,47.1,timer,3570
17588,Rpi__1,Sensor__4,2024/12/27 11:15,15.6,47.1,timer,3570
17592,Rpi__1,Sensor__4,2024/12/27 11:20,15.7,47.1,timer,3570
17596,Rpi__1,Sensor__4,2024/12/27 11:25,15.6,46.9,timer,3570
17600,Rpi__1,Sensor__4,2024/12/27 11:30,15.6,46.8,timer,3570
17604,Rpi__1,Sensor__4,2024/12/27 11:35,15.6,46.8,timer,3570
17608,Rpi__1,Sensor__4,2024/12/27 11:40,15.6,47.1,timer,3570
17612,Rpi__1,Sensor__4,2024/12/27 11:45,15.6,46.9,timer,3570
17616,Rpi__1,Sensor__4,2024/12/27 11:50,15.7,46.7,timer,3570
17620,Rpi__1,Sensor__4,2024/12/27 11:55,15.7,46.7,timer,3570
17624,Rpi__1,Sensor__4,2024/12/27 12:00,15.7,46.8,timer,3570
17628,Rpi__1,Sensor__4,2024/12/27 12:05,15.7,46.8,timer,3570
17632,Rpi__1,Sensor__4,2024/12/27 12:10,15.7,46.8,timer,3570
17636,Rpi__1,Sensor__4,2024/12/27 12:15,15.7,46.8,timer,3570
17640,Rpi__1,Sensor__4,2024/12/27 12:20,15.7,46.8,timer,3570
17644,Rpi__1,Sensor__4,2024/12/27 12:25,15.6,47.1,timer,3570
17648,Rpi__1,Sensor__4,2024/12/27 12:30,15.6,46.9,timer,3570
17652,Rpi__1,Sensor__4,2024/12/27 12:35,15.6,46.7,timer,3570
17656,Rpi__1,Sensor__4,2024/12/27 12:40,15.6,46.7,timer,3570
17660,Rpi__1,Sensor__4,2024/12/27 12:45,15.6,47,timer,3570
17664,Rpi__1,Sensor__4,2024/12/27 12:50,15.6,46.8,timer,3570
17668,Rpi__1,Sensor__4,2024/12/27 12:55,15.6,46.6,timer,3570
17672,Rpi__1,Sensor__4,2024/12/27 13:00,15.7,46.8,timer,3570
17676,Rpi__1,Sensor__4,2024/12/27 13:05,15.6,46.9,timer,3570
17680,Rpi__1,Sensor__4,2024/12/27 13:10,15.6,46.7,timer,3570
17684,Rpi__1,Sensor__4,2024/12/27 13:15,15.6,47,timer,3570
17688,Rpi__1,Sensor__4,2024/12/27 13:20,15.6,46.9,timer,3570
17692,Rpi__1,Sensor__4,2024/12/27 13:25,15.6,46.8,timer,3570
17696,Rpi__1,Sensor__4,2024/12/27 13:30,15.6,46.6,timer,3570
17700,Rpi__1,Sensor__4,2024/12/27 13:35,15.6,46.6,timer,3570
17704,Rpi__1,Sensor__4,2024/12/27 13:40,15.6,46.5,timer,3570
17708,Rpi__1,Sensor__4,2024/12/27 13:45,15.6,46.6,timer,3570
17712,Rpi__1,Sensor__4,2024/12/27 13:50,15.6,46.6,timer,3570
17716,Rpi__1,Sensor__4,2024/12/27 13:55,15.6,46.6,timer,3570
17720,Rpi__1,Sensor__4,2024/12/27 14:00,15.6,46.5,timer,3570
17724,Rpi__1,Sensor__4,2024/12/27 14:05,15.6,46.4,timer,3570
17728,Rpi__1,Sensor__4,2024/12/27 14:10,15.6,46.5,timer,3570
17732,Rpi__1,Sensor__4,2024/12/27 14:15,15.6,46.8,timer,3570
17736,Rpi__1,Sensor__4,2024/12/27 14:20,15.6,46.6,timer,3570
17740,Rpi__1,Sensor__4,2024/12/27 14:25,15.6,46.4,timer,3570
17744,Rpi__1,Sensor__4,2024/12/27 14:30,15.6,46.4,timer,3570
17748,Rpi__1,Sensor__4,2024/12/27 14:35,15.6,46.5,timer,3570
17752,Rpi__1,Sensor__4,2024/12/27 14:40,15.6,46.3,timer,3570
17756,Rpi__1,Sensor__4,2024/12/27 14:45,15.6,46.6,timer,3570
17760,Rpi__1,Sensor__4,2024/12/27 14:50,15.6,46.2,timer,3570
17764,Rpi__1,Sensor__4,2024/12/27 14:55,15.6,46.2,timer,3570
17768,Rpi__1,Sensor__4,2024/12/27 15:00,15.6,46.2,timer,3570
17772,Rpi__1,Sensor__4,2024/12/27 15:05,15.6,46.5,timer,3570
17776,Rpi__1,Sensor__4,2024/12/27 15:10,15.5,46.2,timer,3570
17780,Rpi__1,Sensor__4,2024/12/27 15:15,15.5,46.2,timer,3570
17784,Rpi__1,Sensor__4,2024/12/27 15:20,15.6,45.9,timer,3570
17788,Rpi__1,Sensor__4,2024/12/27 15:25,15.6,45.9,timer,3570
17792,Rpi__1,Sensor__4,2024/12/27 15:30,15.5,46,timer,43170
17796,Rpi__1,Sensor__4,2024/12/27 15:35,15.5,46,timer,43170
17800,Rpi__1,Sensor__4,2024/12/27 15:40,15.6,45.9,timer,3570
17804,Rpi__1,Sensor__4,2024/12/27 15:45,15.5,46,timer,3570
17808,Rpi__1,Sensor__4,2024/12/27 15:50,15.5,46,timer,3570
17812,Rpi__1,Sensor__4,2024/12/27 15:55,15.6,45.7,timer,3570
17816,Rpi__1,Sensor__4,2024/12/27 16:00,15.6,45.6,timer,3570
17820,Rpi__1,Sensor__4,2024/12/27 16:05,15.5,45.6,timer,3570
17824,Rpi__1,Sensor__4,2024/12/27 16:10,15.5,45.9,timer,3570
17828,Rpi__1,Sensor__4,2024/12/27 16:15,15.6,45.6,timer,3570
17832,Rpi__1,Sensor__4,2024/12/27 16:20,15.5,45.6,timer,3570
17836,Rpi__1,Sensor__4,2024/12/27 16:25,15.6,45.8,timer,3570
17840,Rpi__1,Sensor__4,2024/12/27 16:30,15.5,45.6,timer,3570
17844,Rpi__1,Sensor__4,2024/12/27 16:35,15.5,45.4,timer,3570
17848,Rpi__1,Sensor__4,2024/12/27 16:40,15.5,45.4,timer,3570
17852,Rpi__1,Sensor__4,2024/12/27 16:45,15.5,45.7,timer,3570
17856,Rpi__1,Sensor__4,2024/12/27 16:50,15.5,45.5,timer,3570
17860,Rpi__1,Sensor__4,2024/12/27 16:55,15.5,45.3,timer,3570
17864,Rpi__1,Sensor__4,2024/12/27 17:00,15.5,45.4,timer,3570
17868,Rpi__1,Sensor__4,2024/12/27 17:05,15.5,45.4,timer,3570
17872,Rpi__1,Sensor__4,2024/12/27 17:10,15.5,45.5,timer,3570
17876,Rpi__1,Sensor__4,2024/12/27 17:15,15.5,45.2,timer,3570
17880,Rpi__1,Sensor__4,2024/12/27 17:20,15.5,45.2,timer,3570
17884,Rpi__1,Sensor__4,2024/12/27 17:25,15.5,45.5,timer,3570
17888,Rpi__1,Sensor__4,2024/12/27 17:35,15.5,45.2,timer,3570
17892,Rpi__1,Sensor__4,2024/12/27 17:40,15.5,45,timer,3570
17896,Rpi__1,Sensor__4,2024/12/27 17:45,15.5,45.1,timer,3570
17900,Rpi__1,Sensor__4,2024/12/27 17:50,15.5,45.6,timer,3570
17904,Rpi__1,Sensor__4,2024/12/27 17:55,15.5,45.3,timer,3570
17908,Rpi__1,Sensor__4,2024/12/27 18:00,15.5,45.1,timer,3570
17912,Rpi__1,Sensor__4,2024/12/27 18:05,15.5,45.1,timer,3570
17916,Rpi__1,Sensor__4,2024/12/27 18:10,15.5,45.3,timer,3570
17920,Rpi__1,Sensor__4,2024/12/27 18:15,15.5,45.2,timer,3570
17924,Rpi__1,Sensor__4,2024/12/27 18:20,15.5,45,timer,3570
17928,Rpi__1,Sensor__4,2024/12/27 18:25,15.5,45.1,timer,3570
17932,Rpi__1,Sensor__4,2024/12/27 18:30,15.5,45.4,timer,3570
17936,Rpi__1,Sensor__4,2024/12/27 18:35,15.5,45.2,timer,3570
17940,Rpi__1,Sensor__4,2024/12/27 18:40,15.5,44.9,timer,3570
17944,Rpi__1,Sensor__4,2024/12/27 18:45,15.5,45.1,timer,3570
17948,Rpi__1,Sensor__4,2024/12/27 18:50,15.5,45.2,timer,3570
17952,Rpi__1,Sensor__4,2024/12/27 18:55,15.4,45,timer,3570
17956,Rpi__1,Sensor__4,2024/12/27 19:00,15.4,45,timer,3570
17960,Rpi__1,Sensor__4,2024/12/27 19:05,15.4,45.5,timer,3570
17964,Rpi__1,Sensor__4,2024/12/27 19:10,15.4,45.4,timer,3570
17968,Rpi__1,Sensor__4,2024/12/27 19:15,15.4,45.2,timer,3570
17972,Rpi__1,Sensor__4,2024/12/27 19:20,15.4,45.1,timer,3570
17976,Rpi__1,Sensor__4,2024/12/27 19:25,15.4,45.6,timer,3570
17980,Rpi__1,Sensor__4,2024/12/27 19:30,15.4,45.5,timer,3570
17984,Rpi__1,Sensor__4,2024/12/27 19:35,15.4,45.4,timer,3570
17988,Rpi__1,Sensor__4,2024/12/27 19:40,15.4,45.3,timer,3570
17992,Rpi__1,Sensor__4,2024/12/27 19:45,15.4,45.7,timer,3570
17996,Rpi__1,Sensor__4,2024/12/27 19:50,15.4,45.7,timer,3570
18000,Rpi__1,Sensor__4,2024/12/27 19:55,15.4,45.6,timer,3570
18004,Rpi__1,Sensor__4,2024/12/27 20:00,15.4,45.5,timer,3570
18008,Rpi__1,Sensor__4,2024/12/27 20:05,15.4,45.7,timer,3570
18012,Rpi__1,Sensor__4,2024/12/27 20:10,15.4,45.6,timer,3570
18016,Rpi__1,Sensor__4,2024/12/27 20:15,15.4,45.6,timer,3570
18020,Rpi__1,Sensor__4,2024/12/27 20:20,15.4,45.5,timer,3570
18024,Rpi__1,Sensor__4,2024/12/27 20:25,15.4,45.5,timer,3570
18028,Rpi__1,Sensor__4,2024/12/27 20:30,15.4,45.5,timer,3570
18032,Rpi__1,Sensor__4,2024/12/27 20:35,15.3,45.5,timer,3570
18036,Rpi__1,Sensor__4,2024/12/27 20:40,15.4,45.5,timer,3570
18040,Rpi__1,Sensor__4,2024/12/27 20:45,15.4,45.5,timer,3570
18044,Rpi__1,Sensor__4,2024/12/27 20:50,15.4,45.5,timer,3570
18048,Rpi__1,Sensor__4,2024/12/27 20:55,15.4,45.3,timer,3570
18052,Rpi__1,Sensor__4,2024/12/27 21:00,15.4,45.2,timer,3570
18056,Rpi__1,Sensor__4,2024/12/27 21:05,15.4,45.3,timer,3570
18060,Rpi__1,Sensor__4,2024/12/27 21:10,15.3,45.2,timer,3570
18064,Rpi__1,Sensor__4,2024/12/27 21:15,15.3,45.2,timer,3570
18068,Rpi__1,Sensor__4,2024/12/27 21:20,15.3,45.4,timer,3570
18072,Rpi__1,Sensor__4,2024/12/27 21:25,15.3,45.2,timer,3570
18076,Rpi__1,Sensor__4,2024/12/27 21:30,15.4,45.1,timer,3570
18080,Rpi__1,Sensor__4,2024/12/27 21:35,15.3,45.3,timer,3570
18084,Rpi__1,Sensor__4,2024/12/27 21:40,15.3,45.2,timer,3570
18088,Rpi__1,Sensor__4,2024/12/27 21:45,15.3,45,timer,3570
18092,Rpi__1,Sensor__4,2024/12/27 21:50,15.3,44.9,timer,3570
18096,Rpi__1,Sensor__4,2024/12/27 21:55,15.3,45.1,timer,3570
18100,Rpi__1,Sensor__4,2024/12/27 22:00,15.3,45,timer,3570
18104,Rpi__1,Sensor__4,2024/12/27 22:05,15.3,44.8,timer,3570
18108,Rpi__1,Sensor__4,2024/12/27 22:10,15.3,44.8,timer,3570
18112,Rpi__1,Sensor__4,2024/12/27 22:15,15.3,45,timer,3570
18116,Rpi__1,Sensor__4,2024/12/27 22:20,15.3,45,timer,3570
18120,Rpi__1,Sensor__4,2024/12/27 22:25,15.4,44.8,timer,3570
18124,Rpi__1,Sensor__4,2024/12/27 22:30,15.3,44.8,timer,3570
18128,Rpi__1,Sensor__4,2024/12/27 22:35,15.4,44.8,timer,3570
18132,Rpi__1,Sensor__4,2024/12/27 22:40,15.4,44.9,timer,3570
18136,Rpi__1,Sensor__4,2024/12/27 22:45,15.4,45,timer,3570
18140,Rpi__1,Sensor__4,2024/12/27 22:50,15.4,45,timer,3570
18144,Rpi__1,Sensor__4,2024/12/27 22:55,15.3,44.8,timer,3570
18148,Rpi__1,Sensor__4,2024/12/27 23:00,15.4,44.9,timer,3570
18152,Rpi__1,Sensor__4,2024/12/27 23:05,15.4,45.2,timer,3570
18156,Rpi__1,Sensor__4,2024/12/27 23:10,15.4,45.2,timer,3570
18160,Rpi__1,Sensor__4,2024/12/27 23:15,15.4,44.9,timer,3570
18164,Rpi__1,Sensor__4,2024/12/27 23:20,15.3,45.1,timer,3570
18168,Rpi__1,Sensor__4,2024/12/27 23:25,15.4,45.2,timer,3570
18172,Rpi__1,Sensor__4,2024/12/27 23:30,15.4,45.1,timer,3570
18176,Rpi__1,Sensor__4,2024/12/27 23:35,15.4,45,timer,3570
18180,Rpi__1,Sensor__4,2024/12/27 23:40,15.4,45.2,timer,3570
18184,Rpi__1,Sensor__4,2024/12/27 23:45,15.4,45.4,timer,3570
18188,Rpi__1,Sensor__4,2024/12/27 23:50,15.4,45.3,timer,3570
18192,Rpi__1,Sensor__4,2024/12/27 23:55,15.4,45.1,timer,3570
18196,Rpi__1,Sensor__4,2024/12/28 0:00,15.3,45.2,timer,3570
18200,Rpi__1,Sensor__4,2024/12/28 0:05,15.4,45.2,timer,3570
18204,Rpi__1,Sensor__4,2024/12/28 0:10,15.4,45.2,timer,3570
18208,Rpi__1,Sensor__4,2024/12/28 0:15,15.3,45.3,timer,3570
18212,Rpi__1,Sensor__4,2024/12/28 0:20,15.3,45.4,timer,3570
18216,Rpi__1,Sensor__4,2024/12/28 0:25,15.3,45.4,timer,3570
18220,Rpi__1,Sensor__4,2024/12/28 0:30,15.3,45.1,timer,3570
18224,Rpi__1,Sensor__4,2024/12/28 0:35,15.3,45.2,timer,3570
18228,Rpi__1,Sensor__4,2024/12/28 0:40,15.4,45.2,timer,3570
18232,Rpi__1,Sensor__4,2024/12/28 0:45,15.3,45.3,timer,3570
18236,Rpi__1,Sensor__4,2024/12/28 0:50,15.3,45.5,timer,3570
18240,Rpi__1,Sensor__4,2024/12/28 0:55,15.3,45.5,timer,3570
18244,Rpi__1,Sensor__4,2024/12/28 1:00,15.4,45.3,timer,3570
18248,Rpi__1,Sensor__4,2024/12/28 1:05,15.3,45.4,timer,3570
18252,Rpi__1,Sensor__4,2024/12/28 1:10,15.3,45.4,timer,3570
18256,Rpi__1,Sensor__4,2024/12/28 1:15,15.3,45.3,timer,3570
18260,Rpi__1,Sensor__4,2024/12/28 1:20,15.3,45.2,timer,3570
18264,Rpi__1,Sensor__4,2024/12/28 1:25,15.3,45.2,timer,3570
18268,Rpi__1,Sensor__4,2024/12/28 1:30,15.3,45.7,timer,3570
18272,Rpi__1,Sensor__4,2024/12/28 1:35,15.3,45.8,timer,3570
18276,Rpi__1,Sensor__4,2024/12/28 1:40,15.4,45.4,timer,3570
18280,Rpi__1,Sensor__4,2024/12/28 1:45,15.3,45.7,timer,3570
18284,Rpi__1,Sensor__4,2024/12/28 1:50,15.3,45.8,timer,3570
18288,Rpi__1,Sensor__4,2024/12/28 1:55,15.3,45.6,timer,3570
18292,Rpi__1,Sensor__4,2024/12/28 2:00,15.3,45.6,timer,3570
18296,Rpi__1,Sensor__4,2024/12/28 2:05,15.3,45.7,timer,3570
18300,Rpi__1,Sensor__4,2024/12/28 2:10,15.3,45.7,timer,3570
18304,Rpi__1,Sensor__4,2024/12/28 2:15,15.3,45.7,timer,3570
18308,Rpi__1,Sensor__4,2024/12/28 2:20,15.3,45.9,timer,3570
18312,Rpi__1,Sensor__4,2024/12/28 2:25,15.3,45.9,timer,3570
18316,Rpi__1,Sensor__4,2024/12/28 2:30,15.3,45.7,timer,3570
18320,Rpi__1,Sensor__4,2024/12/28 2:35,15.3,45.7,timer,3570
18324,Rpi__1,Sensor__4,2024/12/28 2:40,15.3,45.9,timer,3570
18328,Rpi__1,Sensor__4,2024/12/28 2:45,15.3,45.8,timer,3570
18332,Rpi__1,Sensor__4,2024/12/28 2:50,15.3,45.6,timer,3570
18336,Rpi__1,Sensor__4,2024/12/28 2:55,15.3,45.6,timer,3570
18340,Rpi__1,Sensor__4,2024/12/28 3:00,15.3,45.9,timer,3570
18344,Rpi__1,Sensor__4,2024/12/28 3:05,15.3,45.8,timer,3570
18348,Rpi__1,Sensor__4,2024/12/28 3:10,15.3,45.6,timer,3570
18352,Rpi__1,Sensor__4,2024/12/28 3:15,15.3,45.9,timer,3570
18356,Rpi__1,Sensor__4,2024/12/28 3:20,15.3,45.8,timer,3570
18360,Rpi__1,Sensor__4,2024/12/28 3:25,15.3,45.8,timer,3570
18364,Rpi__1,Sensor__4,2024/12/28 3:30,15.2,45.7,timer,3570
18368,Rpi__1,Sensor__4,2024/12/28 3:35,15.3,46,timer,43170
18372,Rpi__1,Sensor__4,2024/12/28 3:40,15.2,45.8,timer,43170
18376,Rpi__1,Sensor__4,2024/12/28 3:45,15.2,45.8,timer,43170
18380,Rpi__1,Sensor__4,2024/12/28 3:50,15.2,46,timer,43170
18384,Rpi__1,Sensor__4,2024/12/28 3:55,15.2,46,timer,43170
18388,Rpi__1,Sensor__4,2024/12/28 4:00,15.2,45.9,timer,43170
18392,Rpi__1,Sensor__4,2024/12/28 4:05,15.2,45.8,timer,43170
18396,Rpi__1,Sensor__4,2024/12/28 4:10,15.2,46.1,timer,43170
18400,Rpi__1,Sensor__4,2024/12/28 4:15,15.2,46,timer,43170
18404,Rpi__1,Sensor__4,2024/12/28 4:20,15.2,45.8,timer,43170
18408,Rpi__1,Sensor__4,2024/12/28 4:25,15.2,46.2,timer,43170
18412,Rpi__1,Sensor__4,2024/12/28 4:30,15.2,46.2,timer,43170
18416,Rpi__1,Sensor__4,2024/12/28 4:35,15.2,46.2,timer,43170
18420,Rpi__1,Sensor__4,2024/12/28 4:40,15.2,45.9,timer,3570
18424,Rpi__1,Sensor__4,2024/12/28 4:45,15.2,45.8,timer,3570
18428,Rpi__1,Sensor__4,2024/12/28 4:50,15.2,46,timer,3570
18432,Rpi__1,Sensor__4,2024/12/28 4:55,15.2,45.7,timer,3570
18436,Rpi__1,Sensor__4,2024/12/28 5:00,15.2,45.5,timer,3570
18440,Rpi__1,Sensor__4,2024/12/28 5:05,15.2,45.5,timer,3570
18444,Rpi__1,Sensor__4,2024/12/28 5:10,15.2,45.8,timer,3570
18448,Rpi__1,Sensor__4,2024/12/28 5:15,15.2,45.6,timer,3570
18452,Rpi__1,Sensor__4,2024/12/28 5:20,15.2,45.5,timer,3570
18456,Rpi__1,Sensor__4,2024/12/28 5:25,15.2,45.8,timer,3570
18460,Rpi__1,Sensor__4,2024/12/28 5:30,15.2,45.7,timer,3570
18464,Rpi__1,Sensor__4,2024/12/28 5:35,15.2,45.3,timer,3570
18468,Rpi__1,Sensor__4,2024/12/28 5:40,15.2,45.3,timer,3570
18472,Rpi__1,Sensor__4,2024/12/28 5:45,15.2,45.5,timer,3570
18476,Rpi__1,Sensor__4,2024/12/28 5:50,15.2,45.4,timer,3570
18480,Rpi__1,Sensor__4,2024/12/28 5:55,15.2,45.4,timer,3570
18484,Rpi__1,Sensor__4,2024/12/28 6:00,15.2,45.3,timer,3570
18488,Rpi__1,Sensor__4,2024/12/28 6:05,15.2,45.3,timer,3570
18492,Rpi__1,Sensor__4,2024/12/28 6:10,15.2,45.2,timer,3570
18496,Rpi__1,Sensor__4,2024/12/28 6:15,15.2,45.1,timer,3570
18500,Rpi__1,Sensor__4,2024/12/28 6:20,15.1,45.7,timer,3570
18504,Rpi__1,Sensor__4,2024/12/28 6:25,15.1,45.6,timer,3570
18508,Rpi__1,Sensor__4,2024/12/28 6:30,15.2,45.5,timer,3570
18512,Rpi__1,Sensor__4,2024/12/28 6:35,15.1,45.2,timer,3570
18516,Rpi__1,Sensor__4,2024/12/28 6:40,15.1,45.3,timer,3570
18520,Rpi__1,Sensor__4,2024/12/28 6:45,15.1,45.3,timer,3570
18524,Rpi__1,Sensor__4,2024/12/28 6:50,15.1,45.3,timer,3570
18528,Rpi__1,Sensor__4,2024/12/28 6:55,15.1,45.3,timer,3570
18532,Rpi__1,Sensor__4,2024/12/28 7:00,15.1,45.2,timer,3570
18536,Rpi__1,Sensor__4,2024/12/28 7:05,15.1,45.3,timer,3570
18540,Rpi__1,Sensor__4,2024/12/28 7:10,15.1,45.3,timer,3570
18544,Rpi__1,Sensor__4,2024/12/28 7:15,15.1,45.1,timer,3570
18548,Rpi__1,Sensor__4,2024/12/28 7:20,15.1,45.1,timer,3570
18552,Rpi__1,Sensor__4,2024/12/28 7:25,15.1,45.2,timer,3570
18556,Rpi__1,Sensor__4,2024/12/28 7:30,15.1,45.2,timer,3570
18560,Rpi__1,Sensor__4,2024/12/28 7:35,15.1,45,timer,3570
18564,Rpi__1,Sensor__4,2024/12/28 7:40,15.1,45,timer,3570
18568,Rpi__1,Sensor__4,2024/12/28 7:45,15.1,45.2,timer,3570
18572,Rpi__1,Sensor__4,2024/12/28 7:50,15.1,45.3,timer,3570
18576,Rpi__1,Sensor__4,2024/12/28 7:55,15.1,45.1,timer,3570
18580,Rpi__1,Sensor__4,2024/12/28 8:00,15.1,44.7,timer,3570
18584,Rpi__1,Sensor__4,2024/12/28 8:05,15.1,45,timer,3570
18588,Rpi__1,Sensor__4,2024/12/28 8:10,15.1,44.8,timer,3570
18592,Rpi__1,Sensor__4,2024/12/28 8:15,15.1,44.7,timer,3570
18596,Rpi__1,Sensor__4,2024/12/28 8:20,15.1,45,timer,3570
18600,Rpi__1,Sensor__4,2024/12/28 8:25,15.1,45,timer,3570
18604,Rpi__1,Sensor__4,2024/12/28 8:30,15.1,44.7,timer,3570
18608,Rpi__1,Sensor__4,2024/12/28 8:35,15.1,44.8,timer,3570
18612,Rpi__1,Sensor__4,2024/12/28 8:40,15.1,44.9,timer,3570
18616,Rpi__1,Sensor__4,2024/12/28 8:45,15.1,44.9,timer,3570
18620,Rpi__1,Sensor__4,2024/12/28 8:50,15.1,44.8,timer,3570
18624,Rpi__1,Sensor__4,2024/12/28 8:55,15.1,45.1,timer,3570
18628,Rpi__1,Sensor__4,2024/12/28 9:00,15.1,45.1,timer,3570
18632,Rpi__1,Sensor__4,2024/12/28 9:05,15.1,45,timer,3570
18636,Rpi__1,Sensor__4,2024/12/28 9:10,15.1,44.7,timer,3570
18640,Rpi__1,Sensor__4,2024/12/28 9:15,15.1,44.6,timer,3570
18644,Rpi__1,Sensor__4,2024/12/28 9:20,15.1,44.9,timer,3570
18648,Rpi__1,Sensor__4,2024/12/28 9:25,15.1,44.7,timer,3570
18652,Rpi__1,Sensor__4,2024/12/28 9:30,15.1,44.6,timer,3570
18655,Rpi__1,Sensor__4,2024/12/29 12:30,14.8,47.1,timer,10
18659,Rpi__1,Sensor__4,2024/12/29 12:35,14.4,42.8,timer,10
18663,Rpi__1,Sensor__4,2024/12/29 12:40,14.4,42.6,timer,10
18667,Rpi__1,Sensor__4,2024/12/29 12:45,14.4,42.5,timer,10
18671,Rpi__1,Sensor__4,2024/12/29 12:50,14.5,42.6,timer,10
18675,Rpi__1,Sensor__4,2024/12/29 12:55,14.5,42.6,timer,10
18679,Rpi__1,Sensor__4,2024/12/29 13:00,14.5,42.5,timer,10
18683,Rpi__1,Sensor__4,2024/12/29 13:05,14.5,42.6,timer,10
18687,Rpi__1,Sensor__4,2024/12/29 13:10,14.5,42.6,timer,10
18691,Rpi__1,Sensor__4,2024/12/29 13:15,14.5,42.6,timer,10
18695,Rpi__1,Sensor__4,2024/12/29 13:20,14.5,42.6,timer,10
18699,Rpi__1,Sensor__4,2024/12/29 13:25,14.5,42.7,timer,10
18703,Rpi__1,Sensor__4,2024/12/29 13:30,14.5,42.8,timer,3570
18707,Rpi__1,Sensor__4,2024/12/29 13:35,14.5,42.8,timer,3570
18711,Rpi__1,Sensor__4,2024/12/29 13:40,14.5,42.7,timer,3570
18715,Rpi__1,Sensor__4,2024/12/29 13:45,14.5,42.8,timer,3570
18719,Rpi__1,Sensor__4,2024/12/29 13:50,14.5,42.7,timer,3570
18723,Rpi__1,Sensor__4,2024/12/29 13:55,14.5,42.7,timer,3570
18727,Rpi__1,Sensor__4,2024/12/29 14:00,14.5,42.6,timer,3570
18731,Rpi__1,Sensor__4,2024/12/29 14:05,14.5,42.6,timer,3570
18735,Rpi__1,Sensor__4,2024/12/29 14:10,14.5,42.6,timer,3570
18739,Rpi__1,Sensor__4,2024/12/29 14:15,14.5,43,timer,3570
18743,Rpi__1,Sensor__4,2024/12/29 14:20,14.5,42.6,timer,3570
18747,Rpi__1,Sensor__4,2024/12/29 14:25,14.5,42.6,timer,3570
18751,Rpi__1,Sensor__4,2024/12/29 14:30,14.5,42.6,timer,3570
18755,Rpi__1,Sensor__4,2024/12/29 14:35,14.5,42.6,timer,3570
18759,Rpi__1,Sensor__4,2024/12/29 14:40,14.5,42.7,timer,3570
18763,Rpi__1,Sensor__4,2024/12/29 14:45,14.5,42.5,timer,3570
18767,Rpi__1,Sensor__4,2024/12/29 14:50,14.5,42.7,timer,3570
18771,Rpi__1,Sensor__4,2024/12/29 14:55,14.5,42.7,timer,3570
18775,Rpi__1,Sensor__4,2024/12/29 15:00,14.5,42.7,timer,3570
18779,Rpi__1,Sensor__4,2024/12/29 15:05,14.5,42.7,timer,3570
18783,Rpi__1,Sensor__4,2024/12/29 15:10,14.5,42.6,timer,3570
18787,Rpi__1,Sensor__4,2024/12/29 15:15,14.5,42.6,timer,3570
18791,Rpi__1,Sensor__4,2024/12/29 15:20,14.5,42.6,timer,3570
18795,Rpi__1,Sensor__4,2024/12/29 15:25,14.5,42.6,timer,3570
18799,Rpi__1,Sensor__4,2024/12/29 15:30,14.5,42.7,timer,3570
18803,Rpi__1,Sensor__4,2024/12/29 15:35,14.5,42.6,timer,3570
18807,Rpi__1,Sensor__4,2024/12/29 15:40,14.5,42.7,timer,3570
18811,Rpi__1,Sensor__4,2024/12/29 15:45,14.5,42.6,timer,3570
18815,Rpi__1,Sensor__4,2024/12/29 15:50,14.5,42.8,timer,3570
18819,Rpi__1,Sensor__4,2024/12/29 15:55,14.5,42.8,timer,3570
18823,Rpi__1,Sensor__4,2024/12/29 16:00,14.5,42.8,timer,3570
18827,Rpi__1,Sensor__4,2024/12/29 16:05,14.5,42.8,timer,3570
18831,Rpi__1,Sensor__4,2024/12/29 16:10,14.5,42.7,timer,3570
18835,Rpi__1,Sensor__4,2024/12/29 16:15,14.5,42.7,timer,3570
18839,Rpi__1,Sensor__4,2024/12/29 16:20,14.5,42.9,timer,3570
18843,Rpi__1,Sensor__4,2024/12/29 16:25,14.5,43,timer,3570
18847,Rpi__1,Sensor__4,2024/12/29 16:30,14.5,43,timer,3570
18851,Rpi__1,Sensor__4,2024/12/29 16:35,14.5,43,timer,3570
18855,Rpi__1,Sensor__4,2024/12/29 16:40,14.5,43.1,timer,3570
18859,Rpi__1,Sensor__4,2024/12/29 16:45,14.5,43.1,timer,3570
18863,Rpi__1,Sensor__4,2024/12/29 16:50,14.5,43.3,timer,3570
18867,Rpi__1,Sensor__4,2024/12/29 16:55,14.5,43.3,timer,3570
18871,Rpi__1,Sensor__4,2024/12/29 17:00,14.5,43.2,timer,3570
18875,Rpi__1,Sensor__4,2024/12/29 17:05,14.4,43.4,timer,3570
18879,Rpi__1,Sensor__4,2024/12/29 17:10,14.5,43.7,timer,3570
18883,Rpi__1,Sensor__4,2024/12/29 17:15,14.5,43.7,timer,3570
18887,Rpi__1,Sensor__4,2024/12/29 17:20,14.5,43.7,timer,3570
18891,Rpi__1,Sensor__4,2024/12/29 17:25,14.4,43.6,timer,3570
18895,Rpi__1,Sensor__4,2024/12/29 17:30,14.4,43.6,timer,3570
18899,Rpi__1,Sensor__4,2024/12/29 17:35,14.4,43.9,timer,3570
18903,Rpi__1,Sensor__4,2024/12/29 17:40,14.4,43.9,timer,3570
18907,Rpi__1,Sensor__4,2024/12/29 17:45,14.4,44,timer,3570
18911,Rpi__1,Sensor__4,2024/12/29 17:50,14.4,43.8,timer,3570
18915,Rpi__1,Sensor__4,2024/12/29 17:55,14.4,43.9,timer,3570
18919,Rpi__1,Sensor__4,2024/12/29 18:00,14.4,44,timer,3570
18923,Rpi__1,Sensor__4,2024/12/29 18:05,14.4,44.2,timer,3570
18927,Rpi__1,Sensor__4,2024/12/29 18:10,14.4,44.1,timer,3570
18931,Rpi__1,Sensor__4,2024/12/29 18:15,14.4,44,timer,3570
18935,Rpi__1,Sensor__4,2024/12/29 18:20,14.4,44.2,timer,3570
18939,Rpi__1,Sensor__4,2024/12/29 18:25,14.4,44.3,timer,3570
18943,Rpi__1,Sensor__4,2024/12/29 18:30,14.4,44.2,timer,3570
18947,Rpi__1,Sensor__4,2024/12/29 18:35,14.4,44.1,timer,3570
18951,Rpi__1,Sensor__4,2024/12/29 18:40,14.4,44.5,timer,3570
18955,Rpi__1,Sensor__4,2024/12/29 18:45,14.3,44.4,timer,3570
18959,Rpi__1,Sensor__4,2024/12/29 18:50,14.3,44.4,timer,3570
18963,Rpi__1,Sensor__4,2024/12/29 18:55,14.3,44.2,timer,3570
18967,Rpi__1,Sensor__4,2024/12/29 19:00,14.3,44.4,timer,3570
18971,Rpi__1,Sensor__4,2024/12/29 19:05,14.4,44.5,timer,3570
18975,Rpi__1,Sensor__4,2024/12/29 19:10,14.3,44.5,timer,3570
18979,Rpi__1,Sensor__4,2024/12/29 19:15,14.3,44.5,timer,3570
18983,Rpi__1,Sensor__4,2024/12/29 19:20,14.3,44.4,timer,3570
18987,Rpi__1,Sensor__4,2024/12/29 19:25,14.3,44.5,timer,3570
18991,Rpi__1,Sensor__4,2024/12/29 19:30,14.3,44.7,timer,3570
18995,Rpi__1,Sensor__4,2024/12/29 19:35,14.3,44.7,timer,3570
18999,Rpi__1,Sensor__4,2024/12/29 19:40,14.3,44.7,timer,3570
19003,Rpi__1,Sensor__4,2024/12/29 19:45,14.3,44.7,timer,3570
19007,Rpi__1,Sensor__4,2024/12/29 19:50,14.3,44.6,timer,3570
19011,Rpi__1,Sensor__4,2024/12/29 19:55,14.3,44.9,timer,3570
19015,Rpi__1,Sensor__4,2024/12/29 20:00,14.3,44.8,timer,3570
19019,Rpi__1,Sensor__4,2024/12/29 20:05,14.3,44.8,timer,3570
19023,Rpi__1,Sensor__4,2024/12/29 20:10,14.3,44.8,timer,3570
19027,Rpi__1,Sensor__4,2024/12/29 20:15,14.3,44.8,timer,3570
19031,Rpi__1,Sensor__4,2024/12/29 20:20,14.3,44.7,timer,3570
19035,Rpi__1,Sensor__4,2024/12/29 20:25,14.2,44.6,timer,3570
19039,Rpi__1,Sensor__4,2024/12/29 20:30,14.3,44.8,timer,3570
19043,Rpi__1,Sensor__4,2024/12/29 20:35,14.3,44.9,timer,3570
19047,Rpi__1,Sensor__4,2024/12/29 20:40,14.2,44.8,timer,3570
19051,Rpi__1,Sensor__4,2024/12/29 20:45,14.2,44.8,timer,3570
19055,Rpi__1,Sensor__4,2024/12/29 20:50,14.2,44.7,timer,3570
19059,Rpi__1,Sensor__4,2024/12/29 20:55,14.2,44.6,timer,3570
19063,Rpi__1,Sensor__4,2024/12/29 21:00,14.2,44.6,timer,3570
19067,Rpi__1,Sensor__4,2024/12/29 21:05,14.2,44.9,timer,3570
19071,Rpi__1,Sensor__4,2024/12/29 21:10,14.2,44.9,timer,3570
19075,Rpi__1,Sensor__4,2024/12/29 21:15,14.2,44.9,timer,3570
19079,Rpi__1,Sensor__4,2024/12/29 21:20,14.2,44.8,timer,3570
19083,Rpi__1,Sensor__4,2024/12/29 21:25,14.2,44.9,timer,3570
19087,Rpi__1,Sensor__4,2024/12/29 21:30,14.2,45,timer,3570
19091,Rpi__1,Sensor__4,2024/12/29 21:35,14.2,45,timer,3570
19095,Rpi__1,Sensor__4,2024/12/29 21:40,14.2,45.1,timer,3570
19099,Rpi__1,Sensor__4,2024/12/29 21:45,14.2,45.1,timer,3570
19103,Rpi__1,Sensor__4,2024/12/29 21:50,14.2,45,timer,3570
19107,Rpi__1,Sensor__4,2024/12/29 21:55,14.2,44.9,timer,3570
19111,Rpi__1,Sensor__4,2024/12/29 22:00,14.2,44.9,timer,3570
19115,Rpi__1,Sensor__4,2024/12/29 22:05,14.2,45.1,timer,3570
19119,Rpi__1,Sensor__4,2024/12/29 22:10,14.1,45.1,timer,3570
19123,Rpi__1,Sensor__4,2024/12/29 22:15,14.2,45,timer,3570
19127,Rpi__1,Sensor__4,2024/12/29 22:20,14.2,45,timer,3570
19131,Rpi__1,Sensor__4,2024/12/29 22:25,14.2,45,timer,3570
19135,Rpi__1,Sensor__4,2024/12/29 22:30,14.1,45.2,timer,3570
19139,Rpi__1,Sensor__4,2024/12/29 22:35,14.1,45.2,timer,3570
19143,Rpi__1,Sensor__4,2024/12/29 22:40,14.1,45.1,timer,3570
19147,Rpi__1,Sensor__4,2024/12/29 22:45,14.1,45,timer,3570
19151,Rpi__1,Sensor__4,2024/12/29 22:50,14.2,45,timer,3570
19155,Rpi__1,Sensor__4,2024/12/29 22:55,14.1,45,timer,3570
19159,Rpi__1,Sensor__4,2024/12/29 23:00,14.1,45.2,timer,3570
19163,Rpi__1,Sensor__4,2024/12/29 23:05,14.1,45.1,timer,3570
19167,Rpi__1,Sensor__4,2024/12/29 23:10,14.1,45.2,timer,3570
19171,Rpi__1,Sensor__4,2024/12/29 23:15,14.1,45.1,timer,3570
19175,Rpi__1,Sensor__4,2024/12/29 23:20,14.1,45.1,timer,3570
19179,Rpi__1,Sensor__4,2024/12/29 23:25,14.1,44.9,timer,3570
19183,Rpi__1,Sensor__4,2024/12/29 23:30,14.1,44.9,timer,3570
19187,Rpi__1,Sensor__4,2024/12/29 23:35,14.1,45.2,timer,3570
19191,Rpi__1,Sensor__4,2024/12/29 23:40,14.1,45.2,timer,3570
19195,Rpi__1,Sensor__4,2024/12/29 23:45,14.1,45.1,timer,3570
19199,Rpi__1,Sensor__4,2024/12/29 23:50,14.1,45.1,timer,3570
19203,Rpi__1,Sensor__4,2024/12/29 23:55,14.1,44.9,timer,3570
19207,Rpi__1,Sensor__4,2024/12/30 0:00,14.1,45.1,timer,3570
19211,Rpi__1,Sensor__4,2024/12/30 0:05,14.1,45.2,timer,3570
19215,Rpi__1,Sensor__4,2024/12/30 0:10,14.1,45.2,timer,3570
19219,Rpi__1,Sensor__4,2024/12/30 0:15,14.1,45.2,timer,3570
19223,Rpi__1,Sensor__4,2024/12/30 0:20,14.1,45.1,timer,3570
19227,Rpi__1,Sensor__4,2024/12/30 0:25,14.1,45,timer,3570
19231,Rpi__1,Sensor__4,2024/12/30 0:30,14,45.1,timer,43170
19235,Rpi__1,Sensor__4,2024/12/30 0:35,14.1,45.3,timer,43170
19239,Rpi__1,Sensor__4,2024/12/30 0:40,14.1,45.3,timer,43170
19243,Rpi__1,Sensor__4,2024/12/30 0:45,14,45.3,timer,43170
19247,Rpi__1,Sensor__4,2024/12/30 0:50,14,45.3,timer,43170
19251,Rpi__1,Sensor__4,2024/12/30 0:55,14,45.2,timer,43170
19255,Rpi__1,Sensor__4,2024/12/30 1:00,14,45.2,timer,43170
19259,Rpi__1,Sensor__4,2024/12/30 1:05,14,45.1,timer,43170
19263,Rpi__1,Sensor__4,2024/12/30 1:10,14,45,timer,43170
19267,Rpi__1,Sensor__4,2024/12/30 1:15,14,45.1,timer,43170
19271,Rpi__1,Sensor__4,2024/12/30 1:20,14,45.2,timer,43170
19275,Rpi__1,Sensor__4,2024/12/30 1:25,14,45.2,timer,43170
19279,Rpi__1,Sensor__4,2024/12/30 1:30,14,45.1,timer,3570
19283,Rpi__1,Sensor__4,2024/12/30 1:35,14,45.2,timer,3570
19287,Rpi__1,Sensor__4,2024/12/30 1:40,14,45.1,timer,3570
19291,Rpi__1,Sensor__4,2024/12/30 1:45,14,45.1,timer,3570
19295,Rpi__1,Sensor__4,2024/12/30 1:50,14,45.2,timer,3570
19299,Rpi__1,Sensor__4,2024/12/30 1:55,14,45.1,timer,3570
19303,Rpi__1,Sensor__4,2024/12/30 2:00,14,45.1,timer,3570
19307,Rpi__1,Sensor__4,2024/12/30 2:05,14,45,timer,3570
19311,Rpi__1,Sensor__4,2024/12/30 2:10,14,45,timer,3570
19315,Rpi__1,Sensor__4,2024/12/30 2:15,14,45.1,timer,3570
19319,Rpi__1,Sensor__4,2024/12/30 2:20,14,45.1,timer,3570
19323,Rpi__1,Sensor__4,2024/12/30 2:25,14,45.1,timer,3570
19327,Rpi__1,Sensor__4,2024/12/30 2:30,14,44.9,timer,3570
19331,Rpi__1,Sensor__4,2024/12/30 2:35,14,45,timer,3570
19335,Rpi__1,Sensor__4,2024/12/30 2:40,14,45,timer,3570
19339,Rpi__1,Sensor__4,2024/12/30 2:45,14,45.1,timer,3570
19343,Rpi__1,Sensor__4,2024/12/30 2:50,14,45.1,timer,3570
19347,Rpi__1,Sensor__4,2024/12/30 2:55,14,45,timer,3570
19351,Rpi__1,Sensor__4,2024/12/30 3:00,14,45,timer,3570
19355,Rpi__1,Sensor__4,2024/12/30 3:05,14,45,timer,3570
19359,Rpi__1,Sensor__4,2024/12/30 3:10,14,45.1,timer,3570
19363,Rpi__1,Sensor__4,2024/12/30 3:15,14,45.1,timer,3570
19367,Rpi__1,Sensor__4,2024/12/30 3:20,14,45,timer,3570
19371,Rpi__1,Sensor__4,2024/12/30 3:25,13.9,45,timer,3570
19375,Rpi__1,Sensor__4,2024/12/30 3:30,14,45.1,timer,3570
19379,Rpi__1,Sensor__4,2024/12/30 3:35,14,45.1,timer,3570
19383,Rpi__1,Sensor__4,2024/12/30 3:40,13.9,44.9,timer,3570
19387,Rpi__1,Sensor__4,2024/12/30 3:45,13.9,44.9,timer,3570
19391,Rpi__1,Sensor__4,2024/12/30 3:50,13.9,45.1,timer,3570
19395,Rpi__1,Sensor__4,2024/12/30 3:55,13.9,45.1,timer,3570
19399,Rpi__1,Sensor__4,2024/12/30 4:00,13.9,45.2,timer,3570
19403,Rpi__1,Sensor__4,2024/12/30 4:05,13.9,45.2,timer,3570
19407,Rpi__1,Sensor__4,2024/12/30 4:10,13.9,45.1,timer,3570
19411,Rpi__1,Sensor__4,2024/12/30 4:15,13.9,45,timer,3570
19415,Rpi__1,Sensor__4,2024/12/30 4:20,13.9,44.9,timer,3570
19419,Rpi__1,Sensor__4,2024/12/30 4:25,13.9,44.9,timer,3570
19423,Rpi__1,Sensor__4,2024/12/30 4:30,13.9,44.9,timer,3570
19427,Rpi__1,Sensor__4,2024/12/30 4:35,13.9,45.1,timer,3570
19431,Rpi__1,Sensor__4,2024/12/30 4:40,13.9,45.1,timer,3570
19435,Rpi__1,Sensor__4,2024/12/30 4:45,13.9,45,timer,3570
19439,Rpi__1,Sensor__4,2024/12/30 4:50,13.9,45,timer,3570
19443,Rpi__1,Sensor__4,2024/12/30 4:55,13.9,44.9,timer,3570
19447,Rpi__1,Sensor__4,2024/12/30 5:00,13.9,44.9,timer,3570
19451,Rpi__1,Sensor__4,2024/12/30 5:05,13.9,44.9,timer,3570
19455,Rpi__1,Sensor__4,2024/12/30 5:10,13.9,45.1,timer,3570
19459,Rpi__1,Sensor__4,2024/12/30 5:15,13.9,45.1,timer,3570
19463,Rpi__1,Sensor__4,2024/12/30 5:20,13.9,45,timer,3570
19467,Rpi__1,Sensor__4,2024/12/30 5:25,13.9,45,timer,3570
19471,Rpi__1,Sensor__4,2024/12/30 5:30,13.9,45,timer,3570
19475,Rpi__1,Sensor__4,2024/12/30 5:35,13.9,45.1,timer,3570
19479,Rpi__1,Sensor__4,2024/12/30 5:40,13.9,45.1,timer,3570
19483,Rpi__1,Sensor__4,2024/12/30 5:45,13.9,44.8,timer,3570
19487,Rpi__1,Sensor__4,2024/12/30 5:50,13.9,44.8,timer,3570
19491,Rpi__1,Sensor__4,2024/12/30 5:55,13.9,44.8,timer,3570
19495,Rpi__1,Sensor__4,2024/12/30 6:00,13.9,45,timer,3570
19499,Rpi__1,Sensor__4,2024/12/30 6:05,13.9,44.9,timer,3570
19503,Rpi__1,Sensor__4,2024/12/30 6:10,13.9,44.9,timer,3570
19507,Rpi__1,Sensor__4,2024/12/30 6:15,13.9,44.8,timer,3570
19511,Rpi__1,Sensor__4,2024/12/30 6:20,13.8,44.7,timer,3570
19515,Rpi__1,Sensor__4,2024/12/30 6:25,13.9,44.9,timer,3570
19519,Rpi__1,Sensor__4,2024/12/30 6:30,13.9,44.9,timer,3570
19523,Rpi__1,Sensor__4,2024/12/30 6:35,13.8,44.9,timer,3570
19527,Rpi__1,Sensor__4,2024/12/30 6:40,13.8,44.9,timer,3570
19531,Rpi__1,Sensor__4,2024/12/30 6:45,13.8,44.8,timer,3570
19535,Rpi__1,Sensor__4,2024/12/30 6:50,13.8,44.7,timer,3570
19539,Rpi__1,Sensor__4,2024/12/30 6:55,13.8,44.6,timer,3570
19543,Rpi__1,Sensor__4,2024/12/30 7:00,13.8,44.6,timer,3570
19547,Rpi__1,Sensor__4,2024/12/30 7:05,13.8,44.8,timer,3570
19551,Rpi__1,Sensor__4,2024/12/30 7:10,13.8,44.8,timer,3570
19555,Rpi__1,Sensor__4,2024/12/30 7:15,13.8,44.6,timer,3570
19559,Rpi__1,Sensor__4,2024/12/30 7:20,13.8,44.5,timer,3570
19563,Rpi__1,Sensor__4,2024/12/30 7:25,13.8,44.5,timer,3570
19567,Rpi__1,Sensor__4,2024/12/30 7:30,13.8,44.7,timer,3570
19571,Rpi__1,Sensor__4,2024/12/30 7:35,13.8,44.7,timer,3570
19575,Rpi__1,Sensor__4,2024/12/30 7:40,13.8,44.7,timer,3570
19579,Rpi__1,Sensor__4,2024/12/30 7:45,13.8,44.7,timer,3570
19583,Rpi__1,Sensor__4,2024/12/30 7:50,13.8,44.6,timer,3570
19587,Rpi__1,Sensor__4,2024/12/30 7:55,13.8,44.6,timer,3570
19591,Rpi__1,Sensor__4,2024/12/30 8:00,13.8,44.6,timer,3570
19595,Rpi__1,Sensor__4,2024/12/30 8:05,13.8,44.5,timer,3570
19599,Rpi__1,Sensor__4,2024/12/30 8:10,13.8,44.5,timer,3570
19603,Rpi__1,Sensor__4,2024/12/30 8:15,13.8,44.6,timer,3570
19607,Rpi__1,Sensor__4,2024/12/30 8:20,13.8,44.6,timer,3570
19611,Rpi__1,Sensor__4,2024/12/30 8:25,13.8,44.5,timer,3570
19615,Rpi__1,Sensor__4,2024/12/30 8:30,13.8,44.4,timer,3570
19619,Rpi__1,Sensor__4,2024/12/30 8:35,13.8,44.4,timer,3570
19623,Rpi__1,Sensor__4,2024/12/30 8:40,13.8,44.5,timer,3570
19627,Rpi__1,Sensor__4,2024/12/30 8:50,13.8,44.6,timer,3570
19631,Rpi__1,Sensor__4,2024/12/30 8:55,13.8,44.5,timer,3570
19635,Rpi__1,Sensor__4,2024/12/30 9:00,13.8,44.6,timer,3570
19639,Rpi__1,Sensor__4,2024/12/30 9:05,13.8,44.5,timer,3570
19643,Rpi__1,Sensor__4,2024/12/30 9:10,13.8,44.5,timer,3570
19647,Rpi__1,Sensor__4,2024/12/30 9:15,13.8,44.3,timer,3570
19651,Rpi__1,Sensor__4,2024/12/30 9:20,13.8,44.5,timer,3570
19655,Rpi__1,Sensor__4,2024/12/30 9:25,13.8,44.5,timer,3570
19659,Rpi__1,Sensor__4,2024/12/30 9:30,13.8,44.5,timer,3570
19663,Rpi__1,Sensor__4,2024/12/30 9:35,13.8,44.3,timer,3570
19667,Rpi__1,Sensor__4,2024/12/30 9:40,13.8,44.3,timer,3570
19671,Rpi__1,Sensor__4,2024/12/30 9:45,13.8,44.5,timer,3570
19675,Rpi__1,Sensor__4,2024/12/30 9:50,13.8,44.4,timer,3570
19679,Rpi__1,Sensor__4,2024/12/30 9:55,13.8,44.4,timer,3570
19683,Rpi__1,Sensor__4,2024/12/30 10:00,13.8,44.3,timer,3570
19687,Rpi__1,Sensor__4,2024/12/30 10:05,13.8,44.2,timer,3570
19691,Rpi__1,Sensor__4,2024/12/30 10:10,13.8,44.4,timer,3570
19695,Rpi__1,Sensor__4,2024/12/30 10:15,13.8,44.2,timer,3570
19699,Rpi__1,Sensor__4,2024/12/30 10:20,13.8,44.2,timer,3570
19703,Rpi__1,Sensor__4,2024/12/30 10:25,13.8,44.1,timer,3570
19707,Rpi__1,Sensor__4,2024/12/30 10:30,13.8,44.3,timer,3570
19711,Rpi__1,Sensor__4,2024/12/30 10:35,13.8,44.3,timer,3570
19715,Rpi__1,Sensor__4,2024/12/30 10:40,13.8,44.2,timer,3570
19719,Rpi__1,Sensor__4,2024/12/30 10:45,13.8,44.2,timer,3570
19723,Rpi__1,Sensor__4,2024/12/30 10:50,13.8,44,timer,3570
19727,Rpi__1,Sensor__4,2024/12/30 10:55,13.8,44.1,timer,3570
19731,Rpi__1,Sensor__4,2024/12/30 11:00,13.8,44.1,timer,3570
19735,Rpi__1,Sensor__4,2024/12/30 11:05,13.8,44.1,timer,3570
19739,Rpi__1,Sensor__4,2024/12/30 11:10,13.8,44,timer,3570
19743,Rpi__1,Sensor__4,2024/12/30 11:15,13.8,44,timer,3570
19747,Rpi__1,Sensor__4,2024/12/30 11:20,13.8,44.1,timer,3570
19751,Rpi__1,Sensor__4,2024/12/30 11:25,13.8,44,timer,3570
19755,Rpi__1,Sensor__4,2024/12/30 11:30,13.8,43.9,timer,3570
19759,Rpi__1,Sensor__4,2024/12/30 11:35,13.8,43.9,timer,3570
19763,Rpi__1,Sensor__4,2024/12/30 11:40,13.8,44,timer,3570
19767,Rpi__1,Sensor__4,2024/12/30 11:45,13.8,43.9,timer,3570
19771,Rpi__1,Sensor__4,2024/12/30 11:50,13.8,43.9,timer,3570
19775,Rpi__1,Sensor__4,2024/12/30 11:55,13.8,43.9,timer,3570
19779,Rpi__1,Sensor__4,2024/12/30 12:00,13.8,43.9,timer,3570
19783,Rpi__1,Sensor__4,2024/12/30 12:05,13.8,44,timer,3570
19787,Rpi__1,Sensor__4,2024/12/30 12:10,13.9,44,timer,3570
19791,Rpi__1,Sensor__4,2024/12/30 12:15,13.9,43.9,timer,3570
19795,Rpi__1,Sensor__4,2024/12/30 12:20,13.9,43.9,timer,3570
19799,Rpi__1,Sensor__4,2024/12/30 12:25,13.9,43.9,timer,3570
19803,Rpi__1,Sensor__4,2024/12/30 12:30,13.9,44.1,timer,43170
19807,Rpi__1,Sensor__4,2024/12/30 12:35,13.9,44,timer,43170
19811,Rpi__1,Sensor__4,2024/12/30 12:40,13.9,43.8,timer,43170
19815,Rpi__1,Sensor__4,2024/12/30 12:45,13.9,43.8,timer,43170
19819,Rpi__1,Sensor__4,2024/12/30 12:50,13.9,44.2,timer,43170
19823,Rpi__1,Sensor__4,2024/12/30 12:55,13.9,44.1,timer,43170
19827,Rpi__1,Sensor__4,2024/12/30 13:00,13.9,44.1,timer,43170
19831,Rpi__1,Sensor__4,2024/12/30 13:05,13.9,44,timer,43170
19835,Rpi__1,Sensor__4,2024/12/30 13:10,13.9,44.2,timer,43170
19839,Rpi__1,Sensor__4,2024/12/30 13:15,13.9,44.2,timer,43170
19843,Rpi__1,Sensor__4,2024/12/30 13:20,14,44.2,timer,43170
19847,Rpi__1,Sensor__4,2024/12/30 13:25,13.9,44,timer,43170
19851,Rpi__1,Sensor__4,2024/12/30 13:30,13.9,44,timer,43170
19855,Rpi__1,Sensor__4,2024/12/30 13:35,13.9,44.2,timer,3570
19859,Rpi__1,Sensor__4,2024/12/30 13:40,13.9,44.2,timer,3570
19863,Rpi__1,Sensor__4,2024/12/30 13:45,14,44.4,timer,3570
19867,Rpi__1,Sensor__4,2024/12/30 13:50,14,44.1,timer,3570
19871,Rpi__1,Sensor__4,2024/12/30 13:55,13.9,44.1,timer,3570
19875,Rpi__1,Sensor__4,2024/12/30 14:00,14,44.2,timer,3570
19879,Rpi__1,Sensor__4,2024/12/30 14:05,14,44.3,timer,3570
19883,Rpi__1,Sensor__4,2024/12/30 14:10,14,44.2,timer,3570
19887,Rpi__1,Sensor__4,2024/12/30 14:15,14,44.3,timer,3570
19891,Rpi__1,Sensor__4,2024/12/30 14:20,14,44.3,timer,3570
19895,Rpi__1,Sensor__4,2024/12/30 14:25,14,44.3,timer,3570
19899,Rpi__1,Sensor__4,2024/12/30 14:30,14,44.3,timer,3570
19903,Rpi__1,Sensor__4,2024/12/30 14:35,14,44.3,timer,3570
19907,Rpi__1,Sensor__4,2024/12/30 14:40,14,44.5,timer,3570
19911,Rpi__1,Sensor__4,2024/12/30 14:45,14,44.7,timer,3570
19915,Rpi__1,Sensor__4,2024/12/30 14:50,14,44.6,timer,3570
19919,Rpi__1,Sensor__4,2024/12/30 14:55,14,44.7,timer,3570
19923,Rpi__1,Sensor__4,2024/12/30 15:00,14,44.5,timer,3570
19927,Rpi__1,Sensor__4,2024/12/30 15:05,14.1,44.5,timer,3570
19931,Rpi__1,Sensor__4,2024/12/30 15:10,14.1,44.5,timer,3570
19935,Rpi__1,Sensor__4,2024/12/30 15:15,14.1,44.6,timer,3570
19939,Rpi__1,Sensor__4,2024/12/30 15:20,14.1,44.7,timer,3570
19943,Rpi__1,Sensor__4,2024/12/30 15:25,14.1,44.8,timer,3570
19947,Rpi__1,Sensor__4,2024/12/30 15:30,14.1,44.8,timer,3570
19951,Rpi__1,Sensor__4,2024/12/30 15:35,14.1,44.7,timer,3570
19955,Rpi__1,Sensor__4,2024/12/30 15:40,14.1,44.7,timer,3570
19959,Rpi__1,Sensor__4,2024/12/30 15:45,14.1,44.7,timer,3570
19963,Rpi__1,Sensor__4,2024/12/30 15:50,14.1,44.7,timer,3570
19967,Rpi__1,Sensor__4,2024/12/30 15:55,14.1,44.7,timer,3570
19971,Rpi__1,Sensor__4,2024/12/30 16:00,14.1,44.7,timer,3570
19975,Rpi__1,Sensor__4,2024/12/30 16:05,14.1,44.8,timer,3570
19979,Rpi__1,Sensor__4,2024/12/30 16:10,14.1,44.8,timer,3570
19983,Rpi__1,Sensor__4,2024/12/30 16:15,14.1,44.8,timer,3570
19987,Rpi__1,Sensor__4,2024/12/30 16:20,14.1,44.9,timer,3570
19991,Rpi__1,Sensor__4,2024/12/30 16:25,14.1,45,timer,3570
19995,Rpi__1,Sensor__4,2024/12/30 16:30,14.1,44.9,timer,3570
19999,Rpi__1,Sensor__4,2024/12/30 16:35,14.1,44.9,timer,3570
20003,Rpi__1,Sensor__4,2024/12/30 16:40,14.1,44.9,timer,3570
20007,Rpi__1,Sensor__4,2024/12/30 16:45,14.1,44.9,timer,3570
20011,Rpi__1,Sensor__4,2024/12/30 16:50,14.2,45,timer,3570
20015,Rpi__1,Sensor__4,2024/12/30 16:55,14.2,45,timer,3570
20019,Rpi__1,Sensor__4,2024/12/30 17:00,14.2,45.1,timer,3570
20023,Rpi__1,Sensor__4,2024/12/30 17:05,14.2,45.2,timer,3570
20027,Rpi__1,Sensor__4,2024/12/30 17:10,14.2,45.2,timer,3570
20031,Rpi__1,Sensor__4,2024/12/30 17:15,14.1,45.1,timer,3570
20035,Rpi__1,Sensor__4,2024/12/30 17:20,14.2,45.1,timer,3570
20039,Rpi__1,Sensor__4,2024/12/30 17:25,14.2,45.2,timer,3570
20043,Rpi__1,Sensor__4,2024/12/30 17:30,14.1,45.2,timer,3570
20047,Rpi__1,Sensor__4,2024/12/30 17:35,14.2,45.3,timer,3570
20051,Rpi__1,Sensor__4,2024/12/30 17:40,14.2,45.3,timer,3570
20055,Rpi__1,Sensor__4,2024/12/30 17:45,14.2,45.4,timer,3570
20059,Rpi__1,Sensor__4,2024/12/30 17:50,14.2,45.4,timer,3570
20063,Rpi__1,Sensor__4,2024/12/30 17:55,14.2,45.5,timer,3570
20067,Rpi__1,Sensor__4,2024/12/30 18:00,14.2,45.5,timer,3570
20071,Rpi__1,Sensor__4,2024/12/30 18:05,14.2,45.5,timer,3570
20075,Rpi__1,Sensor__4,2024/12/30 18:10,14.2,45.5,timer,3570
20079,Rpi__1,Sensor__4,2024/12/30 18:15,14.2,45.5,timer,3570
20083,Rpi__1,Sensor__4,2024/12/30 18:20,14.2,45.6,timer,3570
20087,Rpi__1,Sensor__4,2024/12/30 18:25,14.2,45.6,timer,3570
20091,Rpi__1,Sensor__4,2024/12/30 18:30,14.1,45.6,timer,3570
20095,Rpi__1,Sensor__4,2024/12/30 18:35,14.2,45.7,timer,3570
20099,Rpi__1,Sensor__4,2024/12/30 18:40,14.2,45.7,timer,3570
20103,Rpi__1,Sensor__4,2024/12/30 18:45,14.2,45.7,timer,3570
20107,Rpi__1,Sensor__4,2024/12/30 18:50,14.2,45.8,timer,3570
20111,Rpi__1,Sensor__4,2024/12/30 18:55,14.2,45.8,timer,3570
20115,Rpi__1,Sensor__4,2024/12/30 19:00,14.2,45.9,timer,3570
20119,Rpi__1,Sensor__4,2024/12/30 19:05,14.2,45.9,timer,3570
20123,Rpi__1,Sensor__4,2024/12/30 19:10,14.2,46,timer,3570
20127,Rpi__1,Sensor__4,2024/12/30 19:15,14.2,46.1,timer,3570
20131,Rpi__1,Sensor__4,2024/12/30 19:20,14.2,46.1,timer,3570
20135,Rpi__1,Sensor__4,2024/12/30 19:25,14.2,46.1,timer,3570
20139,Rpi__1,Sensor__4,2024/12/30 19:30,14.2,46.2,timer,3570
20143,Rpi__1,Sensor__4,2024/12/30 19:35,14.2,46.2,timer,3570
20147,Rpi__1,Sensor__4,2024/12/30 19:40,14.2,46.3,timer,3570
20151,Rpi__1,Sensor__4,2024/12/30 19:45,14.2,46.3,timer,3570
20155,Rpi__1,Sensor__4,2024/12/30 19:50,14.2,46.3,timer,3570
20159,Rpi__1,Sensor__4,2024/12/30 19:55,14.2,46.4,timer,3570
20163,Rpi__1,Sensor__4,2024/12/30 20:00,14.2,46.5,timer,3570
20167,Rpi__1,Sensor__4,2024/12/30 20:05,14.2,46.6,timer,3570
20171,Rpi__1,Sensor__4,2024/12/30 20:10,14.2,46.7,timer,3570
20175,Rpi__1,Sensor__4,2024/12/30 20:15,14.2,46.7,timer,3570
20179,Rpi__1,Sensor__4,2024/12/30 20:20,14.2,46.8,timer,3570
20183,Rpi__1,Sensor__4,2024/12/30 20:25,14.2,46.8,timer,3570
20187,Rpi__1,Sensor__4,2024/12/30 20:30,14.2,46.8,timer,3570
20191,Rpi__1,Sensor__4,2024/12/30 20:35,14.2,46.8,timer,3570
20195,Rpi__1,Sensor__4,2024/12/30 20:40,14.2,46.8,timer,3570
20199,Rpi__1,Sensor__4,2024/12/30 20:45,14.2,46.9,timer,3570
20203,Rpi__1,Sensor__4,2024/12/30 20:50,14.2,46.9,timer,3570
20207,Rpi__1,Sensor__4,2024/12/30 20:55,14.2,46.9,timer,3570
20211,Rpi__1,Sensor__4,2024/12/30 21:00,14.2,47,timer,3570
20215,Rpi__1,Sensor__4,2024/12/30 21:05,14.2,47.1,timer,3570
20219,Rpi__1,Sensor__4,2024/12/30 21:10,14.2,47.2,timer,3570
20223,Rpi__1,Sensor__4,2024/12/30 21:15,14.2,47.2,timer,3570
20227,Rpi__1,Sensor__4,2024/12/30 21:20,14.2,47.3,timer,3570
20231,Rpi__1,Sensor__4,2024/12/30 21:25,14.2,47.3,timer,3570
20235,Rpi__1,Sensor__4,2024/12/30 21:30,14.2,47.4,timer,3570
20239,Rpi__1,Sensor__4,2024/12/30 21:35,14.2,47.4,timer,3570
20243,Rpi__1,Sensor__4,2024/12/30 21:40,14.2,47.4,timer,3570
20247,Rpi__1,Sensor__4,2024/12/30 21:45,14.2,47.4,timer,3570
20251,Rpi__1,Sensor__4,2024/12/30 21:50,14.2,47.4,timer,3570
20255,Rpi__1,Sensor__4,2024/12/30 21:55,14.2,47.6,timer,3570
20259,Rpi__1,Sensor__4,2024/12/30 22:00,14.2,47.6,timer,3570
20263,Rpi__1,Sensor__4,2024/12/30 22:05,14.2,47.6,timer,3570
20267,Rpi__1,Sensor__4,2024/12/30 22:10,14.2,47.6,timer,3570
20271,Rpi__1,Sensor__4,2024/12/30 22:15,14.2,47.7,timer,3570
20275,Rpi__1,Sensor__4,2024/12/30 22:20,14.2,47.8,timer,3570
20279,Rpi__1,Sensor__4,2024/12/30 22:25,14.2,47.9,timer,3570
20283,Rpi__1,Sensor__4,2024/12/30 22:30,14.2,47.9,timer,3570
20287,Rpi__1,Sensor__4,2024/12/30 22:35,14.2,48,timer,3570
20291,Rpi__1,Sensor__4,2024/12/30 22:40,14.2,48,timer,3570
20295,Rpi__1,Sensor__4,2024/12/30 22:45,14.2,48,timer,3570
20299,Rpi__1,Sensor__4,2024/12/30 22:50,14.2,48.1,timer,3570
20303,Rpi__1,Sensor__4,2024/12/30 22:55,14.2,48.1,timer,3570
20307,Rpi__1,Sensor__4,2024/12/30 23:00,14.2,48.2,timer,3570
20311,Rpi__1,Sensor__4,2024/12/30 23:05,14.2,48.3,timer,3570
20315,Rpi__1,Sensor__4,2024/12/30 23:10,14.2,48.3,timer,3570
20319,Rpi__1,Sensor__4,2024/12/30 23:15,14.2,48.3,timer,3570
20323,Rpi__1,Sensor__4,2024/12/30 23:20,14.2,48.5,timer,3570
20327,Rpi__1,Sensor__4,2024/12/30 23:25,14.2,48.5,timer,3570
20331,Rpi__1,Sensor__4,2024/12/30 23:30,14.2,48.6,timer,3570
20335,Rpi__1,Sensor__4,2024/12/30 23:35,14.2,48.6,timer,3570
20339,Rpi__1,Sensor__4,2024/12/30 23:40,14.2,48.7,timer,3570
20343,Rpi__1,Sensor__4,2024/12/30 23:45,14.2,48.8,timer,3570
20347,Rpi__1,Sensor__4,2024/12/30 23:50,14.2,48.8,timer,3570
20351,Rpi__1,Sensor__4,2024/12/30 23:55,14.2,48.8,timer,3570
20355,Rpi__1,Sensor__4,2024/12/31 0:00,14.2,48.8,timer,3570
20359,Rpi__1,Sensor__4,2024/12/31 0:05,14.2,48.9,timer,3570
20363,Rpi__1,Sensor__4,2024/12/31 0:10,14.2,49,timer,3570
20367,Rpi__1,Sensor__4,2024/12/31 0:15,14.2,49,timer,3570
20371,Rpi__1,Sensor__4,2024/12/31 0:20,14.2,49,timer,3570
20375,Rpi__1,Sensor__4,2024/12/31 0:25,14.2,49,timer,3570
20379,Rpi__1,Sensor__4,2024/12/31 0:30,14.2,49.1,timer,43170
20383,Rpi__1,Sensor__4,2024/12/31 0:35,14.2,49.1,timer,43170
20387,Rpi__1,Sensor__4,2024/12/31 0:40,14.2,49.1,timer,43170
20391,Rpi__1,Sensor__4,2024/12/31 0:45,14.2,49.2,timer,43170
20395,Rpi__1,Sensor__4,2024/12/31 0:50,14.2,49.2,timer,43170
20399,Rpi__1,Sensor__4,2024/12/31 0:55,14.2,49.3,timer,43170
20403,Rpi__1,Sensor__4,2024/12/31 1:00,14.2,49.3,timer,43170
20407,Rpi__1,Sensor__4,2024/12/31 1:05,14.2,49.3,timer,43170
20411,Rpi__1,Sensor__4,2024/12/31 1:10,14.2,49.3,timer,43170
20415,Rpi__1,Sensor__4,2024/12/31 1:15,14.2,49.3,timer,43170
20419,Rpi__1,Sensor__4,2024/12/31 1:20,14.2,49.4,timer,43170
20423,Rpi__1,Sensor__4,2024/12/31 1:25,14.2,49.4,timer,43170
20427,Rpi__1,Sensor__4,2024/12/31 1:30,14.2,49.4,timer,3570
20431,Rpi__1,Sensor__4,2024/12/31 1:35,14.2,49.4,timer,3570
20435,Rpi__1,Sensor__4,2024/12/31 1:40,14.2,49.5,timer,3570
20439,Rpi__1,Sensor__4,2024/12/31 1:45,14.2,49.5,timer,3570
20443,Rpi__1,Sensor__4,2024/12/31 1:50,14.2,49.6,timer,3570
20447,Rpi__1,Sensor__4,2024/12/31 1:55,14.2,49.6,timer,3570
20451,Rpi__1,Sensor__4,2024/12/31 2:00,14.2,49.7,timer,3570
20455,Rpi__1,Sensor__4,2024/12/31 2:05,14.2,49.7,timer,3570
20459,Rpi__1,Sensor__4,2024/12/31 2:10,14.2,49.8,timer,3570
20463,Rpi__1,Sensor__4,2024/12/31 2:15,14.2,49.8,timer,3570
20467,Rpi__1,Sensor__4,2024/12/31 2:20,14.2,49.8,timer,3570
20471,Rpi__1,Sensor__4,2024/12/31 2:25,14.2,49.9,timer,3570
20475,Rpi__1,Sensor__4,2024/12/31 2:30,14.2,49.9,timer,3570
20479,Rpi__1,Sensor__4,2024/12/31 2:35,14.2,49.9,timer,3570
20483,Rpi__1,Sensor__4,2024/12/31 2:40,14.2,50,timer,3570
20487,Rpi__1,Sensor__4,2024/12/31 2:45,14.2,50,timer,3570
20491,Rpi__1,Sensor__4,2024/12/31 2:50,14.2,50,timer,3570
20495,Rpi__1,Sensor__4,2024/12/31 2:55,14.2,50.1,timer,3570
20499,Rpi__1,Sensor__4,2024/12/31 3:00,14.2,50.1,timer,3570
20503,Rpi__1,Sensor__4,2024/12/31 3:05,14.2,50.1,timer,3570
20507,Rpi__1,Sensor__4,2024/12/31 3:10,14.2,50.2,timer,3570
20511,Rpi__1,Sensor__4,2024/12/31 3:15,14.2,50.3,timer,3570
20515,Rpi__1,Sensor__4,2024/12/31 3:20,14.2,50.3,timer,3570
20519,Rpi__1,Sensor__4,2024/12/31 3:25,14.2,50.3,timer,3570
20523,Rpi__1,Sensor__4,2024/12/31 3:30,14.2,50.3,timer,3570
20527,Rpi__1,Sensor__4,2024/12/31 3:35,14.2,50.3,timer,3570
20531,Rpi__1,Sensor__4,2024/12/31 3:40,14.2,50.3,timer,3570
20535,Rpi__1,Sensor__4,2024/12/31 3:45,14.2,50.3,timer,3570
20539,Rpi__1,Sensor__4,2024/12/31 3:50,14.2,50.3,timer,3570
20543,Rpi__1,Sensor__4,2024/12/31 3:55,14.2,50.3,timer,3570
20547,Rpi__1,Sensor__4,2024/12/31 4:00,14.2,50.3,timer,3570
20551,Rpi__1,Sensor__4,2024/12/31 4:05,14.2,50.4,timer,3570
20555,Rpi__1,Sensor__4,2024/12/31 4:10,14.2,50.4,timer,3570
20559,Rpi__1,Sensor__4,2024/12/31 4:15,14.2,50.5,timer,3570
20563,Rpi__1,Sensor__4,2024/12/31 4:20,14.2,50.5,timer,3570
20567,Rpi__1,Sensor__4,2024/12/31 4:25,14.2,50.5,timer,3570
20571,Rpi__1,Sensor__4,2024/12/31 4:30,14.2,50.4,timer,3570
20575,Rpi__1,Sensor__4,2024/12/31 4:35,14.2,50.4,timer,3570
20579,Rpi__1,Sensor__4,2024/12/31 4:40,14.2,50.6,timer,3570
20583,Rpi__1,Sensor__4,2024/12/31 4:45,14.2,50.8,timer,3570
20587,Rpi__1,Sensor__4,2024/12/31 4:50,14.2,50.8,timer,3570
20591,Rpi__1,Sensor__4,2024/12/31 4:55,14.2,50.8,timer,3570
20595,Rpi__1,Sensor__4,2024/12/31 5:00,14.2,50.8,timer,3570
20599,Rpi__1,Sensor__4,2024/12/31 5:05,14.2,50.9,timer,3570
20603,Rpi__1,Sensor__4,2024/12/31 5:10,14.2,50.8,timer,3570
20607,Rpi__1,Sensor__4,2024/12/31 5:15,14.2,50.8,timer,3570
20611,Rpi__1,Sensor__4,2024/12/31 5:20,14.2,50.8,timer,3570
20615,Rpi__1,Sensor__4,2024/12/31 5:25,14.2,50.7,timer,3570
20619,Rpi__1,Sensor__4,2024/12/31 5:30,14.2,50.7,timer,3570
20623,Rpi__1,Sensor__4,2024/12/31 5:35,14.2,50.7,timer,3570
20627,Rpi__1,Sensor__4,2024/12/31 5:40,14.2,50.7,timer,3570
20631,Rpi__1,Sensor__4,2024/12/31 5:45,14.2,50.7,timer,3570
20635,Rpi__1,Sensor__4,2024/12/31 5:50,14.2,50.7,timer,3570
20639,Rpi__1,Sensor__4,2024/12/31 5:55,14.2,50.7,timer,3570
20643,Rpi__1,Sensor__4,2024/12/31 6:00,14.2,50.7,timer,3570
20647,Rpi__1,Sensor__4,2024/12/31 6:05,14.2,50.7,timer,3570
20651,Rpi__1,Sensor__4,2024/12/31 6:10,14.2,50.7,timer,3570
20655,Rpi__1,Sensor__4,2024/12/31 6:15,14.2,50.7,timer,3570
20659,Rpi__1,Sensor__4,2024/12/31 6:20,14.2,50.6,timer,3570
20663,Rpi__1,Sensor__4,2024/12/31 6:25,14.2,50.6,timer,3570
20667,Rpi__1,Sensor__4,2024/12/31 6:30,14.2,50.6,timer,3570
20671,Rpi__1,Sensor__4,2024/12/31 6:35,14.2,50.5,timer,3570
20675,Rpi__1,Sensor__4,2024/12/31 6:40,14.2,50.6,timer,3570
20679,Rpi__1,Sensor__4,2024/12/31 6:45,14.2,50.6,timer,3570
20683,Rpi__1,Sensor__4,2024/12/31 6:50,14.2,50.6,timer,3570
20687,Rpi__1,Sensor__4,2024/12/31 6:55,14.2,50.6,timer,3570
20691,Rpi__1,Sensor__4,2024/12/31 7:00,14.2,50.6,timer,3570
20695,Rpi__1,Sensor__4,2024/12/31 7:05,14.2,50.6,timer,3570
20699,Rpi__1,Sensor__4,2024/12/31 7:10,14.2,50.5,timer,3570
20703,Rpi__1,Sensor__4,2024/12/31 7:15,14.2,50.5,timer,3570
20707,Rpi__1,Sensor__4,2024/12/31 7:20,14.2,50.5,timer,3570
20711,Rpi__1,Sensor__4,2024/12/31 7:25,14.2,50.5,timer,3570
20715,Rpi__1,Sensor__4,2024/12/31 7:30,14.2,50.6,timer,3570
20719,Rpi__1,Sensor__4,2024/12/31 7:35,14.2,50.5,timer,3570
20723,Rpi__1,Sensor__4,2024/12/31 7:40,14.2,50.5,timer,3570
20727,Rpi__1,Sensor__4,2024/12/31 7:45,14.2,50.5,timer,3570
20731,Rpi__1,Sensor__4,2024/12/31 7:50,14.2,50.5,timer,3570
20735,Rpi__1,Sensor__4,2024/12/31 8:00,14.2,50.4,timer,3570
20739,Rpi__1,Sensor__4,2024/12/31 8:05,14.2,50.4,timer,3570
20743,Rpi__1,Sensor__4,2024/12/31 8:10,14.2,50.4,timer,3570
20747,Rpi__1,Sensor__4,2024/12/31 8:15,14.2,50.3,timer,3570
20751,Rpi__1,Sensor__4,2024/12/31 8:20,14.2,50.3,timer,3570
20755,Rpi__1,Sensor__4,2024/12/31 8:25,14.2,50.2,timer,3570
20759,Rpi__1,Sensor__4,2024/12/31 8:30,14.2,50.2,timer,3570
20763,Rpi__1,Sensor__4,2024/12/31 8:35,14.2,50.2,timer,3570
20767,Rpi__1,Sensor__4,2024/12/31 8:40,14.2,50.2,timer,3570
20771,Rpi__1,Sensor__4,2024/12/31 8:45,14.2,50.1,timer,3570
20775,Rpi__1,Sensor__4,2024/12/31 8:50,14.1,50.1,timer,3570
20779,Rpi__1,Sensor__4,2024/12/31 8:55,14.2,50,timer,3570
20783,Rpi__1,Sensor__4,2024/12/31 9:00,14.1,49.9,timer,3570
20787,Rpi__1,Sensor__4,2024/12/31 9:05,14.1,49.9,timer,3570
20791,Rpi__1,Sensor__4,2024/12/31 9:10,14.2,49.9,timer,3570
20795,Rpi__1,Sensor__4,2024/12/31 9:15,14.2,49.8,timer,3570
20799,Rpi__1,Sensor__4,2024/12/31 9:20,14.2,49.7,timer,3570
20803,Rpi__1,Sensor__4,2024/12/31 9:25,14.1,49.7,timer,3570
20807,Rpi__1,Sensor__4,2024/12/31 9:30,14.2,49.7,timer,3570
20811,Rpi__1,Sensor__4,2024/12/31 9:35,14.1,49.6,timer,3570
20815,Rpi__1,Sensor__4,2024/12/31 9:40,14.2,49.6,timer,3570
20819,Rpi__1,Sensor__4,2024/12/31 9:45,14.2,49.6,timer,3570
20823,Rpi__1,Sensor__4,2024/12/31 9:50,14.1,49.4,timer,3570
20827,Rpi__1,Sensor__4,2024/12/31 9:55,14.2,49.4,timer,3570
20831,Rpi__1,Sensor__4,2024/12/31 10:00,14.2,49.4,timer,3570
20835,Rpi__1,Sensor__4,2024/12/31 10:05,14.1,49.3,timer,3570
20839,Rpi__1,Sensor__4,2024/12/31 10:10,14.1,49.4,timer,3570
20843,Rpi__1,Sensor__4,2024/12/31 10:15,14.2,49.2,timer,3570
20847,Rpi__1,Sensor__4,2024/12/31 10:20,14.2,49.2,timer,3570
20851,Rpi__1,Sensor__4,2024/12/31 10:25,14.2,49.2,timer,3570
20855,Rpi__1,Sensor__4,2024/12/31 10:30,14.2,49.1,timer,3570
20859,Rpi__1,Sensor__4,2024/12/31 10:35,14.2,49.1,timer,3570
20863,Rpi__1,Sensor__4,2024/12/31 10:40,14.2,49,timer,3570
20867,Rpi__1,Sensor__4,2024/12/31 10:45,14.1,49,timer,3570
20871,Rpi__1,Sensor__4,2024/12/31 10:50,14.2,48.9,timer,3570
20875,Rpi__1,Sensor__4,2024/12/31 10:55,14.1,48.8,timer,3570
20879,Rpi__1,Sensor__4,2024/12/31 11:00,14.2,48.8,timer,3570
20883,Rpi__1,Sensor__4,2024/12/31 11:05,14.2,48.7,timer,3570
20887,Rpi__1,Sensor__4,2024/12/31 11:10,14.2,48.7,timer,3570
20891,Rpi__1,Sensor__4,2024/12/31 11:15,14.2,48.6,timer,3570
20895,Rpi__1,Sensor__4,2024/12/31 11:20,14.2,48.6,timer,3570
20899,Rpi__1,Sensor__4,2024/12/31 11:25,14.2,48.6,timer,3570
20903,Rpi__1,Sensor__4,2024/12/31 11:30,14.2,48.5,timer,3570
20907,Rpi__1,Sensor__4,2024/12/31 11:35,14.2,48.5,timer,3570
20911,Rpi__1,Sensor__4,2024/12/31 11:40,14.2,48.5,timer,3570
20915,Rpi__1,Sensor__4,2024/12/31 11:45,14.2,48.5,timer,3570
20919,Rpi__1,Sensor__4,2024/12/31 11:50,14.2,48.4,timer,3570
20923,Rpi__1,Sensor__4,2024/12/31 11:55,14.2,48.4,timer,3570
20927,Rpi__1,Sensor__4,2024/12/31 12:00,14.2,48.3,timer,3570
20931,Rpi__1,Sensor__4,2024/12/31 12:05,14.2,48.3,timer,3570
20935,Rpi__1,Sensor__4,2024/12/31 12:10,14.2,48.3,timer,3570
20939,Rpi__1,Sensor__4,2024/12/31 12:15,14.1,48.3,timer,3570
20943,Rpi__1,Sensor__4,2024/12/31 12:20,14.2,48.3,timer,3570
20947,Rpi__1,Sensor__4,2024/12/31 12:25,14.2,48.2,timer,3570
20951,Rpi__1,Sensor__4,2024/12/31 12:30,14.2,48.1,timer,43170
20955,Rpi__1,Sensor__4,2024/12/31 12:35,14.2,48.2,timer,43170
20959,Rpi__1,Sensor__4,2024/12/31 12:40,14.2,48.1,timer,43170
20963,Rpi__1,Sensor__4,2024/12/31 12:45,14.2,48,timer,43170
20967,Rpi__1,Sensor__4,2024/12/31 12:50,14.2,47.9,timer,43170
20971,Rpi__1,Sensor__4,2024/12/31 12:55,14.2,47.9,timer,43170
20975,Rpi__1,Sensor__4,2024/12/31 13:00,14.2,47.8,timer,43170
20979,Rpi__1,Sensor__4,2024/12/31 13:05,14.2,47.7,timer,43170
20983,Rpi__1,Sensor__4,2024/12/31 13:10,14.2,47.7,timer,43170
20987,Rpi__1,Sensor__4,2024/12/31 13:15,14.2,47.7,timer,43170
20991,Rpi__1,Sensor__4,2024/12/31 13:20,14.2,47.6,timer,43170
20995,Rpi__1,Sensor__4,2024/12/31 13:25,14.2,47.5,timer,43170
20999,Rpi__1,Sensor__4,2024/12/31 13:30,14.2,47.6,timer,43170
21003,Rpi__1,Sensor__4,2024/12/31 13:35,14.2,47.5,timer,3570
21007,Rpi__1,Sensor__4,2024/12/31 13:40,14.2,47.4,timer,3570
21011,Rpi__1,Sensor__4,2024/12/31 13:45,14.1,47.4,timer,3570
21015,Rpi__1,Sensor__4,2024/12/31 13:50,14.1,47.4,timer,3570
21019,Rpi__1,Sensor__4,2024/12/31 13:55,14.2,47.3,timer,3570
21023,Rpi__1,Sensor__4,2024/12/31 14:00,14.1,47.2,timer,3570
21027,Rpi__1,Sensor__4,2024/12/31 14:05,14.2,47.1,timer,3570
21031,Rpi__1,Sensor__4,2024/12/31 14:10,14.2,47.3,timer,3570
21035,Rpi__1,Sensor__4,2024/12/31 14:15,14.1,47.1,timer,3570
21039,Rpi__1,Sensor__4,2024/12/31 14:20,14.1,47.1,timer,3570
21043,Rpi__1,Sensor__4,2024/12/31 14:25,14.2,47,timer,3570
21047,Rpi__1,Sensor__4,2024/12/31 14:30,14.2,47,timer,3570
21051,Rpi__1,Sensor__4,2024/12/31 14:35,14.1,47,timer,3570
21055,Rpi__1,Sensor__4,2024/12/31 14:40,14.1,47,timer,3570
21059,Rpi__1,Sensor__4,2024/12/31 14:45,14.2,47,timer,3570
21063,Rpi__1,Sensor__4,2024/12/31 14:50,14.1,46.8,timer,3570
21067,Rpi__1,Sensor__4,2024/12/31 14:55,14.1,46.8,timer,3570
21071,Rpi__1,Sensor__4,2024/12/31 15:00,14.1,46.8,timer,3570
21075,Rpi__1,Sensor__4,2024/12/31 15:05,14.1,46.7,timer,3570
21079,Rpi__1,Sensor__4,2024/12/31 15:10,14.1,46.6,timer,3570
21083,Rpi__1,Sensor__4,2024/12/31 15:15,14.1,46.6,timer,3570
21087,Rpi__1,Sensor__4,2024/12/31 15:20,14.1,46.5,timer,3570
21091,Rpi__1,Sensor__4,2024/12/31 15:25,14.1,46.5,timer,3570
21095,Rpi__1,Sensor__4,2024/12/31 15:30,14.1,46.4,timer,3570
21099,Rpi__1,Sensor__4,2024/12/31 15:35,14.1,46.6,timer,3570
21103,Rpi__1,Sensor__4,2024/12/31 15:40,14.1,46.6,timer,3570
21107,Rpi__1,Sensor__4,2024/12/31 15:45,14.1,46.5,timer,3570
21111,Rpi__1,Sensor__4,2024/12/31 15:50,14.1,46.3,timer,3570
21115,Rpi__1,Sensor__4,2024/12/31 15:55,14.1,46.3,timer,3570
21119,Rpi__1,Sensor__4,2024/12/31 16:00,14.1,46.4,timer,3570
21123,Rpi__1,Sensor__4,2024/12/31 16:05,14.1,46.3,timer,3570
21127,Rpi__1,Sensor__4,2024/12/31 16:10,14.1,46.2,timer,3570
21131,Rpi__1,Sensor__4,2024/12/31 16:15,14.1,46.2,timer,3570
21135,Rpi__1,Sensor__4,2024/12/31 16:20,14.1,46.2,timer,3570
21139,Rpi__1,Sensor__4,2024/12/31 16:25,14.1,46.2,timer,3570
21143,Rpi__1,Sensor__4,2024/12/31 16:30,14.1,46.1,timer,3570
21147,Rpi__1,Sensor__4,2024/12/31 16:35,14.1,46.2,timer,3570
21151,Rpi__1,Sensor__4,2024/12/31 16:40,14.1,46.3,timer,3570
21155,Rpi__1,Sensor__4,2024/12/31 16:45,14.1,46.1,timer,3570
21159,Rpi__1,Sensor__4,2024/12/31 16:50,14.1,46,timer,3570
21163,Rpi__1,Sensor__4,2024/12/31 16:55,14.1,46.1,timer,3570
21167,Rpi__1,Sensor__4,2024/12/31 17:00,14.1,46.1,timer,3570
21171,Rpi__1,Sensor__4,2024/12/31 17:05,14.1,46,timer,3570
21175,Rpi__1,Sensor__4,2024/12/31 17:10,14.1,46,timer,3570
21179,Rpi__1,Sensor__4,2024/12/31 17:15,14.1,45.9,timer,3570
21183,Rpi__1,Sensor__4,2024/12/31 17:20,14.1,45.9,timer,3570
21187,Rpi__1,Sensor__4,2024/12/31 17:25,14.1,45.9,timer,3570
21191,Rpi__1,Sensor__4,2024/12/31 17:30,14.1,45.9,timer,3570
21195,Rpi__1,Sensor__4,2024/12/31 17:35,14.1,46.1,timer,3570
21199,Rpi__1,Sensor__4,2024/12/31 17:40,14,46,timer,3570
21203,Rpi__1,Sensor__4,2024/12/31 17:45,14,45.9,timer,3570
21207,Rpi__1,Sensor__4,2024/12/31 17:50,14,45.9,timer,3570
21211,Rpi__1,Sensor__4,2024/12/31 17:55,14,45.9,timer,3570
21215,Rpi__1,Sensor__4,2024/12/31 18:00,14,45.9,timer,3570
21219,Rpi__1,Sensor__4,2024/12/31 18:05,14,45.7,timer,3570
21223,Rpi__1,Sensor__4,2024/12/31 18:10,14,45.7,timer,3570
21227,Rpi__1,Sensor__4,2024/12/31 18:15,14,45.7,timer,3570
21231,Rpi__1,Sensor__4,2024/12/31 18:20,14,45.7,timer,3570
21235,Rpi__1,Sensor__4,2024/12/31 18:25,14,45.6,timer,3570
21239,Rpi__1,Sensor__4,2024/12/31 18:30,14,45.6,timer,3570
21243,Rpi__1,Sensor__4,2024/12/31 18:35,14,45.7,timer,3570
21247,Rpi__1,Sensor__4,2024/12/31 18:40,14,45.7,timer,3570
21251,Rpi__1,Sensor__4,2024/12/31 18:45,14,45.6,timer,3570
21255,Rpi__1,Sensor__4,2024/12/31 18:50,14,45.5,timer,3570
21259,Rpi__1,Sensor__4,2024/12/31 18:55,14,45.5,timer,3570
21263,Rpi__1,Sensor__4,2024/12/31 19:00,14,45.5,timer,3570
21267,Rpi__1,Sensor__4,2024/12/31 19:05,14,45.4,timer,3570
21271,Rpi__1,Sensor__4,2024/12/31 19:10,14,45.4,timer,3570
21275,Rpi__1,Sensor__4,2024/12/31 19:15,14,45.3,timer,3570
21279,Rpi__1,Sensor__4,2024/12/31 19:20,14,45.4,timer,3570
21283,Rpi__1,Sensor__4,2024/12/31 19:25,14,45.4,timer,3570
21287,Rpi__1,Sensor__4,2024/12/31 19:30,14,45.2,timer,3570
21291,Rpi__1,Sensor__4,2024/12/31 19:35,14,45.4,timer,3570
21295,Rpi__1,Sensor__4,2024/12/31 19:40,13.9,45.3,timer,3570
21299,Rpi__1,Sensor__4,2024/12/31 19:45,13.9,45.2,timer,3570
21303,Rpi__1,Sensor__4,2024/12/31 19:50,13.9,45.1,timer,3570
21307,Rpi__1,Sensor__4,2024/12/31 19:55,13.9,45.2,timer,3570
21311,Rpi__1,Sensor__4,2024/12/31 20:00,13.9,45.2,timer,3570
21315,Rpi__1,Sensor__4,2024/12/31 20:05,13.9,45.2,timer,3570
21319,Rpi__1,Sensor__4,2024/12/31 20:10,13.9,45.2,timer,3570
21323,Rpi__1,Sensor__4,2024/12/31 20:15,13.9,45.2,timer,3570
21327,Rpi__1,Sensor__4,2024/12/31 20:20,13.9,45.1,timer,3570
21331,Rpi__1,Sensor__4,2024/12/31 20:25,13.9,45.1,timer,3570
21335,Rpi__1,Sensor__4,2024/12/31 20:30,13.9,45,timer,3570
21339,Rpi__1,Sensor__4,2024/12/31 20:35,13.9,45.1,timer,3570
21343,Rpi__1,Sensor__4,2024/12/31 20:40,13.9,45,timer,3570
21347,Rpi__1,Sensor__4,2024/12/31 20:45,13.8,44.9,timer,3570
21351,Rpi__1,Sensor__4,2024/12/31 20:50,13.8,44.9,timer,3570
21355,Rpi__1,Sensor__4,2024/12/31 20:55,13.8,44.9,timer,3570
21359,Rpi__1,Sensor__4,2024/12/31 21:00,13.8,44.8,timer,3570
21363,Rpi__1,Sensor__4,2024/12/31 21:05,13.8,44.8,timer,3570
21367,Rpi__1,Sensor__4,2024/12/31 21:10,13.8,44.8,timer,3570
21371,Rpi__1,Sensor__4,2024/12/31 21:15,13.8,44.7,timer,3570
21375,Rpi__1,Sensor__4,2024/12/31 21:20,13.8,44.7,timer,3570
21379,Rpi__1,Sensor__4,2024/12/31 21:25,13.8,44.6,timer,3570
21383,Rpi__1,Sensor__4,2024/12/31 21:30,13.8,44.4,timer,3570
21387,Rpi__1,Sensor__4,2024/12/31 21:35,13.8,44.7,timer,3570
21391,Rpi__1,Sensor__4,2024/12/31 21:40,13.8,44.5,timer,3570
21395,Rpi__1,Sensor__4,2024/12/31 21:45,13.8,44.6,timer,3570
21399,Rpi__1,Sensor__4,2024/12/31 21:50,13.8,44.6,timer,3570
21403,Rpi__1,Sensor__4,2024/12/31 21:55,13.8,44.6,timer,3570
21407,Rpi__1,Sensor__4,2024/12/31 22:00,13.8,44.4,timer,3570
21411,Rpi__1,Sensor__4,2024/12/31 22:05,13.8,44.4,timer,3570
21415,Rpi__1,Sensor__4,2024/12/31 22:10,13.8,44.4,timer,3570
21419,Rpi__1,Sensor__4,2024/12/31 22:15,13.7,44.3,timer,3570
21423,Rpi__1,Sensor__4,2024/12/31 22:20,13.8,44.1,timer,3570
21427,Rpi__1,Sensor__4,2024/12/31 22:25,13.7,44.2,timer,3570
21431,Rpi__1,Sensor__4,2024/12/31 22:30,13.7,44.1,timer,3570
21435,Rpi__1,Sensor__4,2024/12/31 22:35,13.7,44.2,timer,3570
21439,Rpi__1,Sensor__4,2024/12/31 22:40,13.7,44.2,timer,3570
21443,Rpi__1,Sensor__4,2024/12/31 22:45,13.7,44.1,timer,3570
21447,Rpi__1,Sensor__4,2024/12/31 22:50,13.7,44,timer,3570
21451,Rpi__1,Sensor__4,2024/12/31 22:55,13.7,43.9,timer,3570
21455,Rpi__1,Sensor__4,2024/12/31 23:00,13.7,43.9,timer,3570
21459,Rpi__1,Sensor__4,2024/12/31 23:05,13.7,43.9,timer,3570
21463,Rpi__1,Sensor__4,2024/12/31 23:10,13.7,43.8,timer,3570
21467,Rpi__1,Sensor__4,2024/12/31 23:15,13.7,43.8,timer,3570
21471,Rpi__1,Sensor__4,2024/12/31 23:20,13.7,43.9,timer,3570
21475,Rpi__1,Sensor__4,2024/12/31 23:25,13.7,43.9,timer,3570
21479,Rpi__1,Sensor__4,2024/12/31 23:30,13.7,44,timer,3570
21483,Rpi__1,Sensor__4,2024/12/31 23:35,13.7,44.3,timer,3570
21487,Rpi__1,Sensor__4,2024/12/31 23:40,13.7,44.4,timer,3570
21491,Rpi__1,Sensor__4,2024/12/31 23:45,13.7,44.3,timer,3570
21495,Rpi__1,Sensor__4,2024/12/31 23:50,13.6,44.2,timer,3570
21499,Rpi__1,Sensor__4,2024/12/31 23:55,13.6,44.1,timer,3570
21503,Rpi__1,Sensor__4,2025/1/1 0:00,13.6,44,timer,3570
21507,Rpi__1,Sensor__4,2025/1/1 0:05,13.6,43.9,timer,3570
21511,Rpi__1,Sensor__4,2025/1/1 0:10,13.6,43.8,timer,3570
21515,Rpi__1,Sensor__4,2025/1/1 0:15,13.6,43.8,timer,3570
21519,Rpi__1,Sensor__4,2025/1/1 0:20,13.6,44.3,timer,3570
21523,Rpi__1,Sensor__4,2025/1/1 0:25,13.6,44.3,timer,3570
21527,Rpi__1,Sensor__4,2025/1/1 0:30,13.6,44.3,timer,43170
21531,Rpi__1,Sensor__4,2025/1/1 0:35,13.6,44.3,timer,43170
21535,Rpi__1,Sensor__4,2025/1/1 0:40,13.5,44.1,timer,43170
21539,Rpi__1,Sensor__4,2025/1/1 0:45,13.6,43.9,timer,43170
21543,Rpi__1,Sensor__4,2025/1/1 0:50,13.5,43.8,timer,43170
21547,Rpi__1,Sensor__4,2025/1/1 0:55,13.5,43.7,timer,43170
21551,Rpi__1,Sensor__4,2025/1/1 1:00,13.5,43.8,timer,43170
21555,Rpi__1,Sensor__4,2025/1/1 1:05,13.5,44.1,timer,43170
21559,Rpi__1,Sensor__4,2025/1/1 1:10,13.5,44.2,timer,43170
21563,Rpi__1,Sensor__4,2025/1/1 1:15,13.5,44.2,timer,43170
21567,Rpi__1,Sensor__4,2025/1/1 1:20,13.5,43.8,timer,43170
21571,Rpi__1,Sensor__4,2025/1/1 1:25,13.5,43.7,timer,43170
21575,Rpi__1,Sensor__4,2025/1/1 1:30,13.5,43.5,timer,3570
21579,Rpi__1,Sensor__4,2025/1/1 1:35,13.5,43.5,timer,3570
21583,Rpi__1,Sensor__4,2025/1/1 1:40,13.5,43.6,timer,3570
21587,Rpi__1,Sensor__4,2025/1/1 1:45,13.5,43.8,timer,3570
21591,Rpi__1,Sensor__4,2025/1/1 1:50,13.5,43.8,timer,3570
21595,Rpi__1,Sensor__4,2025/1/1 1:55,13.5,43.7,timer,3570
21599,Rpi__1,Sensor__4,2025/1/1 2:00,13.5,43.5,timer,3570
21603,Rpi__1,Sensor__4,2025/1/1 2:05,13.4,43.3,timer,3570
21607,Rpi__1,Sensor__4,2025/1/1 2:10,13.4,43.2,timer,3570
21611,Rpi__1,Sensor__4,2025/1/1 2:15,13.4,43.2,timer,3570
21615,Rpi__1,Sensor__4,2025/1/1 2:20,13.4,43.7,timer,3570
21619,Rpi__1,Sensor__4,2025/1/1 2:25,13.4,43.7,timer,3570
21623,Rpi__1,Sensor__4,2025/1/1 2:30,13.4,43.8,timer,3570
21627,Rpi__1,Sensor__4,2025/1/1 2:35,13.4,43.9,timer,3570
21631,Rpi__1,Sensor__4,2025/1/1 2:40,13.4,43.9,timer,3570
21635,Rpi__1,Sensor__4,2025/1/1 2:45,13.4,43.9,timer,3570
21639,Rpi__1,Sensor__4,2025/1/1 2:50,13.4,43.8,timer,3570
21643,Rpi__1,Sensor__4,2025/1/1 2:55,13.4,43.8,timer,3570
21647,Rpi__1,Sensor__4,2025/1/1 3:00,13.4,43.8,timer,3570
21651,Rpi__1,Sensor__4,2025/1/1 3:05,13.4,43.8,timer,3570
21655,Rpi__1,Sensor__4,2025/1/1 3:10,13.4,43.8,timer,3570
21659,Rpi__1,Sensor__4,2025/1/1 3:15,13.4,43.7,timer,3570
21663,Rpi__1,Sensor__4,2025/1/1 3:20,13.4,43.7,timer,3570
21667,Rpi__1,Sensor__4,2025/1/1 3:25,13.4,43.7,timer,3570
21671,Rpi__1,Sensor__4,2025/1/1 3:30,13.3,43.6,timer,3570
21675,Rpi__1,Sensor__4,2025/1/1 3:35,13.3,43.5,timer,3570
21679,Rpi__1,Sensor__4,2025/1/1 3:40,13.3,43.3,timer,3570
21683,Rpi__1,Sensor__4,2025/1/1 3:45,13.3,43.2,timer,3570
21687,Rpi__1,Sensor__4,2025/1/1 3:50,13.3,43,timer,3570
21691,Rpi__1,Sensor__4,2025/1/1 3:55,13.4,43.1,timer,3570
21695,Rpi__1,Sensor__4,2025/1/1 4:00,13.3,43.3,timer,3570
21699,Rpi__1,Sensor__4,2025/1/1 4:05,13.3,43.1,timer,3570
21703,Rpi__1,Sensor__4,2025/1/1 4:10,13.3,43,timer,3570
21707,Rpi__1,Sensor__4,2025/1/1 4:15,13.3,43,timer,3570
21711,Rpi__1,Sensor__4,2025/1/1 4:20,13.3,42.8,timer,3570
21715,Rpi__1,Sensor__4,2025/1/1 4:25,13.3,42.8,timer,3570
21719,Rpi__1,Sensor__4,2025/1/1 4:30,13.3,42.8,timer,3570
21723,Rpi__1,Sensor__4,2025/1/1 4:35,13.3,42.8,timer,3570
21727,Rpi__1,Sensor__4,2025/1/1 4:40,13.3,43.1,timer,3570
21731,Rpi__1,Sensor__4,2025/1/1 4:45,13.3,42.9,timer,3570
21735,Rpi__1,Sensor__4,2025/1/1 4:50,13.3,42.9,timer,3570
21739,Rpi__1,Sensor__4,2025/1/1 4:55,13.3,42.8,timer,3570
21743,Rpi__1,Sensor__4,2025/1/1 5:00,13.3,42.7,timer,3570
21747,Rpi__1,Sensor__4,2025/1/1 5:05,13.3,42.6,timer,3570
21751,Rpi__1,Sensor__4,2025/1/1 5:10,13.3,42.5,timer,3570
21755,Rpi__1,Sensor__4,2025/1/1 5:15,13.3,42.6,timer,3570
21759,Rpi__1,Sensor__4,2025/1/1 5:20,13.3,42.7,timer,3570
21763,Rpi__1,Sensor__4,2025/1/1 5:25,13.3,42.7,timer,3570
21767,Rpi__1,Sensor__4,2025/1/1 5:30,13.3,42.7,timer,3570
21771,Rpi__1,Sensor__4,2025/1/1 5:35,13.3,42.7,timer,3570
21775,Rpi__1,Sensor__4,2025/1/1 5:40,13.3,42.7,timer,3570
21779,Rpi__1,Sensor__4,2025/1/1 5:45,13.3,42.6,timer,3570
21783,Rpi__1,Sensor__4,2025/1/1 5:50,13.3,42.5,timer,3570
21787,Rpi__1,Sensor__4,2025/1/1 5:55,13.3,42.5,timer,3570
21791,Rpi__1,Sensor__4,2025/1/1 6:00,13.3,42.7,timer,3570
21795,Rpi__1,Sensor__4,2025/1/1 6:05,13.3,42.6,timer,3570
21799,Rpi__1,Sensor__4,2025/1/1 6:10,13.3,42.6,timer,3570
21803,Rpi__1,Sensor__4,2025/1/1 6:15,13.2,42.6,timer,3570
21807,Rpi__1,Sensor__4,2025/1/1 6:20,13.2,42.5,timer,3570
21811,Rpi__1,Sensor__4,2025/1/1 6:25,13.2,42.5,timer,3570
21815,Rpi__1,Sensor__4,2025/1/1 6:30,13.2,42.7,timer,3570
21819,Rpi__1,Sensor__4,2025/1/1 6:35,13.2,42.7,timer,3570
21823,Rpi__1,Sensor__4,2025/1/1 6:40,13.2,42.9,timer,3570
21827,Rpi__1,Sensor__4,2025/1/1 6:45,13.2,43,timer,3570
21831,Rpi__1,Sensor__4,2025/1/1 6:50,13.2,43.1,timer,3570
21835,Rpi__1,Sensor__4,2025/1/1 6:55,13.2,43.1,timer,3570
21839,Rpi__1,Sensor__4,2025/1/1 7:00,13.2,43.1,timer,3570
21843,Rpi__1,Sensor__4,2025/1/1 7:10,13.2,43.2,timer,3570
21847,Rpi__1,Sensor__4,2025/1/1 7:15,13.2,43.1,timer,3570
21851,Rpi__1,Sensor__4,2025/1/1 7:20,13.2,43.1,timer,3570
21855,Rpi__1,Sensor__4,2025/1/1 7:25,13.2,43.2,timer,3570
21859,Rpi__1,Sensor__4,2025/1/1 7:30,13.1,43.1,timer,3570
21863,Rpi__1,Sensor__4,2025/1/1 7:35,13.2,43.2,timer,3570
21867,Rpi__1,Sensor__4,2025/1/1 7:40,13.2,43.2,timer,3570
21871,Rpi__1,Sensor__4,2025/1/1 7:45,13.1,43.2,timer,3570
21875,Rpi__1,Sensor__4,2025/1/1 7:50,13.1,43.1,timer,3570
21879,Rpi__1,Sensor__4,2025/1/1 7:55,13.1,43.1,timer,3570
21883,Rpi__1,Sensor__4,2025/1/1 8:00,13.1,43.1,timer,3570
21887,Rpi__1,Sensor__4,2025/1/1 8:05,13.1,43.1,timer,3570
21891,Rpi__1,Sensor__4,2025/1/1 8:10,13.1,43.1,timer,3570
21895,Rpi__1,Sensor__4,2025/1/1 8:15,13.1,42.8,timer,3570
21899,Rpi__1,Sensor__4,2025/1/1 8:20,13.1,42.8,timer,3570
21903,Rpi__1,Sensor__4,2025/1/1 8:25,13.1,42.9,timer,3570
21907,Rpi__1,Sensor__4,2025/1/1 8:30,13.1,42.9,timer,3570
21911,Rpi__1,Sensor__4,2025/1/1 8:35,13.1,42.9,timer,3570
21915,Rpi__1,Sensor__4,2025/1/1 8:40,13.1,42.9,timer,3570
21919,Rpi__1,Sensor__4,2025/1/1 8:45,13.1,42.7,timer,3570
21923,Rpi__1,Sensor__4,2025/1/1 8:50,13.1,42.6,timer,3570
21927,Rpi__1,Sensor__4,2025/1/1 8:55,13.1,42.8,timer,3570
21931,Rpi__1,Sensor__4,2025/1/1 9:00,13.1,42.7,timer,3570
21935,Rpi__1,Sensor__4,2025/1/1 9:05,13.1,42.7,timer,3570
21939,Rpi__1,Sensor__4,2025/1/1 9:10,13.1,42.5,timer,3570
21943,Rpi__1,Sensor__4,2025/1/1 9:15,13.1,42.4,timer,3570
21947,Rpi__1,Sensor__4,2025/1/1 9:20,13.1,42.5,timer,3570
21951,Rpi__1,Sensor__4,2025/1/1 9:25,13.1,42.5,timer,3570
21955,Rpi__1,Sensor__4,2025/1/1 9:30,13.1,42.5,timer,3570
21959,Rpi__1,Sensor__4,2025/1/1 9:35,13.1,42.5,timer,3570
21963,Rpi__1,Sensor__4,2025/1/1 9:40,13.1,42.4,timer,3570
21967,Rpi__1,Sensor__4,2025/1/1 9:45,13.1,42.3,timer,3570
21971,Rpi__1,Sensor__4,2025/1/1 9:50,13.1,42.4,timer,3570
21975,Rpi__1,Sensor__4,2025/1/1 9:55,13.1,42.4,timer,3570
21979,Rpi__1,Sensor__4,2025/1/1 10:00,13.1,42.4,timer,3570
21983,Rpi__1,Sensor__4,2025/1/1 10:05,13.1,42.3,timer,3570
21987,Rpi__1,Sensor__4,2025/1/1 10:10,13.1,42.1,timer,3570
21991,Rpi__1,Sensor__4,2025/1/1 10:15,13.1,42.1,timer,3570
21995,Rpi__1,Sensor__4,2025/1/1 10:20,13.1,42,timer,3570
21999,Rpi__1,Sensor__4,2025/1/1 10:25,13.1,42,timer,3570
22003,Rpi__1,Sensor__4,2025/1/1 10:30,13.1,42,timer,3570
22007,Rpi__1,Sensor__4,2025/1/1 10:35,13.1,42,timer,3570
22011,Rpi__1,Sensor__4,2025/1/1 10:40,13.1,42,timer,3570
22015,Rpi__1,Sensor__4,2025/1/1 10:45,13.1,42,timer,3570
22019,Rpi__1,Sensor__4,2025/1/1 10:50,13.1,41.9,timer,3570
22023,Rpi__1,Sensor__4,2025/1/1 10:55,13.1,41.9,timer,3570
22027,Rpi__1,Sensor__4,2025/1/1 11:00,13.1,41.9,timer,3570
22031,Rpi__1,Sensor__4,2025/1/1 11:05,13.2,41.9,timer,3570
22035,Rpi__1,Sensor__4,2025/1/1 11:10,13.2,41.8,timer,3570
22039,Rpi__1,Sensor__4,2025/1/1 11:15,13.2,41.8,timer,3570
22043,Rpi__1,Sensor__4,2025/1/1 11:20,13.2,41.8,timer,3570
22047,Rpi__1,Sensor__4,2025/1/1 11:25,13.2,41.7,timer,3570
22051,Rpi__1,Sensor__4,2025/1/1 11:30,13.2,41.7,timer,3570
22055,Rpi__1,Sensor__4,2025/1/1 11:35,13.2,41.7,timer,3570
22059,Rpi__1,Sensor__4,2025/1/1 11:40,13.2,41.7,timer,3570
22063,Rpi__1,Sensor__4,2025/1/1 11:45,13.2,41.6,timer,3570
22067,Rpi__1,Sensor__4,2025/1/1 11:50,13.2,41.6,timer,3570
22071,Rpi__1,Sensor__4,2025/1/1 11:55,13.3,41.6,timer,3570
22075,Rpi__1,Sensor__4,2025/1/1 12:00,13.3,41.6,timer,3570
22079,Rpi__1,Sensor__4,2025/1/1 12:05,13.3,41.6,timer,3570
22083,Rpi__1,Sensor__4,2025/1/1 12:10,13.3,41.7,timer,3570
22087,Rpi__1,Sensor__4,2025/1/1 12:15,13.3,41.6,timer,3570
22091,Rpi__1,Sensor__4,2025/1/1 12:20,13.3,41.7,timer,3570
22095,Rpi__1,Sensor__4,2025/1/1 12:25,13.3,41.7,timer,3570
22099,Rpi__1,Sensor__4,2025/1/1 12:30,13.3,41.6,timer,43170
22103,Rpi__1,Sensor__4,2025/1/1 12:35,13.3,41.7,timer,43170
22107,Rpi__1,Sensor__4,2025/1/1 12:40,13.3,41.7,timer,43170
22111,Rpi__1,Sensor__4,2025/1/1 12:45,13.3,41.7,timer,43170
22115,Rpi__1,Sensor__4,2025/1/1 12:50,13.3,41.7,timer,43170
22119,Rpi__1,Sensor__4,2025/1/1 12:55,13.4,41.7,timer,43170
22123,Rpi__1,Sensor__4,2025/1/1 13:00,13.4,41.8,timer,43170
22127,Rpi__1,Sensor__4,2025/1/1 13:05,13.4,41.8,timer,43170
22131,Rpi__1,Sensor__4,2025/1/1 13:10,13.4,41.8,timer,43170
22135,Rpi__1,Sensor__4,2025/1/1 13:15,13.4,41.8,timer,43170
22139,Rpi__1,Sensor__4,2025/1/1 13:20,13.4,41.7,timer,43170
22143,Rpi__1,Sensor__4,2025/1/1 13:25,13.4,41.7,timer,43170
22147,Rpi__1,Sensor__4,2025/1/1 13:30,13.4,41.7,timer,43170
22151,Rpi__1,Sensor__4,2025/1/1 13:35,13.4,41.7,timer,3570
22155,Rpi__1,Sensor__4,2025/1/1 13:40,13.5,41.8,timer,3570
22159,Rpi__1,Sensor__4,2025/1/1 13:45,13.5,41.7,timer,3570
22163,Rpi__1,Sensor__4,2025/1/1 13:50,13.4,41.8,timer,3570
22167,Rpi__1,Sensor__4,2025/1/1 13:55,13.5,41.8,timer,3570
22171,Rpi__1,Sensor__4,2025/1/1 14:00,13.5,41.8,timer,3570
22175,Rpi__1,Sensor__4,2025/1/1 14:05,13.5,41.8,timer,3570
22179,Rpi__1,Sensor__4,2025/1/1 14:10,13.5,41.8,timer,3570
22183,Rpi__1,Sensor__4,2025/1/1 14:15,13.5,41.8,timer,3570
22187,Rpi__1,Sensor__4,2025/1/1 14:20,13.5,41.7,timer,3570
22191,Rpi__1,Sensor__4,2025/1/1 14:25,13.5,41.8,timer,3570
22195,Rpi__1,Sensor__4,2025/1/1 14:30,13.5,41.8,timer,3570
22199,Rpi__1,Sensor__4,2025/1/1 14:35,13.5,41.9,timer,3570
22203,Rpi__1,Sensor__4,2025/1/1 14:40,13.5,41.8,timer,3570
22207,Rpi__1,Sensor__4,2025/1/1 14:45,13.5,41.8,timer,3570
22211,Rpi__1,Sensor__4,2025/1/1 14:50,13.5,41.9,timer,3570
22215,Rpi__1,Sensor__4,2025/1/1 14:55,13.5,41.8,timer,3570
22219,Rpi__1,Sensor__4,2025/1/1 15:00,13.5,41.8,timer,3570
22223,Rpi__1,Sensor__4,2025/1/1 15:05,13.5,41.8,timer,3570
22227,Rpi__1,Sensor__4,2025/1/1 15:10,13.5,41.8,timer,3570
22231,Rpi__1,Sensor__4,2025/1/1 15:15,13.5,41.9,timer,3570
22235,Rpi__1,Sensor__4,2025/1/1 15:20,13.5,41.8,timer,3570
22239,Rpi__1,Sensor__4,2025/1/1 15:25,13.5,41.8,timer,3570
22243,Rpi__1,Sensor__4,2025/1/1 15:30,13.5,41.9,timer,3570
22247,Rpi__1,Sensor__4,2025/1/1 15:35,13.5,41.9,timer,3570
22251,Rpi__1,Sensor__4,2025/1/1 15:40,13.5,41.9,timer,3570
22255,Rpi__1,Sensor__4,2025/1/1 15:45,13.5,41.9,timer,3570
22259,Rpi__1,Sensor__4,2025/1/1 15:50,13.6,41.8,timer,3570
22263,Rpi__1,Sensor__4,2025/1/1 15:55,13.6,41.9,timer,3570
22267,Rpi__1,Sensor__4,2025/1/1 16:00,13.6,41.9,timer,3570
22271,Rpi__1,Sensor__4,2025/1/1 16:05,13.6,41.9,timer,3570
22275,Rpi__1,Sensor__4,2025/1/1 16:10,13.6,41.9,timer,3570
22279,Rpi__1,Sensor__4,2025/1/1 16:15,13.6,41.9,timer,3570
22283,Rpi__1,Sensor__4,2025/1/1 16:20,13.6,41.9,timer,3570
22287,Rpi__1,Sensor__4,2025/1/1 16:25,13.6,42,timer,3570
22291,Rpi__1,Sensor__4,2025/1/1 16:30,13.6,41.9,timer,3570
22295,Rpi__1,Sensor__4,2025/1/1 16:35,13.6,41.9,timer,3570
22299,Rpi__1,Sensor__4,2025/1/1 16:40,13.6,42,timer,3570
22303,Rpi__1,Sensor__4,2025/1/1 16:45,13.6,42,timer,3570
22307,Rpi__1,Sensor__4,2025/1/1 16:50,13.6,41.9,timer,3570
22311,Rpi__1,Sensor__4,2025/1/1 16:55,13.6,42,timer,3570
22315,Rpi__1,Sensor__4,2025/1/1 17:00,13.6,41.9,timer,3570
22319,Rpi__1,Sensor__4,2025/1/1 17:05,13.6,42,timer,3570
22323,Rpi__1,Sensor__4,2025/1/1 17:10,13.6,42,timer,3570
22327,Rpi__1,Sensor__4,2025/1/1 17:15,13.6,42,timer,3570
22331,Rpi__1,Sensor__4,2025/1/1 17:20,13.6,42.1,timer,3570
22335,Rpi__1,Sensor__4,2025/1/1 17:25,13.6,42.1,timer,3570
22339,Rpi__1,Sensor__4,2025/1/1 17:30,13.6,42.1,timer,3570
22343,Rpi__1,Sensor__4,2025/1/1 17:35,13.6,42.1,timer,3570
22347,Rpi__1,Sensor__4,2025/1/1 17:40,13.5,42.1,timer,3570
22351,Rpi__1,Sensor__4,2025/1/1 17:45,13.6,42.2,timer,3570
22355,Rpi__1,Sensor__4,2025/1/1 17:50,13.6,42.2,timer,3570
22359,Rpi__1,Sensor__4,2025/1/1 17:55,13.5,42.2,timer,3570
22363,Rpi__1,Sensor__4,2025/1/1 18:00,13.5,42.3,timer,3570
22367,Rpi__1,Sensor__4,2025/1/1 18:05,13.5,42.2,timer,3570
22371,Rpi__1,Sensor__4,2025/1/1 18:10,13.6,42.3,timer,3570
22375,Rpi__1,Sensor__4,2025/1/1 18:15,13.5,42.3,timer,3570
22379,Rpi__1,Sensor__4,2025/1/1 18:20,13.5,42.4,timer,3570
22383,Rpi__1,Sensor__4,2025/1/1 18:25,13.5,42.4,timer,3570
22387,Rpi__1,Sensor__4,2025/1/1 18:30,13.6,42.4,timer,3570
22391,Rpi__1,Sensor__4,2025/1/1 18:35,13.5,42.4,timer,3570
22395,Rpi__1,Sensor__4,2025/1/1 18:40,13.5,42.5,timer,3570
22399,Rpi__1,Sensor__4,2025/1/1 18:45,13.5,42.5,timer,3570
22403,Rpi__1,Sensor__4,2025/1/1 18:50,13.5,42.5,timer,3570
22407,Rpi__1,Sensor__4,2025/1/1 18:55,13.5,42.6,timer,3570
22411,Rpi__1,Sensor__4,2025/1/1 19:00,13.5,42.6,timer,3570
22415,Rpi__1,Sensor__4,2025/1/1 19:05,13.5,42.6,timer,3570
22419,Rpi__1,Sensor__4,2025/1/1 19:10,13.5,42.7,timer,3570
22423,Rpi__1,Sensor__4,2025/1/1 19:15,13.5,42.6,timer,3570
22427,Rpi__1,Sensor__4,2025/1/1 19:20,13.5,42.6,timer,3570
22431,Rpi__1,Sensor__4,2025/1/1 19:25,13.5,42.7,timer,3570
22435,Rpi__1,Sensor__4,2025/1/1 19:30,13.5,42.8,timer,3570
22439,Rpi__1,Sensor__4,2025/1/1 19:35,13.5,42.9,timer,3570
22443,Rpi__1,Sensor__4,2025/1/1 19:40,13.5,42.9,timer,3570
22447,Rpi__1,Sensor__4,2025/1/1 19:45,13.5,42.9,timer,3570
22451,Rpi__1,Sensor__4,2025/1/1 19:50,13.5,42.9,timer,3570
22455,Rpi__1,Sensor__4,2025/1/1 19:55,13.5,43,timer,3570
22459,Rpi__1,Sensor__4,2025/1/1 20:00,13.5,43.1,timer,3570
22463,Rpi__1,Sensor__4,2025/1/1 20:05,13.4,43.1,timer,3570
22467,Rpi__1,Sensor__4,2025/1/1 20:10,13.4,43.1,timer,3570
22471,Rpi__1,Sensor__4,2025/1/1 20:15,13.5,43.2,timer,3570
22475,Rpi__1,Sensor__4,2025/1/1 20:20,13.5,43.3,timer,3570
22479,Rpi__1,Sensor__4,2025/1/1 20:25,13.4,43.3,timer,3570
22483,Rpi__1,Sensor__4,2025/1/1 20:30,13.5,43.4,timer,3570
22487,Rpi__1,Sensor__4,2025/1/1 20:35,13.5,43.4,timer,3570
22491,Rpi__1,Sensor__4,2025/1/1 20:40,13.5,43.4,timer,3570
22495,Rpi__1,Sensor__4,2025/1/1 20:45,13.4,43.5,timer,3570
22499,Rpi__1,Sensor__4,2025/1/1 20:50,13.4,43.5,timer,3570
22503,Rpi__1,Sensor__4,2025/1/1 20:55,13.4,43.5,timer,3570
22507,Rpi__1,Sensor__4,2025/1/1 21:00,13.4,43.5,timer,3570
22511,Rpi__1,Sensor__4,2025/1/1 21:05,13.4,43.6,timer,3570
22515,Rpi__1,Sensor__4,2025/1/1 21:10,13.4,43.6,timer,3570
22519,Rpi__1,Sensor__4,2025/1/1 21:15,13.4,43.6,timer,3570
22523,Rpi__1,Sensor__4,2025/1/1 21:20,13.4,43.6,timer,3570
22527,Rpi__1,Sensor__4,2025/1/1 21:25,13.4,43.6,timer,3570
22531,Rpi__1,Sensor__4,2025/1/1 21:30,13.4,43.7,timer,3570
22535,Rpi__1,Sensor__4,2025/1/1 21:35,13.4,43.8,timer,3570
22539,Rpi__1,Sensor__4,2025/1/1 21:40,13.4,43.8,timer,3570
22543,Rpi__1,Sensor__4,2025/1/1 21:45,13.4,43.9,timer,3570
22547,Rpi__1,Sensor__4,2025/1/1 21:50,13.4,43.9,timer,3570
22551,Rpi__1,Sensor__4,2025/1/1 21:55,13.4,44,timer,3570
22555,Rpi__1,Sensor__4,2025/1/1 22:00,13.4,43.9,timer,3570
22559,Rpi__1,Sensor__4,2025/1/1 22:05,13.3,43.9,timer,3570
22563,Rpi__1,Sensor__4,2025/1/1 22:10,13.3,44,timer,3570
22567,Rpi__1,Sensor__4,2025/1/1 22:15,13.3,44,timer,3570
22571,Rpi__1,Sensor__4,2025/1/1 22:20,13.3,44,timer,3570
22575,Rpi__1,Sensor__4,2025/1/1 22:25,13.3,44,timer,3570
22579,Rpi__1,Sensor__4,2025/1/1 22:30,13.3,44,timer,3570
22583,Rpi__1,Sensor__4,2025/1/1 22:35,13.3,44.1,timer,3570
22587,Rpi__1,Sensor__4,2025/1/1 22:40,13.3,44.2,timer,3570
22591,Rpi__1,Sensor__4,2025/1/1 22:45,13.3,44.2,timer,3570
22595,Rpi__1,Sensor__4,2025/1/1 22:50,13.3,44.2,timer,3570
22599,Rpi__1,Sensor__4,2025/1/1 22:55,13.3,44.2,timer,3570
22603,Rpi__1,Sensor__4,2025/1/1 23:00,13.3,44.1,timer,3570
22607,Rpi__1,Sensor__4,2025/1/1 23:05,13.3,44.1,timer,3570
22611,Rpi__1,Sensor__4,2025/1/1 23:10,13.3,44.2,timer,3570
22615,Rpi__1,Sensor__4,2025/1/1 23:15,13.3,44.3,timer,3570
22619,Rpi__1,Sensor__4,2025/1/1 23:20,13.3,44.2,timer,3570
22623,Rpi__1,Sensor__4,2025/1/1 23:25,13.2,44.2,timer,3570
22627,Rpi__1,Sensor__4,2025/1/1 23:30,13.3,44.3,timer,3570
22631,Rpi__1,Sensor__4,2025/1/1 23:35,13.2,44.4,timer,3570
22635,Rpi__1,Sensor__4,2025/1/1 23:40,13.3,44.4,timer,3570
22639,Rpi__1,Sensor__4,2025/1/1 23:45,13.3,44.3,timer,3570
22643,Rpi__1,Sensor__4,2025/1/1 23:50,13.2,44.3,timer,3570
22647,Rpi__1,Sensor__4,2025/1/1 23:55,13.2,44.4,timer,3570
22651,Rpi__1,Sensor__4,2025/1/2 0:00,13.2,44.4,timer,3570
22655,Rpi__1,Sensor__4,2025/1/2 0:05,13.2,44.4,timer,3570
22659,Rpi__1,Sensor__4,2025/1/2 0:10,13.2,44.4,timer,3570
22663,Rpi__1,Sensor__4,2025/1/2 0:15,13.2,44.5,timer,3570
22667,Rpi__1,Sensor__4,2025/1/2 0:20,13.2,44.4,timer,3570
22671,Rpi__1,Sensor__4,2025/1/2 0:25,13.2,44.4,timer,3570
22675,Rpi__1,Sensor__4,2025/1/2 0:30,13.2,44.4,timer,43170
22679,Rpi__1,Sensor__4,2025/1/2 0:35,13.2,44.5,timer,43170
22683,Rpi__1,Sensor__4,2025/1/2 0:40,13.2,44.5,timer,43170
22687,Rpi__1,Sensor__4,2025/1/2 0:45,13.2,44.5,timer,43170
22691,Rpi__1,Sensor__4,2025/1/2 0:50,13.2,44.5,timer,43170
22695,Rpi__1,Sensor__4,2025/1/2 0:55,13.2,44.6,timer,43170
22699,Rpi__1,Sensor__4,2025/1/2 1:00,13.2,44.5,timer,43170
22703,Rpi__1,Sensor__4,2025/1/2 1:05,13.2,44.5,timer,43170
22707,Rpi__1,Sensor__4,2025/1/2 1:10,13.2,44.5,timer,43170
22711,Rpi__1,Sensor__4,2025/1/2 1:15,13.2,44.6,timer,43170
22715,Rpi__1,Sensor__4,2025/1/2 1:20,13.1,44.6,timer,43170
22719,Rpi__1,Sensor__4,2025/1/2 1:25,13.1,44.6,timer,43170
22723,Rpi__1,Sensor__4,2025/1/2 1:30,13.2,44.7,timer,3570
22727,Rpi__1,Sensor__4,2025/1/2 1:35,13.2,44.6,timer,3570
22731,Rpi__1,Sensor__4,2025/1/2 1:40,13.1,44.6,timer,3570
22735,Rpi__1,Sensor__4,2025/1/2 1:45,13.1,44.6,timer,3570
22739,Rpi__1,Sensor__4,2025/1/2 1:50,13.2,44.6,timer,3570
22743,Rpi__1,Sensor__4,2025/1/2 1:55,13.1,44.7,timer,3570
22747,Rpi__1,Sensor__4,2025/1/2 2:00,13.1,44.8,timer,3570
22751,Rpi__1,Sensor__4,2025/1/2 2:05,13.1,44.8,timer,3570
22755,Rpi__1,Sensor__4,2025/1/2 2:10,13.1,44.8,timer,3570
22759,Rpi__1,Sensor__4,2025/1/2 2:15,13.1,44.8,timer,3570
22763,Rpi__1,Sensor__4,2025/1/2 2:20,13.1,44.7,timer,3570
22767,Rpi__1,Sensor__4,2025/1/2 2:25,13.1,44.8,timer,3570
22771,Rpi__1,Sensor__4,2025/1/2 2:30,13.1,44.8,timer,3570
22775,Rpi__1,Sensor__4,2025/1/2 2:35,13.1,44.7,timer,3570
22779,Rpi__1,Sensor__4,2025/1/2 2:40,13.1,44.8,timer,3570
22783,Rpi__1,Sensor__4,2025/1/2 2:45,13.1,44.8,timer,3570
22787,Rpi__1,Sensor__4,2025/1/2 2:50,13.1,44.8,timer,3570
22791,Rpi__1,Sensor__4,2025/1/2 2:55,13.1,44.9,timer,3570
22795,Rpi__1,Sensor__4,2025/1/2 3:00,13.1,45,timer,3570
22799,Rpi__1,Sensor__4,2025/1/2 3:05,13.1,45,timer,3570
22803,Rpi__1,Sensor__4,2025/1/2 3:10,13.1,44.9,timer,3570
22807,Rpi__1,Sensor__4,2025/1/2 3:15,13.1,44.9,timer,3570
22811,Rpi__1,Sensor__4,2025/1/2 3:20,13.1,44.9,timer,3570
22815,Rpi__1,Sensor__4,2025/1/2 3:25,13.1,44.9,timer,3570
22819,Rpi__1,Sensor__4,2025/1/2 3:30,13.1,44.9,timer,3570
22823,Rpi__1,Sensor__4,2025/1/2 3:35,13.1,45,timer,3570
22827,Rpi__1,Sensor__4,2025/1/2 3:40,13.1,45,timer,3570
22831,Rpi__1,Sensor__4,2025/1/2 3:45,13.1,45,timer,3570
22835,Rpi__1,Sensor__4,2025/1/2 3:50,13.1,45,timer,3570
22839,Rpi__1,Sensor__4,2025/1/2 3:55,13.1,45,timer,3570
22843,Rpi__1,Sensor__4,2025/1/2 4:00,13.1,45,timer,3570
22847,Rpi__1,Sensor__4,2025/1/2 4:05,13.1,45,timer,3570
22851,Rpi__1,Sensor__4,2025/1/2 4:10,13,45.1,timer,3570
22855,Rpi__1,Sensor__4,2025/1/2 4:15,13,45.1,timer,3570
22859,Rpi__1,Sensor__4,2025/1/2 4:20,13,45.1,timer,3570
22863,Rpi__1,Sensor__4,2025/1/2 4:25,13.1,45.1,timer,3570
22867,Rpi__1,Sensor__4,2025/1/2 4:30,13.1,45.1,timer,3570
22871,Rpi__1,Sensor__4,2025/1/2 4:35,13.1,45.1,timer,3570
22875,Rpi__1,Sensor__4,2025/1/2 4:40,13,45.1,timer,3570
22879,Rpi__1,Sensor__4,2025/1/2 4:45,13,45.1,timer,3570
22883,Rpi__1,Sensor__4,2025/1/2 4:50,13,45.2,timer,3570
22887,Rpi__1,Sensor__4,2025/1/2 4:55,13,45.2,timer,3570
22891,Rpi__1,Sensor__4,2025/1/2 5:00,13.1,45.2,timer,3570
22895,Rpi__1,Sensor__4,2025/1/2 5:05,13,45.2,timer,3570
22899,Rpi__1,Sensor__4,2025/1/2 5:10,13,45.1,timer,3570
22903,Rpi__1,Sensor__4,2025/1/2 5:15,13,45.1,timer,3570
22907,Rpi__1,Sensor__4,2025/1/2 5:20,13,45.1,timer,3570
22911,Rpi__1,Sensor__4,2025/1/2 5:25,13,45.2,timer,3570
22915,Rpi__1,Sensor__4,2025/1/2 5:30,13,45.2,timer,3570
22919,Rpi__1,Sensor__4,2025/1/2 5:35,13,45.2,timer,3570
22923,Rpi__1,Sensor__4,2025/1/2 5:40,13,45.2,timer,3570
22927,Rpi__1,Sensor__4,2025/1/2 5:45,13,45.2,timer,3570
22931,Rpi__1,Sensor__4,2025/1/2 5:50,13,45.2,timer,3570
22935,Rpi__1,Sensor__4,2025/1/2 5:55,13,45.3,timer,3570
22939,Rpi__1,Sensor__4,2025/1/2 6:00,13,45.3,timer,3570
22943,Rpi__1,Sensor__4,2025/1/2 6:05,13,45.3,timer,3570
22947,Rpi__1,Sensor__4,2025/1/2 6:10,13,45.3,timer,3570
22951,Rpi__1,Sensor__4,2025/1/2 6:20,13,45.3,timer,3570
22955,Rpi__1,Sensor__4,2025/1/2 6:25,13,45.2,timer,3570
22959,Rpi__1,Sensor__4,2025/1/2 6:30,13,45.3,timer,3570
22963,Rpi__1,Sensor__4,2025/1/2 6:35,13,45.3,timer,3570
22967,Rpi__1,Sensor__4,2025/1/2 6:40,13,45.4,timer,3570
22971,Rpi__1,Sensor__4,2025/1/2 6:45,13,45.4,timer,3570
22975,Rpi__1,Sensor__4,2025/1/2 6:50,13,45.4,timer,3570
22979,Rpi__1,Sensor__4,2025/1/2 6:55,13,45.4,timer,3570
22983,Rpi__1,Sensor__4,2025/1/2 7:00,13,45.3,timer,3570
22987,Rpi__1,Sensor__4,2025/1/2 7:05,13,45.3,timer,3570
22991,Rpi__1,Sensor__4,2025/1/2 7:10,13,45.3,timer,3570
22995,Rpi__1,Sensor__4,2025/1/2 7:15,13,45.3,timer,3570
22999,Rpi__1,Sensor__4,2025/1/2 7:20,13,45.4,timer,3570
23003,Rpi__1,Sensor__4,2025/1/2 7:25,13,45.4,timer,3570
23007,Rpi__1,Sensor__4,2025/1/2 7:30,13,45.4,timer,3570
23011,Rpi__1,Sensor__4,2025/1/2 7:35,13,45.4,timer,3570
23015,Rpi__1,Sensor__4,2025/1/2 7:40,13,45.5,timer,3570
23019,Rpi__1,Sensor__4,2025/1/2 7:45,13,45.6,timer,3570
23023,Rpi__1,Sensor__4,2025/1/2 7:50,13,45.6,timer,3570
23027,Rpi__1,Sensor__4,2025/1/2 7:55,13,45.6,timer,3570
23031,Rpi__1,Sensor__4,2025/1/2 8:00,13,45.6,timer,3570
23035,Rpi__1,Sensor__4,2025/1/2 8:05,13,45.6,timer,3570
23039,Rpi__1,Sensor__4,2025/1/2 8:10,13,45.6,timer,3570
23043,Rpi__1,Sensor__4,2025/1/2 8:15,13,45.5,timer,3570
23047,Rpi__1,Sensor__4,2025/1/2 8:20,12.9,45.5,timer,3570
23051,Rpi__1,Sensor__4,2025/1/2 8:25,13,45.6,timer,3570
23055,Rpi__1,Sensor__4,2025/1/2 8:30,13,45.5,timer,3570
23059,Rpi__1,Sensor__4,2025/1/2 8:35,13,45.6,timer,3570
23063,Rpi__1,Sensor__4,2025/1/2 8:40,13,45.6,timer,3570
23067,Rpi__1,Sensor__4,2025/1/2 8:45,13,45.6,timer,3570
23071,Rpi__1,Sensor__4,2025/1/2 8:50,13,45.6,timer,3570
23075,Rpi__1,Sensor__4,2025/1/2 8:55,13,45.6,timer,3570
23079,Rpi__1,Sensor__4,2025/1/2 9:00,13,45.7,timer,3570
23083,Rpi__1,Sensor__4,2025/1/2 9:05,13,45.7,timer,3570
23087,Rpi__1,Sensor__4,2025/1/2 9:10,13,45.7,timer,3570
23091,Rpi__1,Sensor__4,2025/1/2 9:15,13,45.7,timer,3570
23095,Rpi__1,Sensor__4,2025/1/2 9:20,13,45.6,timer,3570
23099,Rpi__1,Sensor__4,2025/1/2 9:25,13,45.6,timer,3570
23103,Rpi__1,Sensor__4,2025/1/2 9:30,13,45.6,timer,3570
23107,Rpi__1,Sensor__4,2025/1/2 9:35,13,45.6,timer,3570
23111,Rpi__1,Sensor__4,2025/1/2 9:40,13,45.6,timer,3570
23115,Rpi__1,Sensor__4,2025/1/2 9:45,13,45.6,timer,3570
23119,Rpi__1,Sensor__4,2025/1/2 9:50,13,45.6,timer,3570
23123,Rpi__1,Sensor__4,2025/1/2 9:55,13,45.6,timer,3570
23127,Rpi__1,Sensor__4,2025/1/2 10:00,13,45.6,timer,3570
23131,Rpi__1,Sensor__4,2025/1/2 10:05,13,45.6,timer,3570
23135,Rpi__1,Sensor__4,2025/1/2 10:10,13,45.6,timer,3570
23139,Rpi__1,Sensor__4,2025/1/2 10:15,13,45.6,timer,3570
23143,Rpi__1,Sensor__4,2025/1/2 10:20,13,45.5,timer,3570
23147,Rpi__1,Sensor__4,2025/1/2 10:25,13,45.6,timer,3570
23151,Rpi__1,Sensor__4,2025/1/2 10:30,13,45.5,timer,3570
23155,Rpi__1,Sensor__4,2025/1/2 10:35,13,45.5,timer,3570
23159,Rpi__1,Sensor__4,2025/1/2 10:40,13,45.5,timer,3570
23163,Rpi__1,Sensor__4,2025/1/2 10:45,13,45.5,timer,3570
23167,Rpi__1,Sensor__4,2025/1/2 10:50,13,45.5,timer,3570
23171,Rpi__1,Sensor__4,2025/1/2 10:55,13,45.5,timer,3570
23175,Rpi__1,Sensor__4,2025/1/2 11:00,13.1,45.4,timer,3570
23179,Rpi__1,Sensor__4,2025/1/2 11:05,13.1,45.3,timer,3570
23183,Rpi__1,Sensor__4,2025/1/2 11:10,13.1,45.3,timer,3570
23187,Rpi__1,Sensor__4,2025/1/2 11:15,13.1,45.3,timer,3570
23191,Rpi__1,Sensor__4,2025/1/2 11:20,13.1,45.3,timer,3570
23195,Rpi__1,Sensor__4,2025/1/2 11:25,13.1,45.3,timer,3570
23199,Rpi__1,Sensor__4,2025/1/2 11:30,13.1,45.2,timer,3570
23203,Rpi__1,Sensor__4,2025/1/2 11:35,13.1,45.1,timer,3570
23207,Rpi__1,Sensor__4,2025/1/2 11:40,13.1,45.2,timer,3570
23211,Rpi__1,Sensor__4,2025/1/2 11:45,13.1,45.2,timer,3570
23215,Rpi__1,Sensor__4,2025/1/2 11:50,13.1,45.1,timer,3570
23219,Rpi__1,Sensor__4,2025/1/2 11:55,13.1,45,timer,3570
23223,Rpi__1,Sensor__4,2025/1/2 12:00,13.1,45,timer,3570
23227,Rpi__1,Sensor__4,2025/1/2 12:05,13.1,44.9,timer,3570
23231,Rpi__1,Sensor__4,2025/1/2 12:10,13.1,44.9,timer,3570
23235,Rpi__1,Sensor__4,2025/1/2 12:15,13.2,44.9,timer,3570
23239,Rpi__1,Sensor__4,2025/1/2 12:20,13.2,44.8,timer,3570
23243,Rpi__1,Sensor__4,2025/1/2 12:25,13.2,44.8,timer,3570
23247,Rpi__1,Sensor__4,2025/1/2 12:30,13.2,44.8,timer,43170
23251,Rpi__1,Sensor__4,2025/1/2 12:35,13.2,44.9,timer,43170
23255,Rpi__1,Sensor__4,2025/1/2 12:40,13.2,44.9,timer,43170
23259,Rpi__1,Sensor__4,2025/1/2 12:45,13.2,44.8,timer,43170
23263,Rpi__1,Sensor__4,2025/1/2 12:50,13.2,44.7,timer,43170
23267,Rpi__1,Sensor__4,2025/1/2 12:55,13.2,44.6,timer,43170
23271,Rpi__1,Sensor__4,2025/1/2 13:00,13.2,44.7,timer,43170
23275,Rpi__1,Sensor__4,2025/1/2 13:05,13.2,44.6,timer,43170
23279,Rpi__1,Sensor__4,2025/1/2 13:10,13.2,44.5,timer,43170
23283,Rpi__1,Sensor__4,2025/1/2 13:15,13.2,44.6,timer,43170
23287,Rpi__1,Sensor__4,2025/1/2 13:20,13.2,44.5,timer,43170
23291,Rpi__1,Sensor__4,2025/1/2 13:25,13.2,44.5,timer,43170
23295,Rpi__1,Sensor__4,2025/1/2 13:30,13.2,44.4,timer,43170
23299,Rpi__1,Sensor__4,2025/1/2 13:35,13.2,44.4,timer,3570
23303,Rpi__1,Sensor__4,2025/1/2 13:40,13.2,44.4,timer,3570
23307,Rpi__1,Sensor__4,2025/1/2 13:45,13.3,44.3,timer,3570
23311,Rpi__1,Sensor__4,2025/1/2 13:50,13.2,44.3,timer,3570
23315,Rpi__1,Sensor__4,2025/1/2 13:55,13.3,44.4,timer,3570
23319,Rpi__1,Sensor__4,2025/1/2 14:00,13.3,44.3,timer,3570
23323,Rpi__1,Sensor__4,2025/1/2 14:05,13.3,44.3,timer,3570
23327,Rpi__1,Sensor__4,2025/1/2 14:10,13.3,44.3,timer,3570
23331,Rpi__1,Sensor__4,2025/1/2 14:15,13.3,44.2,timer,3570
23335,Rpi__1,Sensor__4,2025/1/2 14:20,13.3,44.1,timer,3570
23339,Rpi__1,Sensor__4,2025/1/2 14:25,13.3,44.2,timer,3570
23343,Rpi__1,Sensor__4,2025/1/2 14:30,13.3,44.2,timer,3570
23347,Rpi__1,Sensor__4,2025/1/2 14:35,13.3,44.1,timer,3570
23351,Rpi__1,Sensor__4,2025/1/2 14:40,13.3,44.2,timer,3570
23355,Rpi__1,Sensor__4,2025/1/2 14:45,13.3,44.1,timer,3570
23359,Rpi__1,Sensor__4,2025/1/2 14:50,13.3,44.1,timer,3570
23363,Rpi__1,Sensor__4,2025/1/2 14:55,13.3,44.1,timer,3570
23367,Rpi__1,Sensor__4,2025/1/2 15:00,13.3,44.1,timer,3570
23371,Rpi__1,Sensor__4,2025/1/2 15:05,13.3,44,timer,3570
23375,Rpi__1,Sensor__4,2025/1/2 15:10,13.3,44,timer,3570
23379,Rpi__1,Sensor__4,2025/1/2 15:15,13.3,44,timer,3570
23383,Rpi__1,Sensor__4,2025/1/2 15:20,13.3,44,timer,3570
23387,Rpi__1,Sensor__4,2025/1/2 15:25,13.3,44.1,timer,3570
23391,Rpi__1,Sensor__4,2025/1/2 15:30,13.3,44,timer,3570
23395,Rpi__1,Sensor__4,2025/1/2 15:35,13.3,44.1,timer,3570
23399,Rpi__1,Sensor__4,2025/1/2 15:40,13.3,44.1,timer,3570
23403,Rpi__1,Sensor__4,2025/1/2 15:45,13.3,44,timer,3570
23407,Rpi__1,Sensor__4,2025/1/2 15:50,13.3,44,timer,3570
23411,Rpi__1,Sensor__4,2025/1/2 15:55,13.3,43.9,timer,3570
23415,Rpi__1,Sensor__4,2025/1/2 16:00,13.3,44,timer,3570
23419,Rpi__1,Sensor__4,2025/1/2 16:05,13.3,43.9,timer,3570
23423,Rpi__1,Sensor__4,2025/1/2 16:10,13.3,44,timer,3570
23427,Rpi__1,Sensor__4,2025/1/2 16:15,13.3,43.9,timer,3570
23431,Rpi__1,Sensor__4,2025/1/2 16:20,13.3,44,timer,3570
23435,Rpi__1,Sensor__4,2025/1/2 16:25,13.3,43.9,timer,3570
23439,Rpi__1,Sensor__4,2025/1/2 16:30,13.3,43.9,timer,3570
23443,Rpi__1,Sensor__4,2025/1/2 16:35,13.3,44,timer,3570
23447,Rpi__1,Sensor__4,2025/1/2 16:40,13.3,44,timer,3570
23451,Rpi__1,Sensor__4,2025/1/2 16:45,13.3,43.9,timer,3570
23455,Rpi__1,Sensor__4,2025/1/2 16:50,13.3,43.9,timer,3570
23459,Rpi__1,Sensor__4,2025/1/2 16:55,13.3,44,timer,3570
23463,Rpi__1,Sensor__4,2025/1/2 17:00,13.3,44,timer,3570
23467,Rpi__1,Sensor__4,2025/1/2 17:05,13.3,44,timer,3570
23471,Rpi__1,Sensor__4,2025/1/2 17:10,13.3,44,timer,3570
23475,Rpi__1,Sensor__4,2025/1/2 17:15,13.3,44,timer,3570
23479,Rpi__1,Sensor__4,2025/1/2 17:20,13.3,44,timer,3570
23483,Rpi__1,Sensor__4,2025/1/2 17:25,13.3,44,timer,3570
23487,Rpi__1,Sensor__4,2025/1/2 17:30,13.3,44,timer,3570
23491,Rpi__1,Sensor__4,2025/1/2 17:35,13.3,44,timer,3570
23495,Rpi__1,Sensor__4,2025/1/2 17:40,13.3,44.1,timer,3570
23499,Rpi__1,Sensor__4,2025/1/2 17:45,13.3,44,timer,3570
23503,Rpi__1,Sensor__4,2025/1/2 17:50,13.3,44,timer,3570
23507,Rpi__1,Sensor__4,2025/1/2 17:55,13.3,44,timer,3570
23511,Rpi__1,Sensor__4,2025/1/2 18:00,13.3,44,timer,3570
23515,Rpi__1,Sensor__4,2025/1/2 18:05,13.3,44,timer,3570
23519,Rpi__1,Sensor__4,2025/1/2 18:10,13.3,44.1,timer,3570
23523,Rpi__1,Sensor__4,2025/1/2 18:15,13.3,44,timer,3570
23527,Rpi__1,Sensor__4,2025/1/2 18:20,13.3,43.9,timer,3570
23531,Rpi__1,Sensor__4,2025/1/2 18:25,13.3,44,timer,3570
23535,Rpi__1,Sensor__4,2025/1/2 18:30,13.2,44,timer,3570
23539,Rpi__1,Sensor__4,2025/1/2 18:35,13.3,44.1,timer,3570
23543,Rpi__1,Sensor__4,2025/1/2 18:40,13.2,44,timer,3570
23547,Rpi__1,Sensor__4,2025/1/2 18:45,13.3,44,timer,3570
23551,Rpi__1,Sensor__4,2025/1/2 18:50,13.3,44,timer,3570
23555,Rpi__1,Sensor__4,2025/1/2 18:55,13.2,44,timer,3570
23559,Rpi__1,Sensor__4,2025/1/2 19:00,13.2,44,timer,3570
23563,Rpi__1,Sensor__4,2025/1/2 19:05,13.3,44.1,timer,3570
23567,Rpi__1,Sensor__4,2025/1/2 19:10,13.2,44,timer,3570
23571,Rpi__1,Sensor__4,2025/1/2 19:15,13.2,44.1,timer,3570
23575,Rpi__1,Sensor__4,2025/1/2 19:20,13.2,44.1,timer,3570
23579,Rpi__1,Sensor__4,2025/1/2 19:25,13.2,44.1,timer,3570
23583,Rpi__1,Sensor__4,2025/1/2 19:30,13.3,44.1,timer,3570
23587,Rpi__1,Sensor__4,2025/1/2 19:35,13.2,44.2,timer,3570
23591,Rpi__1,Sensor__4,2025/1/2 19:40,13.2,44.1,timer,3570
23595,Rpi__1,Sensor__4,2025/1/2 19:45,13.2,44.2,timer,3570
23599,Rpi__1,Sensor__4,2025/1/2 19:50,13.2,44.2,timer,3570
23603,Rpi__1,Sensor__4,2025/1/2 19:55,13.2,44.1,timer,3570
23607,Rpi__1,Sensor__4,2025/1/2 20:00,13.2,44.2,timer,3570
23611,Rpi__1,Sensor__4,2025/1/2 20:05,13.2,44.2,timer,3570
23615,Rpi__1,Sensor__4,2025/1/2 20:10,13.2,44.2,timer,3570
23619,Rpi__1,Sensor__4,2025/1/2 20:15,13.2,44.2,timer,3570
23623,Rpi__1,Sensor__4,2025/1/2 20:20,13.2,44.2,timer,3570
23627,Rpi__1,Sensor__4,2025/1/2 20:25,13.2,44.2,timer,3570
23631,Rpi__1,Sensor__4,2025/1/2 20:30,13.2,44.2,timer,3570
23635,Rpi__1,Sensor__4,2025/1/2 20:35,13.2,44.3,timer,3570
23639,Rpi__1,Sensor__4,2025/1/2 20:40,13.2,44.3,timer,3570
23643,Rpi__1,Sensor__4,2025/1/2 20:45,13.2,44.2,timer,3570
23647,Rpi__1,Sensor__4,2025/1/2 20:50,13.2,44.3,timer,3570
23651,Rpi__1,Sensor__4,2025/1/2 20:55,13.2,44.3,timer,3570
23655,Rpi__1,Sensor__4,2025/1/2 21:00,13.1,44.3,timer,3570
23659,Rpi__1,Sensor__4,2025/1/2 21:05,13.1,44.3,timer,3570
23663,Rpi__1,Sensor__4,2025/1/2 21:10,13.1,44.3,timer,3570
23667,Rpi__1,Sensor__4,2025/1/2 21:15,13.1,44.3,timer,3570
23671,Rpi__1,Sensor__4,2025/1/2 21:20,13.1,44.4,timer,3570
23675,Rpi__1,Sensor__4,2025/1/2 21:25,13.1,44.5,timer,3570
23679,Rpi__1,Sensor__4,2025/1/2 21:30,13.1,44.4,timer,3570
23683,Rpi__1,Sensor__4,2025/1/2 21:35,13.1,44.5,timer,3570
23687,Rpi__1,Sensor__4,2025/1/2 21:40,13.1,44.5,timer,3570
23691,Rpi__1,Sensor__4,2025/1/2 21:45,13.1,44.5,timer,3570
23695,Rpi__1,Sensor__4,2025/1/2 21:50,13.1,44.6,timer,3570
23699,Rpi__1,Sensor__4,2025/1/2 21:55,13.1,44.5,timer,3570
23703,Rpi__1,Sensor__4,2025/1/2 22:00,13.1,44.5,timer,3570
23707,Rpi__1,Sensor__4,2025/1/2 22:05,13.1,44.6,timer,3570
23711,Rpi__1,Sensor__4,2025/1/2 22:10,13.1,44.5,timer,3570
23715,Rpi__1,Sensor__4,2025/1/2 22:15,13.1,44.6,timer,3570
23719,Rpi__1,Sensor__4,2025/1/2 22:20,13.1,44.6,timer,3570
23723,Rpi__1,Sensor__4,2025/1/2 22:25,13.1,44.6,timer,3570
23727,Rpi__1,Sensor__4,2025/1/2 22:30,13.1,44.6,timer,3570
23731,Rpi__1,Sensor__4,2025/1/2 22:35,13.1,44.6,timer,3570
23735,Rpi__1,Sensor__4,2025/1/2 22:40,13.1,44.6,timer,3570
23739,Rpi__1,Sensor__4,2025/1/2 22:45,13.1,44.6,timer,3570
23743,Rpi__1,Sensor__4,2025/1/2 22:50,13.1,44.6,timer,3570
23747,Rpi__1,Sensor__4,2025/1/2 22:55,13.1,44.6,timer,3570
23751,Rpi__1,Sensor__4,2025/1/2 23:00,13.1,44.6,timer,3570
23755,Rpi__1,Sensor__4,2025/1/2 23:05,13,44.7,timer,3570
23759,Rpi__1,Sensor__4,2025/1/2 23:10,13,44.8,timer,3570
23763,Rpi__1,Sensor__4,2025/1/2 23:15,13,44.8,timer,3570
23767,Rpi__1,Sensor__4,2025/1/2 23:20,13.1,44.7,timer,3570
23771,Rpi__1,Sensor__4,2025/1/2 23:25,13,44.8,timer,3570
23775,Rpi__1,Sensor__4,2025/1/2 23:30,13,44.8,timer,3570
23779,Rpi__1,Sensor__4,2025/1/2 23:35,13,44.7,timer,3570
23783,Rpi__1,Sensor__4,2025/1/2 23:40,13,44.8,timer,3570
23787,Rpi__1,Sensor__4,2025/1/2 23:45,13,44.8,timer,3570
23791,Rpi__1,Sensor__4,2025/1/2 23:50,13,44.8,timer,3570
23795,Rpi__1,Sensor__4,2025/1/2 23:55,13,44.9,timer,3570
23799,Rpi__1,Sensor__4,2025/1/3 0:00,13,44.8,timer,3570
23803,Rpi__1,Sensor__4,2025/1/3 0:05,13,44.9,timer,3570
23807,Rpi__1,Sensor__4,2025/1/3 0:10,13,44.9,timer,3570
23811,Rpi__1,Sensor__4,2025/1/3 0:15,13,44.9,timer,3570
23815,Rpi__1,Sensor__4,2025/1/3 0:20,13,44.9,timer,3570
23819,Rpi__1,Sensor__4,2025/1/3 0:25,13,44.9,timer,3570
23823,Rpi__1,Sensor__4,2025/1/3 0:30,13,44.9,timer,43170
23827,Rpi__1,Sensor__4,2025/1/3 0:35,13,45,timer,43170
23831,Rpi__1,Sensor__4,2025/1/3 0:40,13,45,timer,43170
23835,Rpi__1,Sensor__4,2025/1/3 0:45,13,45,timer,43170
23839,Rpi__1,Sensor__4,2025/1/3 0:50,12.9,45.1,timer,43170
23843,Rpi__1,Sensor__4,2025/1/3 0:55,12.9,45,timer,43170
23847,Rpi__1,Sensor__4,2025/1/3 1:00,12.9,45.1,timer,43170
23851,Rpi__1,Sensor__4,2025/1/3 1:05,12.9,45.2,timer,43170
23855,Rpi__1,Sensor__4,2025/1/3 1:10,12.9,45.2,timer,43170
23859,Rpi__1,Sensor__4,2025/1/3 1:15,12.9,45.2,timer,43170
23863,Rpi__1,Sensor__4,2025/1/3 1:20,12.9,45.1,timer,43170
23867,Rpi__1,Sensor__4,2025/1/3 1:25,12.9,45.1,timer,43170
23871,Rpi__1,Sensor__4,2025/1/3 1:30,12.9,45.2,timer,3570
23875,Rpi__1,Sensor__4,2025/1/3 1:35,12.9,45.3,timer,3570
23879,Rpi__1,Sensor__4,2025/1/3 1:40,12.9,45.2,timer,3570
23883,Rpi__1,Sensor__4,2025/1/3 1:45,12.9,45.2,timer,3570
23887,Rpi__1,Sensor__4,2025/1/3 1:50,12.9,45.2,timer,3570
23891,Rpi__1,Sensor__4,2025/1/3 1:55,12.9,45.2,timer,3570
23895,Rpi__1,Sensor__4,2025/1/3 2:00,12.9,45.2,timer,3570
23899,Rpi__1,Sensor__4,2025/1/3 2:05,12.9,45.2,timer,3570
23903,Rpi__1,Sensor__4,2025/1/3 2:10,12.9,45.2,timer,3570
23907,Rpi__1,Sensor__4,2025/1/3 2:15,12.9,45.2,timer,3570
23911,Rpi__1,Sensor__4,2025/1/3 2:20,12.9,45.2,timer,3570
23915,Rpi__1,Sensor__4,2025/1/3 2:25,12.9,45.2,timer,3570
23919,Rpi__1,Sensor__4,2025/1/3 2:30,12.9,45.3,timer,3570
23923,Rpi__1,Sensor__4,2025/1/3 2:35,12.9,45.2,timer,3570
23927,Rpi__1,Sensor__4,2025/1/3 2:40,12.9,45.2,timer,3570
23931,Rpi__1,Sensor__4,2025/1/3 2:45,12.8,45.2,timer,3570
23935,Rpi__1,Sensor__4,2025/1/3 2:50,12.8,45.2,timer,3570
23939,Rpi__1,Sensor__4,2025/1/3 2:55,12.9,45.2,timer,3570
23943,Rpi__1,Sensor__4,2025/1/3 3:00,12.8,45.2,timer,3570
23947,Rpi__1,Sensor__4,2025/1/3 3:05,12.8,45.2,timer,3570
23951,Rpi__1,Sensor__4,2025/1/3 3:10,12.8,45.1,timer,3570
23955,Rpi__1,Sensor__4,2025/1/3 3:15,12.8,45.2,timer,3570
23959,Rpi__1,Sensor__4,2025/1/3 3:20,12.8,45.2,timer,3570
23963,Rpi__1,Sensor__4,2025/1/3 3:25,12.8,45.2,timer,3570
23967,Rpi__1,Sensor__4,2025/1/3 3:30,12.8,45.2,timer,3570
23971,Rpi__1,Sensor__4,2025/1/3 3:35,12.8,45.1,timer,3570
23975,Rpi__1,Sensor__4,2025/1/3 3:40,12.8,45.2,timer,3570
23979,Rpi__1,Sensor__4,2025/1/3 3:45,12.8,45.2,timer,3570
23983,Rpi__1,Sensor__4,2025/1/3 3:50,12.8,45.2,timer,3570
23987,Rpi__1,Sensor__4,2025/1/3 3:55,12.8,45.2,timer,3570
23991,Rpi__1,Sensor__4,2025/1/3 4:00,12.8,45.3,timer,3570
23995,Rpi__1,Sensor__4,2025/1/3 4:05,12.8,45.2,timer,3570
23999,Rpi__1,Sensor__4,2025/1/3 4:10,12.8,45.2,timer,3570
24003,Rpi__1,Sensor__4,2025/1/3 4:15,12.8,45.2,timer,3570
24007,Rpi__1,Sensor__4,2025/1/3 4:20,12.8,45.2,timer,3570
24011,Rpi__1,Sensor__4,2025/1/3 4:25,12.8,45.2,timer,3570
24015,Rpi__1,Sensor__4,2025/1/3 4:30,12.8,45.2,timer,3570
24019,Rpi__1,Sensor__4,2025/1/3 4:35,12.8,45.4,timer,3570
24023,Rpi__1,Sensor__4,2025/1/3 4:40,12.8,45.3,timer,3570
24027,Rpi__1,Sensor__4,2025/1/3 4:45,12.8,45.4,timer,3570
24031,Rpi__1,Sensor__4,2025/1/3 4:50,12.8,45.3,timer,3570
24035,Rpi__1,Sensor__4,2025/1/3 4:55,12.8,45.4,timer,3570
24039,Rpi__1,Sensor__4,2025/1/3 5:00,12.8,45.4,timer,3570
24043,Rpi__1,Sensor__4,2025/1/3 5:05,12.8,45.3,timer,3570
24047,Rpi__1,Sensor__4,2025/1/3 5:10,12.8,45.3,timer,3570
24051,Rpi__1,Sensor__4,2025/1/3 5:15,12.8,45.4,timer,3570
24055,Rpi__1,Sensor__4,2025/1/3 5:20,12.8,45.3,timer,3570
24059,Rpi__1,Sensor__4,2025/1/3 5:30,12.8,45.3,timer,3570
24063,Rpi__1,Sensor__4,2025/1/3 5:35,12.7,45.3,timer,3570
24067,Rpi__1,Sensor__4,2025/1/3 5:40,12.7,45.3,timer,3570
24071,Rpi__1,Sensor__4,2025/1/3 5:45,12.7,45.3,timer,3570
24075,Rpi__1,Sensor__4,2025/1/3 5:50,12.7,45.3,timer,3570
24079,Rpi__1,Sensor__4,2025/1/3 5:55,12.7,45.2,timer,3570
24083,Rpi__1,Sensor__4,2025/1/3 6:00,12.7,45.2,timer,3570
24087,Rpi__1,Sensor__4,2025/1/3 6:05,12.7,45.4,timer,3570
24091,Rpi__1,Sensor__4,2025/1/3 6:10,12.7,45.3,timer,3570
24095,Rpi__1,Sensor__4,2025/1/3 6:15,12.7,45.4,timer,3570
24099,Rpi__1,Sensor__4,2025/1/3 6:20,12.7,45.4,timer,3570
24103,Rpi__1,Sensor__4,2025/1/3 6:25,12.7,45.3,timer,3570
24107,Rpi__1,Sensor__4,2025/1/3 6:30,12.7,45.4,timer,3570
24111,Rpi__1,Sensor__4,2025/1/3 6:35,12.7,45.4,timer,3570
24115,Rpi__1,Sensor__4,2025/1/3 6:40,12.7,45.3,timer,3570
24119,Rpi__1,Sensor__4,2025/1/3 6:45,12.7,45.3,timer,3570
24123,Rpi__1,Sensor__4,2025/1/3 6:50,12.7,45.3,timer,3570
24127,Rpi__1,Sensor__4,2025/1/3 6:55,12.7,45.4,timer,3570
24131,Rpi__1,Sensor__4,2025/1/3 7:00,12.7,45.3,timer,3570
24135,Rpi__1,Sensor__4,2025/1/3 7:05,12.7,45.3,timer,3570
24139,Rpi__1,Sensor__4,2025/1/3 7:10,12.7,45.3,timer,3570
24143,Rpi__1,Sensor__4,2025/1/3 7:15,12.7,45.4,timer,3570
24147,Rpi__1,Sensor__4,2025/1/3 7:20,12.7,45.4,timer,3570
24151,Rpi__1,Sensor__4,2025/1/3 7:25,12.7,45.4,timer,3570
24155,Rpi__1,Sensor__4,2025/1/3 7:30,12.7,45.4,timer,3570
24159,Rpi__1,Sensor__4,2025/1/3 7:35,12.7,45.4,timer,3570
24163,Rpi__1,Sensor__4,2025/1/3 7:40,12.7,45.4,timer,3570
24167,Rpi__1,Sensor__4,2025/1/3 7:45,12.7,45.5,timer,3570
24171,Rpi__1,Sensor__4,2025/1/3 7:50,12.7,45.5,timer,3570
24175,Rpi__1,Sensor__4,2025/1/3 7:55,12.7,45.4,timer,3570
24179,Rpi__1,Sensor__4,2025/1/3 8:00,12.7,45.4,timer,3570
24183,Rpi__1,Sensor__4,2025/1/3 8:05,12.7,45.5,timer,3570
24187,Rpi__1,Sensor__4,2025/1/3 8:10,12.7,45.5,timer,3570
24191,Rpi__1,Sensor__4,2025/1/3 8:15,12.7,45.5,timer,3570
24195,Rpi__1,Sensor__4,2025/1/3 8:20,12.7,45.5,timer,3570
24199,Rpi__1,Sensor__4,2025/1/3 8:25,12.7,45.4,timer,3570
24203,Rpi__1,Sensor__4,2025/1/3 8:30,12.7,45.4,timer,3570
24207,Rpi__1,Sensor__4,2025/1/3 8:35,12.7,45.4,timer,3570
24211,Rpi__1,Sensor__4,2025/1/3 8:40,12.7,45.3,timer,3570
24215,Rpi__1,Sensor__4,2025/1/3 8:45,12.7,45.3,timer,3570
24219,Rpi__1,Sensor__4,2025/1/3 8:50,12.8,45.3,timer,3570
24223,Rpi__1,Sensor__4,2025/1/3 8:55,12.7,45.3,timer,3570
24227,Rpi__1,Sensor__4,2025/1/3 9:00,12.8,45.3,timer,3570
24231,Rpi__1,Sensor__4,2025/1/3 9:05,12.8,45.3,timer,3570
24235,Rpi__1,Sensor__4,2025/1/3 9:10,12.8,45.2,timer,3570
24239,Rpi__1,Sensor__4,2025/1/3 9:15,12.8,45.2,timer,3570
24243,Rpi__1,Sensor__4,2025/1/3 9:20,12.8,45.2,timer,3570
24247,Rpi__1,Sensor__4,2025/1/3 9:25,12.8,45.1,timer,3570
24251,Rpi__1,Sensor__4,2025/1/3 9:30,12.8,45.1,timer,3570
24255,Rpi__1,Sensor__4,2025/1/3 9:35,12.8,45.1,timer,3570
24259,Rpi__1,Sensor__4,2025/1/3 9:40,12.8,45.1,timer,3570
24263,Rpi__1,Sensor__4,2025/1/3 9:45,12.8,45.1,timer,3570
24267,Rpi__1,Sensor__4,2025/1/3 9:50,12.8,45,timer,3570
24271,Rpi__1,Sensor__4,2025/1/3 9:55,12.8,45,timer,3570
24275,Rpi__1,Sensor__4,2025/1/3 10:00,12.8,44.9,timer,3570
24279,Rpi__1,Sensor__4,2025/1/3 10:05,12.8,44.9,timer,3570
24283,Rpi__1,Sensor__4,2025/1/3 10:10,12.8,44.9,timer,3570
24287,Rpi__1,Sensor__4,2025/1/3 10:15,12.8,44.9,timer,3570
24291,Rpi__1,Sensor__4,2025/1/3 10:20,12.8,44.8,timer,3570
24295,Rpi__1,Sensor__4,2025/1/3 10:25,12.8,44.8,timer,3570
24299,Rpi__1,Sensor__4,2025/1/3 10:30,12.8,44.8,timer,3570
24303,Rpi__1,Sensor__4,2025/1/3 10:35,12.8,44.8,timer,3570
24307,Rpi__1,Sensor__4,2025/1/3 10:40,12.8,44.8,timer,3570
24311,Rpi__1,Sensor__4,2025/1/3 10:45,12.8,44.8,timer,3570
24315,Rpi__1,Sensor__4,2025/1/3 10:50,12.8,44.7,timer,3570
24319,Rpi__1,Sensor__4,2025/1/3 10:55,12.8,44.7,timer,3570
24323,Rpi__1,Sensor__4,2025/1/3 11:00,12.8,44.7,timer,3570
24327,Rpi__1,Sensor__4,2025/1/3 11:05,12.8,44.6,timer,3570
24331,Rpi__1,Sensor__4,2025/1/3 11:10,12.8,44.6,timer,3570
24335,Rpi__1,Sensor__4,2025/1/3 11:15,12.8,44.6,timer,3570
24339,Rpi__1,Sensor__4,2025/1/3 11:20,12.8,44.5,timer,3570
24343,Rpi__1,Sensor__4,2025/1/3 11:25,12.8,44.5,timer,3570
24347,Rpi__1,Sensor__4,2025/1/3 11:30,12.8,44.5,timer,3570
24351,Rpi__1,Sensor__4,2025/1/3 11:35,12.8,44.5,timer,3570
24355,Rpi__1,Sensor__4,2025/1/3 11:40,12.8,44.5,timer,3570
24359,Rpi__1,Sensor__4,2025/1/3 11:45,12.8,44.4,timer,3570
24363,Rpi__1,Sensor__4,2025/1/3 11:50,12.8,44.3,timer,3570
24367,Rpi__1,Sensor__4,2025/1/3 11:55,12.8,44.3,timer,3570
24371,Rpi__1,Sensor__4,2025/1/3 12:00,12.8,44.3,timer,3570
24375,Rpi__1,Sensor__4,2025/1/3 12:05,12.8,44.3,timer,3570
24379,Rpi__1,Sensor__4,2025/1/3 12:10,12.8,44.2,timer,3570
24383,Rpi__1,Sensor__4,2025/1/3 12:15,12.8,44.2,timer,3570
24387,Rpi__1,Sensor__4,2025/1/3 12:20,12.8,44.2,timer,3570
24391,Rpi__1,Sensor__4,2025/1/3 12:25,12.8,44.2,timer,3570
24395,Rpi__1,Sensor__4,2025/1/3 12:30,12.8,44.2,timer,43170
24399,Rpi__1,Sensor__4,2025/1/3 12:35,12.8,44.2,timer,43170
24403,Rpi__1,Sensor__4,2025/1/3 12:40,12.8,44.1,timer,43170
24407,Rpi__1,Sensor__4,2025/1/3 12:45,12.8,44.1,timer,43170
24411,Rpi__1,Sensor__4,2025/1/3 12:50,12.8,44,timer,43170
24415,Rpi__1,Sensor__4,2025/1/3 12:55,12.8,44,timer,43170
24419,Rpi__1,Sensor__4,2025/1/3 13:00,12.8,43.9,timer,43170
24423,Rpi__1,Sensor__4,2025/1/3 13:05,12.8,43.9,timer,43170
24427,Rpi__1,Sensor__4,2025/1/3 13:10,12.8,43.9,timer,43170
24431,Rpi__1,Sensor__4,2025/1/3 13:15,12.8,43.9,timer,43170
24435,Rpi__1,Sensor__4,2025/1/3 13:20,12.8,43.9,timer,43170
24439,Rpi__1,Sensor__4,2025/1/3 13:25,12.8,43.8,timer,43170
24443,Rpi__1,Sensor__4,2025/1/3 13:30,12.8,43.8,timer,43170
24447,Rpi__1,Sensor__4,2025/1/3 13:35,12.8,43.9,timer,3570
24451,Rpi__1,Sensor__4,2025/1/3 13:40,12.8,43.8,timer,3570
24455,Rpi__1,Sensor__4,2025/1/3 13:45,12.8,43.8,timer,3570
24459,Rpi__1,Sensor__4,2025/1/3 13:50,12.8,43.8,timer,3570
24463,Rpi__1,Sensor__4,2025/1/3 13:55,12.8,43.7,timer,3570
24467,Rpi__1,Sensor__4,2025/1/3 14:00,12.8,43.7,timer,3570
24471,Rpi__1,Sensor__4,2025/1/3 14:05,12.8,43.7,timer,3570
24475,Rpi__1,Sensor__4,2025/1/3 14:10,12.8,43.7,timer,3570
24479,Rpi__1,Sensor__4,2025/1/3 14:15,12.8,43.6,timer,3570
24483,Rpi__1,Sensor__4,2025/1/3 14:20,12.8,43.6,timer,3570
24487,Rpi__1,Sensor__4,2025/1/3 14:25,12.8,43.5,timer,3570
24491,Rpi__1,Sensor__4,2025/1/3 14:30,12.8,43.5,timer,3570
24495,Rpi__1,Sensor__4,2025/1/3 14:35,12.8,43.6,timer,3570
24499,Rpi__1,Sensor__4,2025/1/3 14:40,12.8,43.6,timer,3570
24503,Rpi__1,Sensor__4,2025/1/3 14:45,12.8,43.5,timer,3570
24507,Rpi__1,Sensor__4,2025/1/3 14:50,12.8,43.5,timer,3570
24511,Rpi__1,Sensor__4,2025/1/3 14:55,12.8,43.4,timer,3570
24515,Rpi__1,Sensor__4,2025/1/3 15:00,12.8,43.5,timer,3570
24519,Rpi__1,Sensor__4,2025/1/3 15:05,12.8,43.5,timer,3570
24523,Rpi__1,Sensor__4,2025/1/3 15:10,12.8,43.5,timer,3570
24527,Rpi__1,Sensor__4,2025/1/3 15:15,12.7,43.4,timer,3570
24531,Rpi__1,Sensor__4,2025/1/3 15:20,12.7,43.4,timer,3570
24535,Rpi__1,Sensor__4,2025/1/3 15:25,12.7,43.4,timer,3570
24539,Rpi__1,Sensor__4,2025/1/3 15:30,12.7,43.4,timer,3570
24543,Rpi__1,Sensor__4,2025/1/3 15:35,12.7,43.4,timer,3570
24547,Rpi__1,Sensor__4,2025/1/3 15:40,12.7,43.3,timer,3570
24551,Rpi__1,Sensor__4,2025/1/3 15:45,12.7,43.3,timer,3570
24555,Rpi__1,Sensor__4,2025/1/3 15:50,12.7,43.3,timer,3570
24559,Rpi__1,Sensor__4,2025/1/3 15:55,12.8,43.3,timer,3570
24563,Rpi__1,Sensor__4,2025/1/3 16:00,12.8,43.3,timer,3570
24567,Rpi__1,Sensor__4,2025/1/3 16:05,12.7,43.3,timer,3570
24571,Rpi__1,Sensor__4,2025/1/3 16:10,12.7,43.3,timer,3570
24575,Rpi__1,Sensor__4,2025/1/3 16:15,12.7,43.2,timer,3570
24579,Rpi__1,Sensor__4,2025/1/3 16:20,12.7,43.2,timer,3570
24583,Rpi__1,Sensor__4,2025/1/3 16:25,12.7,43.2,timer,3570
24587,Rpi__1,Sensor__4,2025/1/3 16:30,12.7,43.2,timer,3570
24591,Rpi__1,Sensor__4,2025/1/3 16:35,12.7,43.2,timer,3570
24595,Rpi__1,Sensor__4,2025/1/3 16:40,12.7,43.2,timer,3570
24599,Rpi__1,Sensor__4,2025/1/3 16:45,12.7,43.1,timer,3570
24603,Rpi__1,Sensor__4,2025/1/3 16:50,12.7,43.2,timer,3570
24607,Rpi__1,Sensor__4,2025/1/3 16:55,12.7,43.2,timer,3570
24611,Rpi__1,Sensor__4,2025/1/3 17:00,12.7,43.2,timer,3570
24615,Rpi__1,Sensor__4,2025/1/3 17:05,12.7,43.2,timer,3570
24619,Rpi__1,Sensor__4,2025/1/3 17:10,12.7,43.2,timer,3570
24623,Rpi__1,Sensor__4,2025/1/3 17:15,12.7,43.2,timer,3570
24627,Rpi__1,Sensor__4,2025/1/3 17:20,12.7,43.2,timer,3570
24631,Rpi__1,Sensor__4,2025/1/3 17:25,12.7,43.2,timer,3570
24635,Rpi__1,Sensor__4,2025/1/3 17:30,12.7,43.2,timer,3570
24639,Rpi__1,Sensor__4,2025/1/3 17:35,12.6,43.2,timer,3570
24643,Rpi__1,Sensor__4,2025/1/3 17:40,12.6,43.2,timer,3570
24647,Rpi__1,Sensor__4,2025/1/3 17:45,12.6,43.1,timer,3570
24651,Rpi__1,Sensor__4,2025/1/3 17:50,12.6,43.1,timer,3570
24655,Rpi__1,Sensor__4,2025/1/3 17:55,12.6,43.1,timer,3570
24659,Rpi__1,Sensor__4,2025/1/3 18:00,12.6,43.1,timer,3570
24663,Rpi__1,Sensor__4,2025/1/3 18:05,12.6,43,timer,3570
24667,Rpi__1,Sensor__4,2025/1/3 18:10,12.6,43.1,timer,3570
24671,Rpi__1,Sensor__4,2025/1/3 18:15,12.6,43,timer,3570
24675,Rpi__1,Sensor__4,2025/1/3 18:20,12.6,43.1,timer,3570
24679,Rpi__1,Sensor__4,2025/1/3 18:25,12.6,43,timer,3570
24683,Rpi__1,Sensor__4,2025/1/3 18:30,12.6,43,timer,3570
24687,Rpi__1,Sensor__4,2025/1/3 18:35,12.6,43.1,timer,3570
24691,Rpi__1,Sensor__4,2025/1/3 18:40,12.6,43.1,timer,3570
24695,Rpi__1,Sensor__4,2025/1/3 18:45,12.6,43,timer,3570
24699,Rpi__1,Sensor__4,2025/1/3 18:50,12.6,43,timer,3570
24703,Rpi__1,Sensor__4,2025/1/3 18:55,12.6,43,timer,3570
24707,Rpi__1,Sensor__4,2025/1/3 19:00,12.6,42.9,timer,3570
24711,Rpi__1,Sensor__4,2025/1/3 19:05,12.6,42.9,timer,3570
24715,Rpi__1,Sensor__4,2025/1/3 19:10,12.6,42.9,timer,3570
24719,Rpi__1,Sensor__4,2025/1/3 19:15,12.6,42.9,timer,3570
24723,Rpi__1,Sensor__4,2025/1/3 19:20,12.5,42.8,timer,3570
24727,Rpi__1,Sensor__4,2025/1/3 19:25,12.6,42.9,timer,3570
24731,Rpi__1,Sensor__4,2025/1/3 19:30,12.6,42.8,timer,3570
24735,Rpi__1,Sensor__4,2025/1/3 19:35,12.5,42.8,timer,3570
24739,Rpi__1,Sensor__4,2025/1/3 19:40,12.5,42.9,timer,3570
24743,Rpi__1,Sensor__4,2025/1/3 19:45,12.5,42.7,timer,3570
24747,Rpi__1,Sensor__4,2025/1/3 19:50,12.5,42.8,timer,3570
24751,Rpi__1,Sensor__4,2025/1/3 19:55,12.5,42.7,timer,3570
24755,Rpi__1,Sensor__4,2025/1/3 20:00,12.5,42.7,timer,3570
24759,Rpi__1,Sensor__4,2025/1/3 20:05,12.5,42.7,timer,3570
24763,Rpi__1,Sensor__4,2025/1/3 20:10,12.5,42.6,timer,3570
24767,Rpi__1,Sensor__4,2025/1/3 20:15,12.5,42.6,timer,3570
24771,Rpi__1,Sensor__4,2025/1/3 20:20,12.5,42.6,timer,3570
24775,Rpi__1,Sensor__4,2025/1/3 20:25,12.5,42.5,timer,3570
24779,Rpi__1,Sensor__4,2025/1/3 20:30,12.5,42.6,timer,3570
24783,Rpi__1,Sensor__4,2025/1/3 20:35,12.5,42.6,timer,3570
24787,Rpi__1,Sensor__4,2025/1/3 20:40,12.5,42.5,timer,3570
24791,Rpi__1,Sensor__4,2025/1/3 20:45,12.5,42.5,timer,3570
24795,Rpi__1,Sensor__4,2025/1/3 20:50,12.5,42.5,timer,3570
24799,Rpi__1,Sensor__4,2025/1/3 20:55,12.5,42.5,timer,3570
24803,Rpi__1,Sensor__4,2025/1/3 21:00,12.5,42.4,timer,3570
24807,Rpi__1,Sensor__4,2025/1/3 21:05,12.5,42.4,timer,3570
24811,Rpi__1,Sensor__4,2025/1/3 21:10,12.5,42.4,timer,3570
24815,Rpi__1,Sensor__4,2025/1/3 21:15,12.5,42.3,timer,3570
24819,Rpi__1,Sensor__4,2025/1/3 21:20,12.5,42.3,timer,3570
24823,Rpi__1,Sensor__4,2025/1/3 21:25,12.5,42.3,timer,3570
24827,Rpi__1,Sensor__4,2025/1/3 21:30,12.5,42.3,timer,3570
24831,Rpi__1,Sensor__4,2025/1/3 21:35,12.5,42.3,timer,3570
24835,Rpi__1,Sensor__4,2025/1/3 21:40,12.5,42.3,timer,3570
24839,Rpi__1,Sensor__4,2025/1/3 21:45,12.5,42.3,timer,3570
24843,Rpi__1,Sensor__4,2025/1/3 21:50,12.4,42.2,timer,3570
24847,Rpi__1,Sensor__4,2025/1/3 21:55,12.4,42.2,timer,3570
24851,Rpi__1,Sensor__4,2025/1/3 22:00,12.5,42.3,timer,3570
24855,Rpi__1,Sensor__4,2025/1/3 22:05,12.4,42.2,timer,3570
24859,Rpi__1,Sensor__4,2025/1/3 22:10,12.4,42.3,timer,3570
24863,Rpi__1,Sensor__4,2025/1/3 22:15,12.4,42.1,timer,3570
24867,Rpi__1,Sensor__4,2025/1/3 22:20,12.4,42.1,timer,3570
24871,Rpi__1,Sensor__4,2025/1/3 22:25,12.4,42.1,timer,3570
24875,Rpi__1,Sensor__4,2025/1/3 22:30,12.4,42.1,timer,3570
24879,Rpi__1,Sensor__4,2025/1/3 22:35,12.4,42.1,timer,3570
24883,Rpi__1,Sensor__4,2025/1/3 22:40,12.4,42.1,timer,3570
24887,Rpi__1,Sensor__4,2025/1/3 22:45,12.4,42,timer,3570
24891,Rpi__1,Sensor__4,2025/1/3 22:50,12.4,42.1,timer,3570
24895,Rpi__1,Sensor__4,2025/1/3 22:55,12.4,42,timer,3570
24899,Rpi__1,Sensor__4,2025/1/3 23:00,12.4,41.9,timer,3570
24903,Rpi__1,Sensor__4,2025/1/3 23:05,12.4,41.8,timer,3570
24907,Rpi__1,Sensor__4,2025/1/3 23:10,12.4,41.8,timer,3570
24911,Rpi__1,Sensor__4,2025/1/3 23:15,12.4,41.7,timer,3570
24915,Rpi__1,Sensor__4,2025/1/3 23:20,12.4,41.8,timer,3570
24919,Rpi__1,Sensor__4,2025/1/3 23:25,12.4,41.7,timer,3570
24923,Rpi__1,Sensor__4,2025/1/3 23:30,12.4,41.7,timer,3570
24927,Rpi__1,Sensor__4,2025/1/3 23:35,12.4,41.8,timer,3570
24931,Rpi__1,Sensor__4,2025/1/3 23:40,12.4,41.7,timer,3570
24935,Rpi__1,Sensor__4,2025/1/3 23:45,12.4,41.6,timer,3570
24939,Rpi__1,Sensor__4,2025/1/3 23:50,12.4,41.6,timer,3570
24943,Rpi__1,Sensor__4,2025/1/3 23:55,12.4,41.6,timer,3570
24947,Rpi__1,Sensor__4,2025/1/4 0:00,12.4,41.5,timer,3570
24951,Rpi__1,Sensor__4,2025/1/4 0:05,12.4,41.5,timer,3570
24955,Rpi__1,Sensor__4,2025/1/4 0:10,12.4,41.5,timer,3570
24959,Rpi__1,Sensor__4,2025/1/4 0:15,12.4,41.4,timer,3570
24963,Rpi__1,Sensor__4,2025/1/4 0:20,12.4,41.5,timer,3570
24967,Rpi__1,Sensor__4,2025/1/4 0:25,12.4,41.4,timer,3570
24971,Rpi__1,Sensor__4,2025/1/4 0:30,12.4,41.4,timer,43170
24975,Rpi__1,Sensor__4,2025/1/4 0:35,12.4,41.3,timer,43170
24979,Rpi__1,Sensor__4,2025/1/4 0:40,12.4,41.3,timer,43170
24983,Rpi__1,Sensor__4,2025/1/4 0:45,12.4,41.2,timer,43170
24987,Rpi__1,Sensor__4,2025/1/4 0:50,12.4,41.2,timer,43170
24991,Rpi__1,Sensor__4,2025/1/4 0:55,12.4,41.1,timer,43170
24995,Rpi__1,Sensor__4,2025/1/4 1:00,12.4,41.2,timer,43170
24999,Rpi__1,Sensor__4,2025/1/4 1:05,12.4,41.1,timer,43170
25003,Rpi__1,Sensor__4,2025/1/4 1:10,12.4,41.1,timer,43170
25007,Rpi__1,Sensor__4,2025/1/4 1:15,12.4,41.1,timer,43170
25011,Rpi__1,Sensor__4,2025/1/4 1:20,12.4,41,timer,43170
25015,Rpi__1,Sensor__4,2025/1/4 1:25,12.4,41,timer,43170
25019,Rpi__1,Sensor__4,2025/1/4 1:30,12.4,40.9,timer,3570
25023,Rpi__1,Sensor__4,2025/1/4 1:35,12.4,41,timer,3570
25027,Rpi__1,Sensor__4,2025/1/4 1:40,12.4,41,timer,3570
25031,Rpi__1,Sensor__4,2025/1/4 1:45,12.4,41,timer,3570
25035,Rpi__1,Sensor__4,2025/1/4 1:50,12.3,40.9,timer,3570
25039,Rpi__1,Sensor__4,2025/1/4 1:55,12.3,40.9,timer,3570
25043,Rpi__1,Sensor__4,2025/1/4 2:00,12.4,41,timer,3570
25047,Rpi__1,Sensor__4,2025/1/4 2:05,12.3,41,timer,3570
25051,Rpi__1,Sensor__4,2025/1/4 2:10,12.4,40.9,timer,3570
25055,Rpi__1,Sensor__4,2025/1/4 2:15,12.3,41,timer,3570
25059,Rpi__1,Sensor__4,2025/1/4 2:20,12.3,41,timer,3570
25063,Rpi__1,Sensor__4,2025/1/4 2:25,12.3,41,timer,3570
25067,Rpi__1,Sensor__4,2025/1/4 2:30,12.3,40.9,timer,3570
25071,Rpi__1,Sensor__4,2025/1/4 2:35,12.3,41,timer,3570
25075,Rpi__1,Sensor__4,2025/1/4 2:40,12.3,40.9,timer,3570
25079,Rpi__1,Sensor__4,2025/1/4 2:45,12.3,40.9,timer,3570
25083,Rpi__1,Sensor__4,2025/1/4 2:50,12.3,40.9,timer,3570
25087,Rpi__1,Sensor__4,2025/1/4 2:55,12.3,41,timer,3570
25091,Rpi__1,Sensor__4,2025/1/4 3:00,12.3,40.9,timer,3570
25095,Rpi__1,Sensor__4,2025/1/4 3:05,12.3,40.9,timer,3570
25099,Rpi__1,Sensor__4,2025/1/4 3:10,12.3,40.9,timer,3570
25103,Rpi__1,Sensor__4,2025/1/4 3:15,12.3,40.8,timer,3570
25107,Rpi__1,Sensor__4,2025/1/4 3:20,12.2,40.8,timer,3570
25111,Rpi__1,Sensor__4,2025/1/4 3:25,12.2,40.9,timer,3570
25115,Rpi__1,Sensor__4,2025/1/4 3:30,12.2,40.9,timer,3570
25119,Rpi__1,Sensor__4,2025/1/4 3:35,12.2,41,timer,3570
25123,Rpi__1,Sensor__4,2025/1/4 3:40,12.2,41,timer,3570
25127,Rpi__1,Sensor__4,2025/1/4 3:45,12.2,41,timer,3570
25131,Rpi__1,Sensor__4,2025/1/4 3:50,12.2,41.2,timer,3570
25135,Rpi__1,Sensor__4,2025/1/4 3:55,12.2,41.2,timer,3570
25139,Rpi__1,Sensor__4,2025/1/4 4:00,12.2,41.2,timer,3570
25143,Rpi__1,Sensor__4,2025/1/4 4:05,12.2,41.2,timer,3570
25147,Rpi__1,Sensor__4,2025/1/4 4:10,12.2,41.1,timer,3570
25151,Rpi__1,Sensor__4,2025/1/4 4:15,12.2,41.1,timer,3570
25155,Rpi__1,Sensor__4,2025/1/4 4:20,12.2,41.1,timer,3570
25159,Rpi__1,Sensor__4,2025/1/4 4:25,12.2,41.1,timer,3570
25163,Rpi__1,Sensor__4,2025/1/4 4:30,12.2,41.1,timer,3570
25167,Rpi__1,Sensor__4,2025/1/4 4:40,12.1,41.3,timer,3570
25171,Rpi__1,Sensor__4,2025/1/4 4:45,12.1,41.2,timer,3570
25175,Rpi__1,Sensor__4,2025/1/4 4:50,12.1,41.2,timer,3570
25179,Rpi__1,Sensor__4,2025/1/4 4:55,12.1,41.1,timer,3570
25183,Rpi__1,Sensor__4,2025/1/4 5:00,12.1,41,timer,3570
25187,Rpi__1,Sensor__4,2025/1/4 5:05,12.1,40.9,timer,3570
25191,Rpi__1,Sensor__4,2025/1/4 5:10,12.1,40.9,timer,3570
25195,Rpi__1,Sensor__4,2025/1/4 5:15,12.1,41,timer,3570
25199,Rpi__1,Sensor__4,2025/1/4 5:20,12.1,41,timer,3570
25203,Rpi__1,Sensor__4,2025/1/4 5:25,12.1,41.1,timer,3570
25207,Rpi__1,Sensor__4,2025/1/4 5:30,12.1,41.1,timer,3570
25211,Rpi__1,Sensor__4,2025/1/4 5:35,12.1,41.2,timer,3570
25215,Rpi__1,Sensor__4,2025/1/4 5:40,12.1,41.1,timer,3570
25219,Rpi__1,Sensor__4,2025/1/4 5:45,12,41.1,timer,3570
25223,Rpi__1,Sensor__4,2025/1/4 5:50,12.1,41.1,timer,3570
25227,Rpi__1,Sensor__4,2025/1/4 5:55,12.1,41,timer,3570
25231,Rpi__1,Sensor__4,2025/1/4 6:00,12.1,41,timer,3570
25235,Rpi__1,Sensor__4,2025/1/4 6:05,12,41,timer,3570
25239,Rpi__1,Sensor__4,2025/1/4 6:10,12.1,41,timer,3570
25243,Rpi__1,Sensor__4,2025/1/4 6:15,12.1,40.8,timer,3570
25247,Rpi__1,Sensor__4,2025/1/4 6:20,12,40.8,timer,3570
25251,Rpi__1,Sensor__4,2025/1/4 6:25,12,40.7,timer,3570
25255,Rpi__1,Sensor__4,2025/1/4 6:30,12,40.8,timer,3570
25259,Rpi__1,Sensor__4,2025/1/4 6:35,12,40.9,timer,3570
25263,Rpi__1,Sensor__4,2025/1/4 6:40,12,41.1,timer,3570
25267,Rpi__1,Sensor__4,2025/1/4 6:45,12,41.2,timer,3570
25271,Rpi__1,Sensor__4,2025/1/4 6:50,12,41.1,timer,3570
25275,Rpi__1,Sensor__4,2025/1/4 6:55,12,41.1,timer,3570
25279,Rpi__1,Sensor__4,2025/1/4 7:00,12,41.1,timer,3570
25283,Rpi__1,Sensor__4,2025/1/4 7:05,12,41,timer,3570
25287,Rpi__1,Sensor__4,2025/1/4 7:10,12,41,timer,3570
25291,Rpi__1,Sensor__4,2025/1/4 7:15,12,41,timer,3570
25295,Rpi__1,Sensor__4,2025/1/4 7:20,12,40.9,timer,3570
25299,Rpi__1,Sensor__4,2025/1/4 7:25,12,40.9,timer,3570
25303,Rpi__1,Sensor__4,2025/1/4 7:30,12,40.9,timer,3570
25307,Rpi__1,Sensor__4,2025/1/4 7:35,12,40.7,timer,3570
25311,Rpi__1,Sensor__4,2025/1/4 7:40,12,40.8,timer,3570
25315,Rpi__1,Sensor__4,2025/1/4 7:45,12,40.7,timer,3570
25319,Rpi__1,Sensor__4,2025/1/4 7:50,12,40.7,timer,3570
25323,Rpi__1,Sensor__4,2025/1/4 7:55,12,40.6,timer,3570
25327,Rpi__1,Sensor__4,2025/1/4 8:00,12,40.6,timer,3570
25331,Rpi__1,Sensor__4,2025/1/4 8:05,12,40.5,timer,3570
25335,Rpi__1,Sensor__4,2025/1/4 8:10,12,40.5,timer,3570
25339,Rpi__1,Sensor__4,2025/1/4 8:15,12,40.5,timer,3570
25343,Rpi__1,Sensor__4,2025/1/4 8:20,12,40.5,timer,3570
25347,Rpi__1,Sensor__4,2025/1/4 8:25,12,40.4,timer,3570
25351,Rpi__1,Sensor__4,2025/1/4 8:30,12,40.4,timer,3570
25355,Rpi__1,Sensor__4,2025/1/4 8:35,12,40.4,timer,3570
25359,Rpi__1,Sensor__4,2025/1/4 8:40,12,40.4,timer,3570
25363,Rpi__1,Sensor__4,2025/1/4 8:45,12,40.4,timer,3570
25367,Rpi__1,Sensor__4,2025/1/4 8:50,12,40.4,timer,3570
25371,Rpi__1,Sensor__4,2025/1/4 8:55,12,40.3,timer,3570
25375,Rpi__1,Sensor__4,2025/1/4 9:00,12,40.3,timer,3570
25379,Rpi__1,Sensor__4,2025/1/4 9:05,12,40.2,timer,3570
25383,Rpi__1,Sensor__4,2025/1/4 9:10,12,40.3,timer,3570
25387,Rpi__1,Sensor__4,2025/1/4 9:15,12,40.4,timer,3570
25391,Rpi__1,Sensor__4,2025/1/4 9:20,12,40.4,timer,3570
25395,Rpi__1,Sensor__4,2025/1/4 9:25,12,40.4,timer,3570
25399,Rpi__1,Sensor__4,2025/1/4 9:30,12,40.5,timer,3570
25403,Rpi__1,Sensor__4,2025/1/4 9:35,12,40.5,timer,3570
25407,Rpi__1,Sensor__4,2025/1/4 9:40,12,40.5,timer,3570
25411,Rpi__1,Sensor__4,2025/1/4 9:45,12,40.6,timer,3570
25415,Rpi__1,Sensor__4,2025/1/4 9:50,12,40.6,timer,3570
25419,Rpi__1,Sensor__4,2025/1/4 9:55,12,40.5,timer,3570
25423,Rpi__1,Sensor__4,2025/1/4 10:00,12,40.4,timer,3570
25427,Rpi__1,Sensor__4,2025/1/4 10:05,12,40.4,timer,3570
25431,Rpi__1,Sensor__4,2025/1/4 10:10,12,40.4,timer,3570
25435,Rpi__1,Sensor__4,2025/1/4 10:15,12,40.4,timer,3570
25439,Rpi__1,Sensor__4,2025/1/4 10:20,12,40.3,timer,3570
25443,Rpi__1,Sensor__4,2025/1/4 10:25,12,40.3,timer,3570
25447,Rpi__1,Sensor__4,2025/1/4 10:30,12,40.2,timer,3570
25451,Rpi__1,Sensor__4,2025/1/4 10:35,12,40.2,timer,3570
25455,Rpi__1,Sensor__4,2025/1/4 10:40,12,40.2,timer,3570
25459,Rpi__1,Sensor__4,2025/1/4 10:45,12,40.2,timer,3570
25463,Rpi__1,Sensor__4,2025/1/4 10:50,12,40.1,timer,3570
25467,Rpi__1,Sensor__4,2025/1/4 10:55,12,40.1,timer,3570
25471,Rpi__1,Sensor__4,2025/1/4 11:00,12,40.1,timer,3570
25475,Rpi__1,Sensor__4,2025/1/4 11:05,12,40.1,timer,3570
25479,Rpi__1,Sensor__4,2025/1/4 11:10,12,40.1,timer,3570
25483,Rpi__1,Sensor__4,2025/1/4 11:15,12,40.1,timer,3570
25487,Rpi__1,Sensor__4,2025/1/4 11:20,12,40.1,timer,3570
25491,Rpi__1,Sensor__4,2025/1/4 11:25,12,40,timer,3570
25495,Rpi__1,Sensor__4,2025/1/4 11:30,12,40,timer,3570
25499,Rpi__1,Sensor__4,2025/1/4 11:35,12,40,timer,3570
25503,Rpi__1,Sensor__4,2025/1/4 11:40,12,40,timer,3570
25507,Rpi__1,Sensor__4,2025/1/4 11:45,12,40,timer,3570
25511,Rpi__1,Sensor__4,2025/1/4 11:50,12.1,40,timer,3570
25515,Rpi__1,Sensor__4,2025/1/4 11:55,12,40,timer,3570
25519,Rpi__1,Sensor__4,2025/1/4 12:00,12,39.9,timer,3570
25523,Rpi__1,Sensor__4,2025/1/4 12:05,12,39.9,timer,3570
25527,Rpi__1,Sensor__4,2025/1/4 12:10,12.1,39.9,timer,3570
25531,Rpi__1,Sensor__4,2025/1/4 12:15,12.1,39.9,timer,3570
25535,Rpi__1,Sensor__4,2025/1/4 12:20,12,39.9,timer,3570
25539,Rpi__1,Sensor__4,2025/1/4 12:25,12.1,39.9,timer,3570
25543,Rpi__1,Sensor__4,2025/1/4 12:30,12.1,39.9,timer,43170
25547,Rpi__1,Sensor__4,2025/1/4 12:35,12.1,39.8,timer,43170
25551,Rpi__1,Sensor__4,2025/1/4 12:40,12.1,39.9,timer,43170
25555,Rpi__1,Sensor__4,2025/1/4 12:45,12.1,39.9,timer,43170
25559,Rpi__1,Sensor__4,2025/1/4 12:50,12.1,39.9,timer,43170
25563,Rpi__1,Sensor__4,2025/1/4 12:55,12.1,39.8,timer,43170
25567,Rpi__1,Sensor__4,2025/1/4 13:00,12.1,39.9,timer,43170
25571,Rpi__1,Sensor__4,2025/1/4 13:05,12.1,39.9,timer,43170
25575,Rpi__1,Sensor__4,2025/1/4 13:10,12.1,39.9,timer,43170
25579,Rpi__1,Sensor__4,2025/1/4 13:15,12.1,39.9,timer,43170
25583,Rpi__1,Sensor__4,2025/1/4 13:20,12.1,39.8,timer,43170
25587,Rpi__1,Sensor__4,2025/1/4 13:25,12.1,39.8,timer,43170
25591,Rpi__1,Sensor__4,2025/1/4 13:30,12.1,39.8,timer,43170
25595,Rpi__1,Sensor__4,2025/1/4 13:35,12.1,39.8,timer,3570
25599,Rpi__1,Sensor__4,2025/1/4 13:40,12.1,39.9,timer,3570
25603,Rpi__1,Sensor__4,2025/1/4 13:45,12.1,39.8,timer,3570
25607,Rpi__1,Sensor__4,2025/1/4 13:50,12.1,39.8,timer,3570
25611,Rpi__1,Sensor__4,2025/1/4 13:55,12.1,39.8,timer,3570
25615,Rpi__1,Sensor__4,2025/1/4 14:00,12.1,39.8,timer,3570
25619,Rpi__1,Sensor__4,2025/1/4 14:05,12.1,39.7,timer,3570
25623,Rpi__1,Sensor__4,2025/1/4 14:10,12.1,39.8,timer,3570
25627,Rpi__1,Sensor__4,2025/1/4 14:15,12.1,39.9,timer,3570
25631,Rpi__1,Sensor__4,2025/1/4 14:20,12.1,39.7,timer,3570
25635,Rpi__1,Sensor__4,2025/1/4 14:25,12.1,39.9,timer,3570
25639,Rpi__1,Sensor__4,2025/1/4 14:30,12.1,39.8,timer,3570
25643,Rpi__1,Sensor__4,2025/1/4 14:35,12.2,39.8,timer,3570
25647,Rpi__1,Sensor__4,2025/1/4 14:40,12.1,39.9,timer,3570
25651,Rpi__1,Sensor__4,2025/1/4 14:45,12.1,39.9,timer,3570
25655,Rpi__1,Sensor__4,2025/1/4 14:50,12.1,39.8,timer,3570
25659,Rpi__1,Sensor__4,2025/1/4 14:55,12.1,39.8,timer,3570
25663,Rpi__1,Sensor__4,2025/1/4 15:00,12.1,39.9,timer,3570
25667,Rpi__1,Sensor__4,2025/1/4 15:05,12.1,39.9,timer,3570
25671,Rpi__1,Sensor__4,2025/1/4 15:10,12.1,39.9,timer,3570
25675,Rpi__1,Sensor__4,2025/1/4 15:15,12.1,40,timer,3570
25679,Rpi__1,Sensor__4,2025/1/4 15:20,12.2,40,timer,3570
25683,Rpi__1,Sensor__4,2025/1/4 15:25,12.1,40.1,timer,3570
25687,Rpi__1,Sensor__4,2025/1/4 15:30,12.2,40.1,timer,3570
25691,Rpi__1,Sensor__4,2025/1/4 15:35,12.1,40.2,timer,3570
25695,Rpi__1,Sensor__4,2025/1/4 15:40,12.1,40.2,timer,3570
25699,Rpi__1,Sensor__4,2025/1/4 15:45,12.1,40.3,timer,3570
25703,Rpi__1,Sensor__4,2025/1/4 15:50,12.1,40.2,timer,3570
25707,Rpi__1,Sensor__4,2025/1/4 15:55,12.1,40.3,timer,3570
25711,Rpi__1,Sensor__4,2025/1/4 16:00,12.1,40.4,timer,3570
25715,Rpi__1,Sensor__4,2025/1/4 16:05,12.1,40.4,timer,3570
25719,Rpi__1,Sensor__4,2025/1/4 16:10,12.2,40.4,timer,3570
25723,Rpi__1,Sensor__4,2025/1/4 16:15,12.1,40.6,timer,3570
25727,Rpi__1,Sensor__4,2025/1/4 16:20,12.1,40.6,timer,3570
25731,Rpi__1,Sensor__4,2025/1/4 16:25,12.1,40.6,timer,3570
25735,Rpi__1,Sensor__4,2025/1/4 16:30,12.2,40.7,timer,3570
25739,Rpi__1,Sensor__4,2025/1/4 16:35,12.1,40.8,timer,3570
25743,Rpi__1,Sensor__4,2025/1/4 16:40,12.1,40.8,timer,3570
25747,Rpi__1,Sensor__4,2025/1/4 16:45,12.1,40.9,timer,3570
25751,Rpi__1,Sensor__4,2025/1/4 16:50,12.1,41,timer,3570
25755,Rpi__1,Sensor__4,2025/1/4 16:55,12.1,41,timer,3570
25759,Rpi__1,Sensor__4,2025/1/4 17:00,12.1,41,timer,3570
25763,Rpi__1,Sensor__4,2025/1/4 17:05,12.1,41.1,timer,3570
25767,Rpi__1,Sensor__4,2025/1/4 17:10,12.1,41.2,timer,3570
25771,Rpi__1,Sensor__4,2025/1/4 17:15,12.2,41.2,timer,3570
25775,Rpi__1,Sensor__4,2025/1/4 17:20,12.1,41.3,timer,3570
25779,Rpi__1,Sensor__4,2025/1/4 17:25,12.1,41.3,timer,3570
25783,Rpi__1,Sensor__4,2025/1/4 17:30,12.2,41.3,timer,3570
25787,Rpi__1,Sensor__4,2025/1/4 17:35,12.1,41.4,timer,3570
25791,Rpi__1,Sensor__4,2025/1/4 17:40,12.1,41.4,timer,3570
25795,Rpi__1,Sensor__4,2025/1/4 17:45,12.1,41.5,timer,3570
25799,Rpi__1,Sensor__4,2025/1/4 17:50,12.1,41.5,timer,3570
25803,Rpi__1,Sensor__4,2025/1/4 17:55,12.1,41.6,timer,3570
25807,Rpi__1,Sensor__4,2025/1/4 18:00,12.1,41.7,timer,3570
25811,Rpi__1,Sensor__4,2025/1/4 18:05,12.1,41.7,timer,3570
25815,Rpi__1,Sensor__4,2025/1/4 18:10,12.1,41.7,timer,3570
25819,Rpi__1,Sensor__4,2025/1/4 18:15,12.1,41.8,timer,3570
25823,Rpi__1,Sensor__4,2025/1/4 18:20,12.1,41.8,timer,3570
25827,Rpi__1,Sensor__4,2025/1/4 18:25,12.1,41.9,timer,3570
25831,Rpi__1,Sensor__4,2025/1/4 18:30,12.1,41.9,timer,3570
25835,Rpi__1,Sensor__4,2025/1/4 18:35,12.1,42,timer,3570
25839,Rpi__1,Sensor__4,2025/1/4 18:40,12.1,42,timer,3570
25843,Rpi__1,Sensor__4,2025/1/4 18:45,12.1,42.1,timer,3570
25847,Rpi__1,Sensor__4,2025/1/4 18:50,12.1,42.1,timer,3570
25851,Rpi__1,Sensor__4,2025/1/4 18:55,12.1,42.2,timer,3570
25855,Rpi__1,Sensor__4,2025/1/4 19:00,12.1,42.2,timer,3570
25859,Rpi__1,Sensor__4,2025/1/4 19:05,12.1,42.2,timer,3570
25863,Rpi__1,Sensor__4,2025/1/4 19:10,12.1,42.3,timer,3570
25867,Rpi__1,Sensor__4,2025/1/4 19:15,12.1,42.3,timer,3570
25871,Rpi__1,Sensor__4,2025/1/4 19:20,12.1,42.3,timer,3570
25875,Rpi__1,Sensor__4,2025/1/4 19:25,12.1,42.4,timer,3570
25879,Rpi__1,Sensor__4,2025/1/4 19:30,12.2,42.4,timer,3570
25883,Rpi__1,Sensor__4,2025/1/4 19:35,12.1,42.4,timer,3570
25887,Rpi__1,Sensor__4,2025/1/4 19:40,12.1,42.4,timer,3570
25891,Rpi__1,Sensor__4,2025/1/4 19:45,12.1,42.4,timer,3570
25895,Rpi__1,Sensor__4,2025/1/4 19:50,12.1,42.5,timer,3570
25899,Rpi__1,Sensor__4,2025/1/4 19:55,12.1,42.5,timer,3570
25903,Rpi__1,Sensor__4,2025/1/4 20:00,12.1,42.6,timer,3570
25907,Rpi__1,Sensor__4,2025/1/4 20:05,12.1,42.6,timer,3570
25911,Rpi__1,Sensor__4,2025/1/4 20:10,12.1,42.6,timer,3570
25915,Rpi__1,Sensor__4,2025/1/4 20:15,12.1,42.6,timer,3570
25919,Rpi__1,Sensor__4,2025/1/4 20:20,12.1,42.7,timer,3570
25923,Rpi__1,Sensor__4,2025/1/4 20:25,12.1,42.7,timer,3570
25927,Rpi__1,Sensor__4,2025/1/4 20:30,12.1,42.7,timer,3570
25931,Rpi__1,Sensor__4,2025/1/4 20:35,12.1,42.8,timer,3570
25935,Rpi__1,Sensor__4,2025/1/4 20:40,12.1,42.8,timer,3570
25939,Rpi__1,Sensor__4,2025/1/4 20:45,12.1,42.9,timer,3570
25943,Rpi__1,Sensor__4,2025/1/4 20:50,12.1,42.9,timer,3570
25947,Rpi__1,Sensor__4,2025/1/4 20:55,12.1,42.9,timer,3570
25951,Rpi__1,Sensor__4,2025/1/4 21:00,12.1,43,timer,3570
25955,Rpi__1,Sensor__4,2025/1/4 21:05,12.1,43,timer,3570
25959,Rpi__1,Sensor__4,2025/1/4 21:10,12.1,43,timer,3570
25963,Rpi__1,Sensor__4,2025/1/4 21:15,12.1,43.1,timer,3570
25967,Rpi__1,Sensor__4,2025/1/4 21:20,12.1,43.1,timer,3570
25971,Rpi__1,Sensor__4,2025/1/4 21:25,12.1,43.1,timer,3570
25975,Rpi__1,Sensor__4,2025/1/4 21:30,12.1,43.2,timer,3570
25979,Rpi__1,Sensor__4,2025/1/4 21:35,12.1,43.1,timer,3570
25983,Rpi__1,Sensor__4,2025/1/4 21:40,12.1,43.2,timer,3570
25987,Rpi__1,Sensor__4,2025/1/4 21:45,12.1,43.3,timer,3570
25991,Rpi__1,Sensor__4,2025/1/4 21:50,12.1,43.4,timer,3570
25995,Rpi__1,Sensor__4,2025/1/4 21:55,12.1,43.4,timer,3570
25999,Rpi__1,Sensor__4,2025/1/4 22:00,12.1,43.4,timer,3570
26003,Rpi__1,Sensor__4,2025/1/4 22:05,12.1,43.4,timer,3570
26007,Rpi__1,Sensor__4,2025/1/4 22:10,12.1,43.4,timer,3570
26011,Rpi__1,Sensor__4,2025/1/4 22:15,12.1,43.5,timer,3570
26015,Rpi__1,Sensor__4,2025/1/4 22:20,12.1,43.5,timer,3570
26019,Rpi__1,Sensor__4,2025/1/4 22:25,12.1,43.5,timer,3570
26023,Rpi__1,Sensor__4,2025/1/4 22:30,12.1,43.6,timer,3570
26027,Rpi__1,Sensor__4,2025/1/4 22:35,12.1,43.6,timer,3570
26031,Rpi__1,Sensor__4,2025/1/4 22:40,12.1,43.7,timer,3570
26035,Rpi__1,Sensor__4,2025/1/4 22:45,12.1,43.7,timer,3570
26039,Rpi__1,Sensor__4,2025/1/4 22:50,12.1,43.7,timer,3570
26043,Rpi__1,Sensor__4,2025/1/4 22:55,12.1,43.8,timer,3570
26047,Rpi__1,Sensor__4,2025/1/4 23:00,12.1,43.8,timer,3570
26051,Rpi__1,Sensor__4,2025/1/4 23:05,12.1,43.7,timer,3570
26055,Rpi__1,Sensor__4,2025/1/4 23:10,12.1,43.8,timer,3570
26059,Rpi__1,Sensor__4,2025/1/4 23:15,12,43.7,timer,3570
26063,Rpi__1,Sensor__4,2025/1/4 23:20,12,43.8,timer,3570
26067,Rpi__1,Sensor__4,2025/1/4 23:25,12,43.8,timer,3570
26071,Rpi__1,Sensor__4,2025/1/4 23:30,12,43.8,timer,3570
26075,Rpi__1,Sensor__4,2025/1/4 23:35,12,43.9,timer,3570
26079,Rpi__1,Sensor__4,2025/1/4 23:40,12.1,44,timer,3570
26083,Rpi__1,Sensor__4,2025/1/4 23:45,12,44,timer,3570
26087,Rpi__1,Sensor__4,2025/1/4 23:50,12,44,timer,3570
26091,Rpi__1,Sensor__4,2025/1/4 23:55,12,44,timer,3570
26095,Rpi__1,Sensor__4,2025/1/5 0:00,12,44,timer,3570
26099,Rpi__1,Sensor__4,2025/1/5 0:05,12,44,timer,3570
26103,Rpi__1,Sensor__4,2025/1/5 0:10,12,44.1,timer,3570
26107,Rpi__1,Sensor__4,2025/1/5 0:15,12,44.1,timer,3570
26111,Rpi__1,Sensor__4,2025/1/5 0:20,12,44.1,timer,3570
26115,Rpi__1,Sensor__4,2025/1/5 0:25,12,44.1,timer,3570
26119,Rpi__1,Sensor__4,2025/1/5 0:30,12,44.1,timer,43170
26123,Rpi__1,Sensor__4,2025/1/5 0:35,12,44,timer,43170
26127,Rpi__1,Sensor__4,2025/1/5 0:40,12,44.1,timer,43170
26131,Rpi__1,Sensor__4,2025/1/5 0:45,12,44.1,timer,43170
26135,Rpi__1,Sensor__4,2025/1/5 0:50,12,44.1,timer,43170
26139,Rpi__1,Sensor__4,2025/1/5 0:55,12,44.2,timer,43170
26143,Rpi__1,Sensor__4,2025/1/5 1:00,12,44.2,timer,43170
26147,Rpi__1,Sensor__4,2025/1/5 1:05,12,44.2,timer,43170
26151,Rpi__1,Sensor__4,2025/1/5 1:10,12,44.3,timer,43170
26155,Rpi__1,Sensor__4,2025/1/5 1:15,12,44.3,timer,43170
26159,Rpi__1,Sensor__4,2025/1/5 1:20,12,44.4,timer,43170
26163,Rpi__1,Sensor__4,2025/1/5 1:25,12,44.3,timer,43170
26167,Rpi__1,Sensor__4,2025/1/5 1:30,12,44.4,timer,3570
26171,Rpi__1,Sensor__4,2025/1/5 1:35,12,44.5,timer,3570
26175,Rpi__1,Sensor__4,2025/1/5 1:40,12,44.5,timer,3570
26179,Rpi__1,Sensor__4,2025/1/5 1:45,12,44.5,timer,3570
26183,Rpi__1,Sensor__4,2025/1/5 1:50,11.9,44.6,timer,3570
26187,Rpi__1,Sensor__4,2025/1/5 1:55,12,44.7,timer,3570
26191,Rpi__1,Sensor__4,2025/1/5 2:00,12,44.7,timer,3570
26195,Rpi__1,Sensor__4,2025/1/5 2:05,11.9,44.8,timer,3570
26199,Rpi__1,Sensor__4,2025/1/5 2:10,11.9,44.8,timer,3570
26203,Rpi__1,Sensor__4,2025/1/5 2:15,11.9,44.8,timer,3570
26207,Rpi__1,Sensor__4,2025/1/5 2:20,11.9,44.8,timer,3570
26211,Rpi__1,Sensor__4,2025/1/5 2:25,11.9,44.9,timer,3570
26215,Rpi__1,Sensor__4,2025/1/5 2:30,11.9,44.9,timer,3570
26219,Rpi__1,Sensor__4,2025/1/5 2:35,11.9,44.9,timer,3570
26223,Rpi__1,Sensor__4,2025/1/5 2:40,11.9,44.9,timer,3570
26227,Rpi__1,Sensor__4,2025/1/5 2:45,11.9,44.8,timer,3570
26231,Rpi__1,Sensor__4,2025/1/5 2:50,11.9,44.9,timer,3570
26235,Rpi__1,Sensor__4,2025/1/5 2:55,11.9,44.9,timer,3570
26239,Rpi__1,Sensor__4,2025/1/5 3:00,11.9,44.9,timer,3570
26243,Rpi__1,Sensor__4,2025/1/5 3:05,11.9,45,timer,3570
26247,Rpi__1,Sensor__4,2025/1/5 3:10,11.9,45,timer,3570
26251,Rpi__1,Sensor__4,2025/1/5 3:15,11.8,44.9,timer,3570
26255,Rpi__1,Sensor__4,2025/1/5 3:20,11.9,45,timer,3570
26259,Rpi__1,Sensor__4,2025/1/5 3:25,11.9,45,timer,3570
26263,Rpi__1,Sensor__4,2025/1/5 3:30,11.9,44.9,timer,3570
26267,Rpi__1,Sensor__4,2025/1/5 3:35,11.8,45,timer,3570
26271,Rpi__1,Sensor__4,2025/1/5 3:40,11.8,45,timer,3570
26275,Rpi__1,Sensor__4,2025/1/5 3:45,11.9,45,timer,3570
26279,Rpi__1,Sensor__4,2025/1/5 3:55,11.8,45,timer,3570
26283,Rpi__1,Sensor__4,2025/1/5 4:00,11.9,45,timer,3570
26287,Rpi__1,Sensor__4,2025/1/5 4:05,11.8,45,timer,3570
26291,Rpi__1,Sensor__4,2025/1/5 4:10,11.8,45,timer,3570
26295,Rpi__1,Sensor__4,2025/1/5 4:15,11.8,45.1,timer,3570
26299,Rpi__1,Sensor__4,2025/1/5 4:20,11.8,45,timer,3570
26303,Rpi__1,Sensor__4,2025/1/5 4:25,11.8,45,timer,3570
26307,Rpi__1,Sensor__4,2025/1/5 4:30,11.8,45,timer,3570
26311,Rpi__1,Sensor__4,2025/1/5 4:35,11.8,45,timer,3570
26315,Rpi__1,Sensor__4,2025/1/5 4:40,11.8,45,timer,3570
26319,Rpi__1,Sensor__4,2025/1/5 4:45,11.8,45,timer,3570
26323,Rpi__1,Sensor__4,2025/1/5 4:50,11.8,45,timer,3570
26327,Rpi__1,Sensor__4,2025/1/5 4:55,11.8,45.1,timer,3570
26331,Rpi__1,Sensor__4,2025/1/5 5:00,11.8,45.1,timer,3570
26335,Rpi__1,Sensor__4,2025/1/5 5:05,11.8,45.1,timer,3570
26339,Rpi__1,Sensor__4,2025/1/5 5:10,11.8,45.1,timer,3570
26343,Rpi__1,Sensor__4,2025/1/5 5:15,11.8,45.1,timer,3570
26347,Rpi__1,Sensor__4,2025/1/5 5:20,11.8,45.1,timer,3570
26351,Rpi__1,Sensor__4,2025/1/5 5:25,11.8,45.1,timer,3570
26355,Rpi__1,Sensor__4,2025/1/5 5:30,11.7,45.1,timer,3570
26359,Rpi__1,Sensor__4,2025/1/5 5:35,11.7,45.1,timer,3570
26363,Rpi__1,Sensor__4,2025/1/5 5:40,11.7,45.1,timer,3570
26367,Rpi__1,Sensor__4,2025/1/5 5:45,11.7,45.1,timer,3570
26371,Rpi__1,Sensor__4,2025/1/5 5:50,11.7,45,timer,3570
26375,Rpi__1,Sensor__4,2025/1/5 5:55,11.7,45.1,timer,3570
26379,Rpi__1,Sensor__4,2025/1/5 6:00,11.7,45.1,timer,3570
26383,Rpi__1,Sensor__4,2025/1/5 6:05,11.7,45.1,timer,3570
26387,Rpi__1,Sensor__4,2025/1/5 6:10,11.7,45.1,timer,3570
26391,Rpi__1,Sensor__4,2025/1/5 6:15,11.7,45,timer,3570
26395,Rpi__1,Sensor__4,2025/1/5 6:20,11.7,45.1,timer,3570
26399,Rpi__1,Sensor__4,2025/1/5 6:25,11.7,45,timer,3570
26403,Rpi__1,Sensor__4,2025/1/5 6:30,11.7,45,timer,3570
26407,Rpi__1,Sensor__4,2025/1/5 6:35,11.7,45,timer,3570
26411,Rpi__1,Sensor__4,2025/1/5 6:40,11.7,45,timer,3570
26415,Rpi__1,Sensor__4,2025/1/5 6:45,11.7,44.9,timer,3570
26419,Rpi__1,Sensor__4,2025/1/5 6:50,11.7,44.9,timer,3570
26423,Rpi__1,Sensor__4,2025/1/5 6:55,11.7,45,timer,3570
26427,Rpi__1,Sensor__4,2025/1/5 7:00,11.7,44.9,timer,3570
26431,Rpi__1,Sensor__4,2025/1/5 7:05,11.7,45,timer,3570
26435,Rpi__1,Sensor__4,2025/1/5 7:10,11.7,45,timer,3570
26439,Rpi__1,Sensor__4,2025/1/5 7:15,11.7,44.9,timer,3570
26443,Rpi__1,Sensor__4,2025/1/5 7:20,11.7,44.9,timer,3570
26447,Rpi__1,Sensor__4,2025/1/5 7:25,11.7,44.9,timer,3570
26451,Rpi__1,Sensor__4,2025/1/5 7:30,11.7,44.9,timer,3570
26455,Rpi__1,Sensor__4,2025/1/5 7:35,11.7,44.9,timer,3570
26459,Rpi__1,Sensor__4,2025/1/5 7:40,11.7,44.9,timer,3570
26463,Rpi__1,Sensor__4,2025/1/5 7:45,11.7,44.9,timer,3570
26467,Rpi__1,Sensor__4,2025/1/5 7:50,11.7,45,timer,3570
26471,Rpi__1,Sensor__4,2025/1/5 7:55,11.7,45,timer,3570
26475,Rpi__1,Sensor__4,2025/1/5 8:00,11.7,44.8,timer,3570
26479,Rpi__1,Sensor__4,2025/1/5 8:05,11.7,44.8,timer,3570
26483,Rpi__1,Sensor__4,2025/1/5 8:10,11.6,44.8,timer,3570
26487,Rpi__1,Sensor__4,2025/1/5 8:15,11.6,44.8,timer,3570
26491,Rpi__1,Sensor__4,2025/1/5 8:20,11.6,44.7,timer,3570
26495,Rpi__1,Sensor__4,2025/1/5 8:25,11.6,44.8,timer,3570
26499,Rpi__1,Sensor__4,2025/1/5 8:30,11.6,44.8,timer,3570
26503,Rpi__1,Sensor__4,2025/1/5 8:35,11.6,44.7,timer,3570
26507,Rpi__1,Sensor__4,2025/1/5 8:40,11.6,44.7,timer,3570
26511,Rpi__1,Sensor__4,2025/1/5 8:45,11.6,44.6,timer,3570
26515,Rpi__1,Sensor__4,2025/1/5 8:50,11.7,44.7,timer,3570
26519,Rpi__1,Sensor__4,2025/1/5 8:55,11.7,44.7,timer,3570
26523,Rpi__1,Sensor__4,2025/1/5 9:00,11.6,44.7,timer,3570
26527,Rpi__1,Sensor__4,2025/1/5 9:05,11.6,44.6,timer,3570
26531,Rpi__1,Sensor__4,2025/1/5 9:10,11.6,44.6,timer,3570
26535,Rpi__1,Sensor__4,2025/1/5 9:15,11.6,44.6,timer,3570
26539,Rpi__1,Sensor__4,2025/1/5 9:20,11.6,44.6,timer,3570
26543,Rpi__1,Sensor__4,2025/1/5 9:25,11.6,44.6,timer,3570
26547,Rpi__1,Sensor__4,2025/1/5 9:30,11.7,44.4,timer,3570
26551,Rpi__1,Sensor__4,2025/1/5 9:35,11.7,44.2,timer,3570
26555,Rpi__1,Sensor__4,2025/1/5 9:40,11.7,43.8,timer,3570
26559,Rpi__1,Sensor__4,2025/1/5 9:45,11.8,43.7,timer,3570
26563,Rpi__1,Sensor__4,2025/1/5 9:50,11.9,44.1,timer,3570
26567,Rpi__1,Sensor__4,2025/1/5 9:55,12,44.6,timer,3570
26571,Rpi__1,Sensor__4,2025/1/5 10:00,12.1,45,timer,3570
26575,Rpi__1,Sensor__4,2025/1/5 10:05,12.1,45.4,timer,3570
26579,Rpi__1,Sensor__4,2025/1/5 10:10,12.2,45.7,timer,3570
26583,Rpi__1,Sensor__4,2025/1/5 10:15,12.3,45.9,timer,3570
26587,Rpi__1,Sensor__4,2025/1/5 10:20,12.4,46.1,timer,3570
26591,Rpi__1,Sensor__4,2025/1/5 10:25,12.4,46.4,timer,3570
26595,Rpi__1,Sensor__4,2025/1/5 10:30,12.5,46.6,timer,3570
26599,Rpi__1,Sensor__4,2025/1/5 10:35,12.6,46.9,timer,3570
26603,Rpi__1,Sensor__4,2025/1/5 10:40,12.7,47,timer,3570
26607,Rpi__1,Sensor__4,2025/1/5 10:45,12.7,47.2,timer,3570
26611,Rpi__1,Sensor__4,2025/1/5 10:50,12.8,47.5,timer,3570
26615,Rpi__1,Sensor__4,2025/1/5 10:55,12.8,47.7,timer,3570
26619,Rpi__1,Sensor__4,2025/1/5 11:00,12.9,47.9,timer,3570
26623,Rpi__1,Sensor__4,2025/1/5 11:05,12.9,48.1,timer,3570
26627,Rpi__1,Sensor__4,2025/1/5 11:10,13,48.3,timer,3570
26631,Rpi__1,Sensor__4,2025/1/5 11:15,13.1,48.4,timer,3570
26635,Rpi__1,Sensor__4,2025/1/5 11:20,13.1,48.6,timer,3570
26639,Rpi__1,Sensor__4,2025/1/5 11:25,13.1,48.7,timer,3570
26643,Rpi__1,Sensor__4,2025/1/5 11:30,13.2,48.9,timer,3570
26647,Rpi__1,Sensor__4,2025/1/5 11:35,13.2,49,timer,3570
26651,Rpi__1,Sensor__4,2025/1/5 11:40,13.2,49.1,timer,3570
26655,Rpi__1,Sensor__4,2025/1/5 11:45,13.3,49.2,timer,3570
26659,Rpi__1,Sensor__4,2025/1/5 11:50,13.3,49.4,timer,3570
26663,Rpi__1,Sensor__4,2025/1/5 11:55,13.3,49.4,timer,3570
26667,Rpi__1,Sensor__4,2025/1/5 12:00,13.4,49.6,timer,3570
26671,Rpi__1,Sensor__4,2025/1/5 12:05,13.4,49.7,timer,3570
26675,Rpi__1,Sensor__4,2025/1/5 12:10,13.5,49.7,timer,3570
26679,Rpi__1,Sensor__4,2025/1/5 12:15,13.5,49.9,timer,3570
26683,Rpi__1,Sensor__4,2025/1/5 12:20,13.5,49.9,timer,3570
26687,Rpi__1,Sensor__4,2025/1/5 12:25,13.6,49.8,timer,3570
26691,Rpi__1,Sensor__4,2025/1/5 12:30,13.6,49.6,timer,43170
26695,Rpi__1,Sensor__4,2025/1/5 12:35,13.6,49.4,timer,43170
26699,Rpi__1,Sensor__4,2025/1/5 12:40,13.6,49.4,timer,43170
26703,Rpi__1,Sensor__4,2025/1/5 12:45,13.6,49,timer,43170
26707,Rpi__1,Sensor__4,2025/1/5 12:50,13.6,49,timer,43170
26711,Rpi__1,Sensor__4,2025/1/5 12:55,13.6,48.9,timer,43170
26715,Rpi__1,Sensor__4,2025/1/5 13:00,13.6,48.8,timer,43170
26719,Rpi__1,Sensor__4,2025/1/5 13:05,13.6,48.8,timer,43170
26723,Rpi__1,Sensor__4,2025/1/5 13:10,13.6,48.6,timer,43170
26727,Rpi__1,Sensor__4,2025/1/5 13:15,13.6,48.6,timer,43170
26731,Rpi__1,Sensor__4,2025/1/5 13:20,13.6,48.5,timer,43170
26735,Rpi__1,Sensor__4,2025/1/5 13:25,13.6,48.4,timer,43170
26739,Rpi__1,Sensor__4,2025/1/5 13:30,13.7,48.2,timer,43170
26743,Rpi__1,Sensor__4,2025/1/5 13:35,13.7,48.1,timer,3570
26747,Rpi__1,Sensor__4,2025/1/5 13:40,13.7,48.1,timer,3570
26751,Rpi__1,Sensor__4,2025/1/5 13:45,13.7,47.7,timer,3570
26755,Rpi__1,Sensor__4,2025/1/5 13:50,13.8,47.6,timer,3570
26759,Rpi__1,Sensor__4,2025/1/5 13:55,13.8,47.5,timer,3570
26763,Rpi__1,Sensor__4,2025/1/5 14:00,13.8,47.4,timer,3570
26767,Rpi__1,Sensor__4,2025/1/5 14:05,13.8,47.2,timer,3570
26771,Rpi__1,Sensor__4,2025/1/5 14:10,13.8,47.1,timer,3570
26775,Rpi__1,Sensor__4,2025/1/5 14:15,13.8,46.9,timer,3570
26779,Rpi__1,Sensor__4,2025/1/5 14:20,13.8,46.7,timer,3570
26783,Rpi__1,Sensor__4,2025/1/5 14:25,13.9,46.6,timer,3570
26787,Rpi__1,Sensor__4,2025/1/5 14:30,13.9,46.5,timer,3570
26791,Rpi__1,Sensor__4,2025/1/5 14:35,13.9,46.3,timer,3570
26795,Rpi__1,Sensor__4,2025/1/5 14:40,13.9,46.2,timer,3570
26799,Rpi__1,Sensor__4,2025/1/5 14:45,13.9,46.1,timer,3570
26803,Rpi__1,Sensor__4,2025/1/5 14:50,14,46,timer,3570
26807,Rpi__1,Sensor__4,2025/1/5 14:55,14,45.9,timer,3570
26811,Rpi__1,Sensor__4,2025/1/5 15:00,14,45.8,timer,3570
26815,Rpi__1,Sensor__4,2025/1/5 15:05,14,45.8,timer,3570
26819,Rpi__1,Sensor__4,2025/1/5 15:10,14.1,45.6,timer,3570
26823,Rpi__1,Sensor__4,2025/1/5 15:15,14.1,45.4,timer,3570
26827,Rpi__1,Sensor__4,2025/1/5 15:20,14.1,45.3,timer,3570
26831,Rpi__1,Sensor__4,2025/1/5 15:25,14.1,45.2,timer,3570
26835,Rpi__1,Sensor__4,2025/1/5 15:30,14.1,45.1,timer,3570
26839,Rpi__1,Sensor__4,2025/1/5 15:35,14.1,45.1,timer,3570
26843,Rpi__1,Sensor__4,2025/1/5 15:40,14.2,45,timer,3570
26847,Rpi__1,Sensor__4,2025/1/5 15:45,14.2,44.9,timer,3570
26851,Rpi__1,Sensor__4,2025/1/5 15:50,14.2,44.8,timer,3570
26855,Rpi__1,Sensor__4,2025/1/5 15:55,14.2,44.8,timer,3570
26859,Rpi__1,Sensor__4,2025/1/5 16:00,14.2,44.7,timer,3570
26863,Rpi__1,Sensor__4,2025/1/5 16:05,14.2,44.6,timer,3570
26867,Rpi__1,Sensor__4,2025/1/5 16:10,14.3,44.5,timer,3570
26871,Rpi__1,Sensor__4,2025/1/5 16:15,14.3,44.5,timer,3570
26875,Rpi__1,Sensor__4,2025/1/5 16:20,14.3,44.4,timer,3570
26879,Rpi__1,Sensor__4,2025/1/5 16:25,14.3,44.3,timer,3570
26883,Rpi__1,Sensor__4,2025/1/5 16:30,14.3,44.2,timer,3570
26887,Rpi__1,Sensor__4,2025/1/5 16:35,14.3,44.3,timer,3570
26891,Rpi__1,Sensor__4,2025/1/5 16:40,14.3,44.3,timer,3570
26895,Rpi__1,Sensor__4,2025/1/5 16:45,14.3,44.1,timer,3570
26899,Rpi__1,Sensor__4,2025/1/5 16:50,14.3,44,timer,3570
26903,Rpi__1,Sensor__4,2025/1/5 16:55,14.3,43.9,timer,3570
26907,Rpi__1,Sensor__4,2025/1/5 17:00,14.3,43.8,timer,3570
26911,Rpi__1,Sensor__4,2025/1/5 17:05,14.3,43.7,timer,3570
26915,Rpi__1,Sensor__4,2025/1/5 17:10,14.3,43.7,timer,3570
26919,Rpi__1,Sensor__4,2025/1/5 17:15,14.2,43.6,timer,3570
26923,Rpi__1,Sensor__4,2025/1/5 17:20,14.1,43.4,timer,3570
26927,Rpi__1,Sensor__4,2025/1/5 17:25,14.1,43.6,timer,3570
26931,Rpi__1,Sensor__4,2025/1/5 17:30,14.1,43.9,timer,3570
26935,Rpi__1,Sensor__4,2025/1/5 17:35,14,43.9,timer,3570
26939,Rpi__1,Sensor__4,2025/1/5 17:40,13.9,43.9,timer,3570
26943,Rpi__1,Sensor__4,2025/1/5 17:45,13.9,43.9,timer,3570
26947,Rpi__1,Sensor__4,2025/1/5 17:50,13.8,43.9,timer,3570
26951,Rpi__1,Sensor__4,2025/1/5 17:55,13.8,43.9,timer,3570
26955,Rpi__1,Sensor__4,2025/1/5 18:00,13.8,44,timer,3570
26959,Rpi__1,Sensor__4,2025/1/5 18:05,13.7,44.1,timer,3570
26963,Rpi__1,Sensor__4,2025/1/5 18:10,13.7,44.1,timer,3570
26967,Rpi__1,Sensor__4,2025/1/5 18:15,13.7,44.2,timer,3570
26971,Rpi__1,Sensor__4,2025/1/5 18:20,13.7,44.1,timer,3570
26975,Rpi__1,Sensor__4,2025/1/5 18:25,13.6,44.2,timer,3570
26979,Rpi__1,Sensor__4,2025/1/5 18:30,13.6,44.1,timer,3570
26983,Rpi__1,Sensor__4,2025/1/5 18:35,13.6,44.1,timer,3570
26987,Rpi__1,Sensor__4,2025/1/5 18:40,13.5,44.2,timer,3570
26991,Rpi__1,Sensor__4,2025/1/5 18:45,13.6,44.2,timer,3570
26995,Rpi__1,Sensor__4,2025/1/5 18:50,13.6,44.2,timer,3570
26999,Rpi__1,Sensor__4,2025/1/5 18:55,13.5,44.2,timer,3570
27003,Rpi__1,Sensor__4,2025/1/5 19:00,13.5,44.2,timer,3570
27007,Rpi__1,Sensor__4,2025/1/5 19:05,13.4,44.2,timer,3570
27011,Rpi__1,Sensor__4,2025/1/5 19:10,13.4,44.2,timer,3570
27015,Rpi__1,Sensor__4,2025/1/5 19:15,13.4,44.2,timer,3570
27019,Rpi__1,Sensor__4,2025/1/5 19:20,13.4,44.2,timer,3570
27023,Rpi__1,Sensor__4,2025/1/5 19:25,13.4,44.3,timer,3570
27027,Rpi__1,Sensor__4,2025/1/5 19:30,13.3,44.3,timer,3570
27031,Rpi__1,Sensor__4,2025/1/5 19:35,13.3,44.3,timer,3570
27035,Rpi__1,Sensor__4,2025/1/5 19:40,13.3,44.3,timer,3570
27039,Rpi__1,Sensor__4,2025/1/5 19:45,13.3,44.3,timer,3570
27043,Rpi__1,Sensor__4,2025/1/5 19:50,13.3,44.3,timer,3570
27047,Rpi__1,Sensor__4,2025/1/5 19:55,13.3,44.3,timer,3570
27051,Rpi__1,Sensor__4,2025/1/5 20:00,13.3,44.4,timer,3570
27055,Rpi__1,Sensor__4,2025/1/5 20:05,13.2,44.4,timer,3570
27059,Rpi__1,Sensor__4,2025/1/5 20:10,13.2,44.3,timer,3570
27063,Rpi__1,Sensor__4,2025/1/5 20:15,13.2,44.4,timer,3570
27067,Rpi__1,Sensor__4,2025/1/5 20:20,13.2,44.4,timer,3570
27071,Rpi__1,Sensor__4,2025/1/5 20:25,13.2,44.4,timer,3570
27075,Rpi__1,Sensor__4,2025/1/5 20:30,13.2,44.4,timer,3570
27079,Rpi__1,Sensor__4,2025/1/5 20:35,13.2,44.4,timer,3570
27083,Rpi__1,Sensor__4,2025/1/5 20:40,13.2,44.5,timer,3570
27087,Rpi__1,Sensor__4,2025/1/5 20:45,13.2,44.5,timer,3570
27091,Rpi__1,Sensor__4,2025/1/5 20:50,13.1,44.5,timer,3570
27095,Rpi__1,Sensor__4,2025/1/5 20:55,13.1,44.5,timer,3570
27099,Rpi__1,Sensor__4,2025/1/5 21:00,13.1,44.4,timer,3570
27103,Rpi__1,Sensor__4,2025/1/5 21:05,13.1,44.5,timer,3570
27107,Rpi__1,Sensor__4,2025/1/5 21:10,13.1,44.5,timer,3570
27111,Rpi__1,Sensor__4,2025/1/5 21:15,13.1,44.5,timer,3570
27115,Rpi__1,Sensor__4,2025/1/5 21:20,13.1,44.4,timer,3570
27119,Rpi__1,Sensor__4,2025/1/5 21:25,13.1,44.3,timer,3570
27123,Rpi__1,Sensor__4,2025/1/5 21:30,13.1,44.3,timer,3570
27127,Rpi__1,Sensor__4,2025/1/5 21:35,13.1,44.2,timer,3570
27131,Rpi__1,Sensor__4,2025/1/5 21:40,13.1,44.2,timer,3570
27135,Rpi__1,Sensor__4,2025/1/5 21:45,13,44,timer,3570
27139,Rpi__1,Sensor__4,2025/1/5 21:50,13,44.1,timer,3570
27143,Rpi__1,Sensor__4,2025/1/5 21:55,13,44,timer,3570
27147,Rpi__1,Sensor__4,2025/1/5 22:00,13,44,timer,3570
27151,Rpi__1,Sensor__4,2025/1/5 22:05,13,44,timer,3570
27155,Rpi__1,Sensor__4,2025/1/5 22:10,13,44,timer,3570
27159,Rpi__1,Sensor__4,2025/1/5 22:15,13,44.1,timer,3570
27163,Rpi__1,Sensor__4,2025/1/5 22:20,13,44.1,timer,3570
27167,Rpi__1,Sensor__4,2025/1/5 22:25,13,44.1,timer,3570
27171,Rpi__1,Sensor__4,2025/1/5 22:30,13,44.1,timer,3570
27175,Rpi__1,Sensor__4,2025/1/5 22:35,13,44.1,timer,3570
27179,Rpi__1,Sensor__4,2025/1/5 22:40,13,44.1,timer,3570
27183,Rpi__1,Sensor__4,2025/1/5 22:45,13,44.1,timer,3570
27187,Rpi__1,Sensor__4,2025/1/5 22:50,13,44,timer,3570
27191,Rpi__1,Sensor__4,2025/1/5 22:55,13,44,timer,3570
27195,Rpi__1,Sensor__4,2025/1/5 23:00,13,44,timer,3570
27199,Rpi__1,Sensor__4,2025/1/5 23:05,13,43.8,timer,3570
27203,Rpi__1,Sensor__4,2025/1/5 23:10,13,43.8,timer,3570
27207,Rpi__1,Sensor__4,2025/1/5 23:15,13,43.8,timer,3570
27211,Rpi__1,Sensor__4,2025/1/5 23:20,13,43.7,timer,3570
27215,Rpi__1,Sensor__4,2025/1/5 23:25,13,43.7,timer,3570
27219,Rpi__1,Sensor__4,2025/1/5 23:30,13,43.7,timer,3570
27223,Rpi__1,Sensor__4,2025/1/5 23:35,13,43.7,timer,3570
27227,Rpi__1,Sensor__4,2025/1/5 23:40,13,43.7,timer,3570
27231,Rpi__1,Sensor__4,2025/1/5 23:45,13,43.7,timer,3570
27235,Rpi__1,Sensor__4,2025/1/5 23:50,12.9,43.8,timer,3570
27239,Rpi__1,Sensor__4,2025/1/5 23:55,12.9,43.8,timer,3570
27243,Rpi__1,Sensor__4,2025/1/6 0:00,12.9,43.8,timer,3570
27247,Rpi__1,Sensor__4,2025/1/6 0:05,12.9,43.8,timer,3570
27251,Rpi__1,Sensor__4,2025/1/6 0:10,12.9,43.8,timer,3570
27255,Rpi__1,Sensor__4,2025/1/6 0:15,12.9,44,timer,3570
27259,Rpi__1,Sensor__4,2025/1/6 0:20,12.9,44,timer,3570
27263,Rpi__1,Sensor__4,2025/1/6 0:25,12.9,44.1,timer,3570
27267,Rpi__1,Sensor__4,2025/1/6 0:30,12.9,44.1,timer,43170
27271,Rpi__1,Sensor__4,2025/1/6 0:35,12.9,44.2,timer,43170
27275,Rpi__1,Sensor__4,2025/1/6 0:40,12.9,44.3,timer,43170
27279,Rpi__1,Sensor__4,2025/1/6 0:45,12.9,44.3,timer,43170
27283,Rpi__1,Sensor__4,2025/1/6 0:50,12.9,44.4,timer,43170
27287,Rpi__1,Sensor__4,2025/1/6 0:55,12.9,44.5,timer,43170
27291,Rpi__1,Sensor__4,2025/1/6 1:00,12.9,44.5,timer,43170
27295,Rpi__1,Sensor__4,2025/1/6 1:05,12.9,44.7,timer,43170
27299,Rpi__1,Sensor__4,2025/1/6 1:10,12.9,44.7,timer,43170
27303,Rpi__1,Sensor__4,2025/1/6 1:15,12.9,44.8,timer,43170
27307,Rpi__1,Sensor__4,2025/1/6 1:20,12.9,44.8,timer,43170
27311,Rpi__1,Sensor__4,2025/1/6 1:25,12.9,45,timer,43170
27315,Rpi__1,Sensor__4,2025/1/6 1:30,12.8,45,timer,3570
27319,Rpi__1,Sensor__4,2025/1/6 1:35,12.8,45.2,timer,3570
27323,Rpi__1,Sensor__4,2025/1/6 1:40,12.8,45.3,timer,3570
27327,Rpi__1,Sensor__4,2025/1/6 1:45,12.8,45.4,timer,3570
27331,Rpi__1,Sensor__4,2025/1/6 1:50,12.8,45.4,timer,3570
27335,Rpi__1,Sensor__4,2025/1/6 1:55,12.8,45.5,timer,3570
27339,Rpi__1,Sensor__4,2025/1/6 2:00,12.8,45.7,timer,3570
27343,Rpi__1,Sensor__4,2025/1/6 2:05,12.8,45.7,timer,3570
27347,Rpi__1,Sensor__4,2025/1/6 2:10,12.8,45.9,timer,3570
27351,Rpi__1,Sensor__4,2025/1/6 2:15,12.8,45.9,timer,3570
27355,Rpi__1,Sensor__4,2025/1/6 2:20,12.8,46.1,timer,3570
27359,Rpi__1,Sensor__4,2025/1/6 2:25,12.8,46.1,timer,3570
27363,Rpi__1,Sensor__4,2025/1/6 2:30,12.8,46.2,timer,3570
27367,Rpi__1,Sensor__4,2025/1/6 2:35,12.8,46.3,timer,3570
27371,Rpi__1,Sensor__4,2025/1/6 2:40,12.8,46.4,timer,3570
27375,Rpi__1,Sensor__4,2025/1/6 2:45,12.8,46.5,timer,3570
27379,Rpi__1,Sensor__4,2025/1/6 2:50,12.8,46.5,timer,3570
27383,Rpi__1,Sensor__4,2025/1/6 2:55,12.8,46.7,timer,3570
27387,Rpi__1,Sensor__4,2025/1/6 3:05,12.8,46.7,timer,3570
27391,Rpi__1,Sensor__4,2025/1/6 3:10,12.7,46.9,timer,3570
27395,Rpi__1,Sensor__4,2025/1/6 3:15,12.8,46.9,timer,3570
27399,Rpi__1,Sensor__4,2025/1/6 3:20,12.8,47,timer,3570
27403,Rpi__1,Sensor__4,2025/1/6 3:25,12.7,47.1,timer,3570
27407,Rpi__1,Sensor__4,2025/1/6 3:30,12.7,47.1,timer,3570
27411,Rpi__1,Sensor__4,2025/1/6 3:35,12.7,47.2,timer,3570
27415,Rpi__1,Sensor__4,2025/1/6 3:40,12.7,47.3,timer,3570
27419,Rpi__1,Sensor__4,2025/1/6 3:45,12.7,47.3,timer,3570
27423,Rpi__1,Sensor__4,2025/1/6 3:50,12.8,47.4,timer,3570
27427,Rpi__1,Sensor__4,2025/1/6 3:55,12.7,47.5,timer,3570
27431,Rpi__1,Sensor__4,2025/1/6 4:00,12.7,47.6,timer,3570
27435,Rpi__1,Sensor__4,2025/1/6 4:05,12.7,47.7,timer,3570
27439,Rpi__1,Sensor__4,2025/1/6 4:10,12.7,47.7,timer,3570
27443,Rpi__1,Sensor__4,2025/1/6 4:15,12.7,47.8,timer,3570
27447,Rpi__1,Sensor__4,2025/1/6 4:20,12.7,47.8,timer,3570
27451,Rpi__1,Sensor__4,2025/1/6 4:25,12.7,47.9,timer,3570
27455,Rpi__1,Sensor__4,2025/1/6 4:30,12.7,47.9,timer,3570
27459,Rpi__1,Sensor__4,2025/1/6 4:35,12.7,48,timer,3570
27463,Rpi__1,Sensor__4,2025/1/6 4:40,12.7,48,timer,3570
27467,Rpi__1,Sensor__4,2025/1/6 4:45,12.7,48.1,timer,3570
27471,Rpi__1,Sensor__4,2025/1/6 4:50,12.7,48.2,timer,3570
27475,Rpi__1,Sensor__4,2025/1/6 4:55,12.7,48.2,timer,3570
27479,Rpi__1,Sensor__4,2025/1/6 5:00,12.7,48.3,timer,3570
27483,Rpi__1,Sensor__4,2025/1/6 5:05,12.7,48.3,timer,3570
27487,Rpi__1,Sensor__4,2025/1/6 5:10,12.7,48.4,timer,3570
27491,Rpi__1,Sensor__4,2025/1/6 5:15,12.7,48.3,timer,3570
27495,Rpi__1,Sensor__4,2025/1/6 5:20,12.7,48.4,timer,3570
27499,Rpi__1,Sensor__4,2025/1/6 5:25,12.7,48.5,timer,3570
27503,Rpi__1,Sensor__4,2025/1/6 5:30,12.7,48.5,timer,3570
27507,Rpi__1,Sensor__4,2025/1/6 5:35,12.7,48.6,timer,3570
27511,Rpi__1,Sensor__4,2025/1/6 5:40,12.7,48.6,timer,3570
27515,Rpi__1,Sensor__4,2025/1/6 5:45,12.7,48.7,timer,3570
27519,Rpi__1,Sensor__4,2025/1/6 5:50,12.7,48.7,timer,3570
27523,Rpi__1,Sensor__4,2025/1/6 5:55,12.7,48.7,timer,3570
27527,Rpi__1,Sensor__4,2025/1/6 6:00,12.7,48.8,timer,3570
27531,Rpi__1,Sensor__4,2025/1/6 6:05,12.7,48.9,timer,3570
27535,Rpi__1,Sensor__4,2025/1/6 6:10,12.7,48.9,timer,3570
27539,Rpi__1,Sensor__4,2025/1/6 6:15,12.7,48.9,timer,3570
27543,Rpi__1,Sensor__4,2025/1/6 6:20,12.7,49,timer,3570
27547,Rpi__1,Sensor__4,2025/1/6 6:25,12.7,49,timer,3570
27551,Rpi__1,Sensor__4,2025/1/6 6:30,12.7,49.1,timer,3570
27555,Rpi__1,Sensor__4,2025/1/6 6:35,12.7,49.1,timer,3570
27559,Rpi__1,Sensor__4,2025/1/6 6:40,12.7,49.1,timer,3570
27563,Rpi__1,Sensor__4,2025/1/6 6:45,12.7,49.1,timer,3570
27567,Rpi__1,Sensor__4,2025/1/6 6:50,12.7,49.2,timer,3570
27571,Rpi__1,Sensor__4,2025/1/6 6:55,12.7,49.2,timer,3570
27575,Rpi__1,Sensor__4,2025/1/6 7:00,12.7,49.3,timer,3570
27579,Rpi__1,Sensor__4,2025/1/6 7:05,12.7,49.4,timer,3570
27583,Rpi__1,Sensor__4,2025/1/6 7:10,12.7,49.4,timer,3570
27587,Rpi__1,Sensor__4,2025/1/6 7:15,12.7,49.5,timer,3570
27591,Rpi__1,Sensor__4,2025/1/6 7:20,12.7,49.4,timer,3570
27595,Rpi__1,Sensor__4,2025/1/6 7:25,12.7,49.5,timer,3570
27599,Rpi__1,Sensor__4,2025/1/6 7:30,12.7,49.5,timer,3570
27603,Rpi__1,Sensor__4,2025/1/6 7:35,12.7,49.6,timer,3570
27607,Rpi__1,Sensor__4,2025/1/6 7:40,12.7,49.6,timer,3570
27611,Rpi__1,Sensor__4,2025/1/6 7:45,12.7,49.7,timer,3570
27615,Rpi__1,Sensor__4,2025/1/6 7:50,12.7,49.8,timer,3570
27619,Rpi__1,Sensor__4,2025/1/6 7:55,12.7,49.8,timer,3570
27623,Rpi__1,Sensor__4,2025/1/6 8:00,12.7,49.7,timer,3570
27627,Rpi__1,Sensor__4,2025/1/6 8:05,12.7,49.7,timer,3570
27631,Rpi__1,Sensor__4,2025/1/6 8:10,12.8,49.9,timer,3570
27635,Rpi__1,Sensor__4,2025/1/6 8:15,12.9,50.1,timer,3570
27639,Rpi__1,Sensor__4,2025/1/6 8:20,12.9,50.3,timer,3570
27643,Rpi__1,Sensor__4,2025/1/6 8:25,13,50.5,timer,3570
27647,Rpi__1,Sensor__4,2025/1/6 8:30,13.1,50.8,timer,3570
27651,Rpi__1,Sensor__4,2025/1/6 8:35,13.2,51.1,timer,3570
27655,Rpi__1,Sensor__4,2025/1/6 8:40,13.2,51.3,timer,3570
27659,Rpi__1,Sensor__4,2025/1/6 8:45,13.3,51.5,timer,3570
27663,Rpi__1,Sensor__4,2025/1/6 8:50,13.3,51.7,timer,3570
27667,Rpi__1,Sensor__4,2025/1/6 8:55,13.4,51.8,timer,3570
27671,Rpi__1,Sensor__4,2025/1/6 9:00,13.4,52,timer,3570
27675,Rpi__1,Sensor__4,2025/1/6 9:05,13.5,52.1,timer,3570
27679,Rpi__1,Sensor__4,2025/1/6 9:10,13.5,52.1,timer,3570
27683,Rpi__1,Sensor__4,2025/1/6 9:15,13.6,52.3,timer,3570
27687,Rpi__1,Sensor__4,2025/1/6 9:20,13.6,52.4,timer,3570
27691,Rpi__1,Sensor__4,2025/1/6 9:25,13.7,52.5,timer,3570
27695,Rpi__1,Sensor__4,2025/1/6 9:30,13.8,52.5,timer,3570
27699,Rpi__1,Sensor__4,2025/1/6 9:35,13.8,52.4,timer,3570
27703,Rpi__1,Sensor__4,2025/1/6 9:40,13.8,52.4,timer,3570
27707,Rpi__1,Sensor__4,2025/1/6 9:45,13.9,52.4,timer,3570
27711,Rpi__1,Sensor__4,2025/1/6 9:50,14,52.5,timer,3570
27715,Rpi__1,Sensor__4,2025/1/6 9:55,14.1,52.5,timer,3570
27719,Rpi__1,Sensor__4,2025/1/6 10:00,14.1,52.6,timer,3570
27723,Rpi__1,Sensor__4,2025/1/6 10:05,14.2,52.7,timer,3570
27727,Rpi__1,Sensor__4,2025/1/6 10:10,14.2,52.7,timer,3570
27731,Rpi__1,Sensor__4,2025/1/6 10:15,14.3,52.8,timer,3570
27735,Rpi__1,Sensor__4,2025/1/6 10:20,14.3,52.8,timer,3570
27739,Rpi__1,Sensor__4,2025/1/6 10:25,14.4,52.9,timer,3570
27743,Rpi__1,Sensor__4,2025/1/6 10:30,14.4,52.9,timer,3570
27747,Rpi__1,Sensor__4,2025/1/6 10:35,14.5,52.9,timer,3570
27751,Rpi__1,Sensor__4,2025/1/6 10:40,14.6,53,timer,3570
27755,Rpi__1,Sensor__4,2025/1/6 10:45,14.6,53.1,timer,3570
27759,Rpi__1,Sensor__4,2025/1/6 10:50,14.7,53,timer,3570
27763,Rpi__1,Sensor__4,2025/1/6 10:55,14.7,53.1,timer,3570
27767,Rpi__1,Sensor__4,2025/1/6 11:00,14.7,53.1,timer,3570
27771,Rpi__1,Sensor__4,2025/1/6 11:05,14.8,53.1,timer,3570
27775,Rpi__1,Sensor__4,2025/1/6 11:10,14.8,53.2,timer,3570
27779,Rpi__1,Sensor__4,2025/1/6 11:15,14.8,53.2,timer,3570
27783,Rpi__1,Sensor__4,2025/1/6 11:20,14.9,53.2,timer,3570
27787,Rpi__1,Sensor__4,2025/1/6 11:25,15,53.2,timer,3570
27791,Rpi__1,Sensor__4,2025/1/6 11:30,15,53.3,timer,3570
27795,Rpi__1,Sensor__4,2025/1/6 11:35,15,53.3,timer,3570
27799,Rpi__1,Sensor__4,2025/1/6 11:40,15.1,53.3,timer,3570
27803,Rpi__1,Sensor__4,2025/1/6 11:45,15.1,53.3,timer,3570
27809,Rpi__1,Sensor__4,2025/1/6 11:55,15.2,53.6,timer,10
27813,Rpi__1,Sensor__4,2025/1/6 12:00,15.2,53.6,timer,10
27817,Rpi__1,Sensor__4,2025/1/6 12:05,15.3,53.3,timer,10
27821,Rpi__1,Sensor__4,2025/1/6 12:10,15.3,53.3,timer,10
27825,Rpi__1,Sensor__4,2025/1/6 12:15,15.2,53.3,timer,10
27829,Rpi__1,Sensor__4,2025/1/6 12:20,15.3,53.2,timer,10
27833,Rpi__1,Sensor__4,2025/1/6 12:25,15.2,53.2,timer,10
27837,Rpi__1,Sensor__4,2025/1/6 12:30,15.3,53.3,timer,10
27841,Rpi__1,Sensor__4,2025/1/6 12:35,15.3,53.3,timer,10
27845,Rpi__1,Sensor__4,2025/1/6 12:40,15.3,53.2,timer,10
27849,Rpi__1,Sensor__4,2025/1/6 12:45,15.4,53.3,timer,10
27853,Rpi__1,Sensor__4,2025/1/6 12:50,15.4,53.3,timer,3570
27857,Rpi__1,Sensor__4,2025/1/6 12:55,15.4,53.2,timer,3570
27861,Rpi__1,Sensor__4,2025/1/6 13:00,15.5,53.2,timer,3570
27865,Rpi__1,Sensor__4,2025/1/6 13:05,15.5,53.2,timer,3570
27869,Rpi__1,Sensor__4,2025/1/6 13:10,15.5,53.2,timer,3570
27873,Rpi__1,Sensor__4,2025/1/6 13:15,15.5,53.2,timer,3570
27877,Rpi__1,Sensor__4,2025/1/6 13:20,15.6,53.2,timer,3570
27881,Rpi__1,Sensor__4,2025/1/6 13:25,15.6,53.1,timer,3570
27885,Rpi__1,Sensor__4,2025/1/6 13:30,15.6,53.1,timer,3570
27889,Rpi__1,Sensor__4,2025/1/6 13:35,15.6,53.1,timer,3570
27893,Rpi__1,Sensor__4,2025/1/6 13:40,15.6,53,timer,3570
27897,Rpi__1,Sensor__4,2025/1/6 13:45,15.6,53,timer,3570
27901,Rpi__1,Sensor__4,2025/1/6 13:50,15.6,53,timer,3570
27905,Rpi__1,Sensor__4,2025/1/6 13:55,15.7,52.9,timer,3570
27909,Rpi__1,Sensor__4,2025/1/6 14:00,15.7,52.9,timer,3570
27913,Rpi__1,Sensor__4,2025/1/6 14:05,15.7,52.9,timer,3570
27917,Rpi__1,Sensor__4,2025/1/6 14:10,15.7,52.8,timer,3570
27921,Rpi__1,Sensor__4,2025/1/6 14:15,15.7,52.8,timer,3570
27925,Rpi__1,Sensor__4,2025/1/6 14:20,15.7,52.8,timer,3570
27929,Rpi__1,Sensor__4,2025/1/6 14:25,15.8,52.8,timer,3570
27933,Rpi__1,Sensor__4,2025/1/6 14:30,15.8,52.8,timer,3570
27937,Rpi__1,Sensor__4,2025/1/6 14:35,15.8,52.8,timer,3570
27941,Rpi__1,Sensor__4,2025/1/6 14:40,15.8,52.7,timer,3570
27945,Rpi__1,Sensor__4,2025/1/6 14:45,15.8,52.7,timer,3570
27949,Rpi__1,Sensor__4,2025/1/6 14:50,15.8,52.6,timer,3570
27953,Rpi__1,Sensor__4,2025/1/6 14:55,15.9,52.7,timer,3570
27957,Rpi__1,Sensor__4,2025/1/6 15:00,15.9,52.7,timer,3570
27961,Rpi__1,Sensor__4,2025/1/6 15:05,15.9,52.6,timer,3570
27965,Rpi__1,Sensor__4,2025/1/6 15:10,15.9,52.6,timer,3570
27969,Rpi__1,Sensor__4,2025/1/6 15:15,15.9,52.6,timer,3570
27973,Rpi__1,Sensor__4,2025/1/6 15:20,15.9,52.6,timer,3570
27977,Rpi__1,Sensor__4,2025/1/6 15:25,15.9,52.6,timer,3570
27981,Rpi__1,Sensor__4,2025/1/6 15:30,16,52.6,timer,3570
27985,Rpi__1,Sensor__4,2025/1/6 15:35,16,52.5,timer,3570
27989,Rpi__1,Sensor__4,2025/1/6 15:40,15.9,52.5,timer,3570
27993,Rpi__1,Sensor__4,2025/1/6 15:45,16,52.4,timer,3570
27997,Rpi__1,Sensor__4,2025/1/6 15:50,16,52.3,timer,3570
28001,Rpi__1,Sensor__4,2025/1/6 15:55,15.9,52.3,timer,3570
28005,Rpi__1,Sensor__4,2025/1/6 16:00,15.9,52.2,timer,3570
28009,Rpi__1,Sensor__4,2025/1/6 16:05,15.9,52.1,timer,3570
28013,Rpi__1,Sensor__4,2025/1/6 16:10,15.9,52,timer,3570
28017,Rpi__1,Sensor__4,2025/1/6 16:15,15.9,51.8,timer,3570
28021,Rpi__1,Sensor__4,2025/1/6 16:20,16,51.7,timer,3570
28025,Rpi__1,Sensor__4,2025/1/6 16:25,16,51.6,timer,3570
28029,Rpi__1,Sensor__4,2025/1/6 16:30,16,51.4,timer,3570
28033,Rpi__1,Sensor__4,2025/1/6 16:35,16,51.3,timer,3570
28037,Rpi__1,Sensor__4,2025/1/6 16:40,16,51.2,timer,3570
28041,Rpi__1,Sensor__4,2025/1/6 16:45,16,51.1,timer,3570
28045,Rpi__1,Sensor__4,2025/1/6 16:50,16,50.9,timer,3570
28049,Rpi__1,Sensor__4,2025/1/6 16:55,16,50.8,timer,3570
28053,Rpi__1,Sensor__4,2025/1/6 17:00,16,50.6,timer,3570
28057,Rpi__1,Sensor__4,2025/1/6 17:05,16,50.5,timer,3570
28061,Rpi__1,Sensor__4,2025/1/6 17:10,16,50.4,timer,3570
28065,Rpi__1,Sensor__4,2025/1/6 17:15,16,50.2,timer,3570
28069,Rpi__1,Sensor__4,2025/1/6 17:20,16,50.1,timer,3570
28073,Rpi__1,Sensor__4,2025/1/6 17:25,16,50,timer,3570
28077,Rpi__1,Sensor__4,2025/1/6 17:30,16,49.9,timer,3570
28081,Rpi__1,Sensor__4,2025/1/6 17:35,16,49.7,timer,3570
28085,Rpi__1,Sensor__4,2025/1/6 17:40,16,49.7,timer,3570
28089,Rpi__1,Sensor__4,2025/1/6 17:45,16,49.5,timer,3570
28093,Rpi__1,Sensor__4,2025/1/6 17:50,16,49.5,timer,3570
28097,Rpi__1,Sensor__4,2025/1/6 17:55,16,49.2,timer,3570
28101,Rpi__1,Sensor__4,2025/1/6 18:00,16,49.2,timer,3570
28105,Rpi__1,Sensor__4,2025/1/6 18:05,16,49.2,timer,3570
28109,Rpi__1,Sensor__4,2025/1/6 18:10,16,49.2,timer,3570
28113,Rpi__1,Sensor__4,2025/1/6 18:15,16,48.9,timer,3570
28117,Rpi__1,Sensor__4,2025/1/6 18:20,16,48.9,timer,3570
28121,Rpi__1,Sensor__4,2025/1/6 18:25,16,48.7,timer,3570
28125,Rpi__1,Sensor__4,2025/1/6 18:30,15.9,48.6,timer,3570
28129,Rpi__1,Sensor__4,2025/1/6 18:35,16,48.6,timer,3570
28133,Rpi__1,Sensor__4,2025/1/6 18:40,16,48.6,timer,3570
28137,Rpi__1,Sensor__4,2025/1/6 18:45,16,48.3,timer,3570
28141,Rpi__1,Sensor__4,2025/1/6 18:50,15.9,48.2,timer,3570
28145,Rpi__1,Sensor__4,2025/1/6 18:55,15.9,48.1,timer,3570
28149,Rpi__1,Sensor__4,2025/1/6 19:00,15.9,48,timer,3570
28153,Rpi__1,Sensor__4,2025/1/6 19:05,15.9,48,timer,3570
28157,Rpi__1,Sensor__4,2025/1/6 19:10,15.9,47.9,timer,3570
28161,Rpi__1,Sensor__4,2025/1/6 19:15,15.9,47.7,timer,3570
28165,Rpi__1,Sensor__4,2025/1/6 19:20,15.9,47.6,timer,3570
28169,Rpi__1,Sensor__4,2025/1/6 19:25,15.9,47.5,timer,3570
28173,Rpi__1,Sensor__4,2025/1/6 19:30,15.8,47.3,timer,3570
28177,Rpi__1,Sensor__4,2025/1/6 19:35,15.8,47.3,timer,3570
28181,Rpi__1,Sensor__4,2025/1/6 19:40,15.8,47.2,timer,3570
28185,Rpi__1,Sensor__4,2025/1/6 19:45,15.8,47.2,timer,3570
28189,Rpi__1,Sensor__4,2025/1/6 19:50,15.8,47.1,timer,3570
28193,Rpi__1,Sensor__4,2025/1/6 19:55,15.8,47,timer,3570
28197,Rpi__1,Sensor__4,2025/1/6 20:00,15.8,46.9,timer,3570
28201,Rpi__1,Sensor__4,2025/1/6 20:05,15.8,46.8,timer,3570
28205,Rpi__1,Sensor__4,2025/1/6 20:10,15.7,46.7,timer,3570
28209,Rpi__1,Sensor__4,2025/1/6 20:15,15.7,46.5,timer,3570
28213,Rpi__1,Sensor__4,2025/1/6 20:20,15.6,46.4,timer,3570
28217,Rpi__1,Sensor__4,2025/1/6 20:25,15.6,46.4,timer,3570
28221,Rpi__1,Sensor__4,2025/1/6 20:30,15.5,46.4,timer,3570
28225,Rpi__1,Sensor__4,2025/1/6 20:35,15.5,46.2,timer,3570
28229,Rpi__1,Sensor__4,2025/1/6 20:40,15.5,46.6,timer,3570
28233,Rpi__1,Sensor__4,2025/1/6 20:45,15.4,46.7,timer,3570
28237,Rpi__1,Sensor__4,2025/1/6 20:50,15.4,46.6,timer,3570
28241,Rpi__1,Sensor__4,2025/1/6 20:55,15.3,46.6,timer,3570
28245,Rpi__1,Sensor__4,2025/1/6 21:00,15.3,46.6,timer,3570
28249,Rpi__1,Sensor__4,2025/1/6 21:05,15.3,46.6,timer,3570
28253,Rpi__1,Sensor__4,2025/1/6 21:10,15.2,46.7,timer,3570
28257,Rpi__1,Sensor__4,2025/1/6 21:15,15.2,46.6,timer,3570
28261,Rpi__1,Sensor__4,2025/1/6 21:20,15.1,46.7,timer,3570
28265,Rpi__1,Sensor__4,2025/1/6 21:25,15.1,46.7,timer,3570
28269,Rpi__1,Sensor__4,2025/1/6 21:30,15,46.7,timer,3570
28273,Rpi__1,Sensor__4,2025/1/6 21:35,15,46.7,timer,3570
28277,Rpi__1,Sensor__4,2025/1/6 21:40,15,46.7,timer,3570
28281,Rpi__1,Sensor__4,2025/1/6 21:45,14.9,46.7,timer,3570
28285,Rpi__1,Sensor__4,2025/1/6 21:50,14.9,46.6,timer,3570
28289,Rpi__1,Sensor__4,2025/1/6 21:55,14.9,46.6,timer,3570
28293,Rpi__1,Sensor__4,2025/1/6 22:00,14.8,46.6,timer,3570
28297,Rpi__1,Sensor__4,2025/1/6 22:05,14.8,46.6,timer,3570
28301,Rpi__1,Sensor__4,2025/1/6 22:10,14.8,46.6,timer,3570
28305,Rpi__1,Sensor__4,2025/1/6 22:20,14.8,46.6,timer,3570
28309,Rpi__1,Sensor__4,2025/1/6 22:25,14.7,46.5,timer,3570
28313,Rpi__1,Sensor__4,2025/1/6 22:30,14.7,46.5,timer,3570
28317,Rpi__1,Sensor__4,2025/1/6 22:35,14.7,46.5,timer,3570
28321,Rpi__1,Sensor__4,2025/1/6 22:40,14.6,46.4,timer,3570
28325,Rpi__1,Sensor__4,2025/1/6 22:45,14.6,46.4,timer,3570
28329,Rpi__1,Sensor__4,2025/1/6 22:50,14.6,46.4,timer,3570
28333,Rpi__1,Sensor__4,2025/1/6 22:55,14.6,46.4,timer,3570
28337,Rpi__1,Sensor__4,2025/1/6 23:00,14.6,46.4,timer,3570
28341,Rpi__1,Sensor__4,2025/1/6 23:05,14.6,46.3,timer,3570
28345,Rpi__1,Sensor__4,2025/1/6 23:10,14.5,46.3,timer,3570
28349,Rpi__1,Sensor__4,2025/1/6 23:15,14.5,46.3,timer,3570
28353,Rpi__1,Sensor__4,2025/1/6 23:20,14.5,46.3,timer,3570
28357,Rpi__1,Sensor__4,2025/1/6 23:25,14.5,46.3,timer,3570
28361,Rpi__1,Sensor__4,2025/1/6 23:30,14.5,46.3,timer,3570
28365,Rpi__1,Sensor__4,2025/1/6 23:35,14.5,46.3,timer,3570
28369,Rpi__1,Sensor__4,2025/1/6 23:40,14.4,46.2,timer,3570
28373,Rpi__1,Sensor__4,2025/1/6 23:45,14.4,46.3,timer,3570
28377,Rpi__1,Sensor__4,2025/1/6 23:50,14.4,46.3,timer,3570
28381,Rpi__1,Sensor__4,2025/1/6 23:55,14.4,46.3,timer,43170
28385,Rpi__1,Sensor__4,2025/1/7 0:00,14.4,46.3,timer,43170
28389,Rpi__1,Sensor__4,2025/1/7 0:05,14.3,46.2,timer,43170
28393,Rpi__1,Sensor__4,2025/1/7 0:10,14.3,46.2,timer,43170
28397,Rpi__1,Sensor__4,2025/1/7 0:15,14.3,46.2,timer,43170
28401,Rpi__1,Sensor__4,2025/1/7 0:20,14.3,46.2,timer,43170
28405,Rpi__1,Sensor__4,2025/1/7 0:25,14.3,46.2,timer,43170
28409,Rpi__1,Sensor__4,2025/1/7 0:30,14.2,46.1,timer,43170
28413,Rpi__1,Sensor__4,2025/1/7 0:35,14.2,46.1,timer,43170
28417,Rpi__1,Sensor__4,2025/1/7 0:40,14.2,46.1,timer,43170
28421,Rpi__1,Sensor__4,2025/1/7 0:45,14.2,46.1,timer,43170
28425,Rpi__1,Sensor__4,2025/1/7 0:50,14.2,46,timer,43170
28429,Rpi__1,Sensor__4,2025/1/7 0:55,14.2,46,timer,3570
28433,Rpi__1,Sensor__4,2025/1/7 1:00,14.2,46.1,timer,3570
28437,Rpi__1,Sensor__4,2025/1/7 1:05,14.2,46.1,timer,3570
28441,Rpi__1,Sensor__4,2025/1/7 1:10,14.1,46.1,timer,3570
28445,Rpi__1,Sensor__4,2025/1/7 1:15,14.1,46.1,timer,3570
28449,Rpi__1,Sensor__4,2025/1/7 1:20,14.1,46.1,timer,3570
28453,Rpi__1,Sensor__4,2025/1/7 1:25,14.1,45.9,timer,3570
28457,Rpi__1,Sensor__4,2025/1/7 1:30,14.1,46.1,timer,3570
28461,Rpi__1,Sensor__4,2025/1/7 1:35,14,46,timer,3570
28465,Rpi__1,Sensor__4,2025/1/7 1:40,14,46,timer,3570
28469,Rpi__1,Sensor__4,2025/1/7 1:45,14,45.9,timer,3570
28473,Rpi__1,Sensor__4,2025/1/7 1:50,14,45.9,timer,3570
28477,Rpi__1,Sensor__4,2025/1/7 1:55,14,45.8,timer,3570
28481,Rpi__1,Sensor__4,2025/1/7 2:00,14,45.9,timer,3570
28485,Rpi__1,Sensor__4,2025/1/7 2:05,14,45.8,timer,3570
28489,Rpi__1,Sensor__4,2025/1/7 2:10,14,45.7,timer,3570
28493,Rpi__1,Sensor__4,2025/1/7 2:15,13.9,45.7,timer,3570
28497,Rpi__1,Sensor__4,2025/1/7 2:20,13.9,45.7,timer,3570
28501,Rpi__1,Sensor__4,2025/1/7 2:25,13.9,45.7,timer,3570
28505,Rpi__1,Sensor__4,2025/1/7 2:30,13.9,45.7,timer,3570
28509,Rpi__1,Sensor__4,2025/1/7 2:35,13.9,45.7,timer,3570
28513,Rpi__1,Sensor__4,2025/1/7 2:40,13.9,45.7,timer,3570
28517,Rpi__1,Sensor__4,2025/1/7 2:45,13.8,45.6,timer,3570
28521,Rpi__1,Sensor__4,2025/1/7 2:50,13.9,45.6,timer,3570
28525,Rpi__1,Sensor__4,2025/1/7 2:55,13.9,45.6,timer,3570
28529,Rpi__1,Sensor__4,2025/1/7 3:00,13.8,45.6,timer,3570
28533,Rpi__1,Sensor__4,2025/1/7 3:05,13.8,45.6,timer,3570
28537,Rpi__1,Sensor__4,2025/1/7 3:10,13.8,45.5,timer,3570
28541,Rpi__1,Sensor__4,2025/1/7 3:15,13.8,45.5,timer,3570
28545,Rpi__1,Sensor__4,2025/1/7 3:20,13.8,45.4,timer,3570
28549,Rpi__1,Sensor__4,2025/1/7 3:25,13.8,45.5,timer,3570
28553,Rpi__1,Sensor__4,2025/1/7 3:30,13.8,45.4,timer,3570
28557,Rpi__1,Sensor__4,2025/1/7 3:35,13.8,45.5,timer,3570
28561,Rpi__1,Sensor__4,2025/1/7 3:40,13.7,45.3,timer,3570
28565,Rpi__1,Sensor__4,2025/1/7 3:45,13.8,45.3,timer,3570
28569,Rpi__1,Sensor__4,2025/1/7 3:50,13.8,45.3,timer,3570
28573,Rpi__1,Sensor__4,2025/1/7 3:55,13.7,45.3,timer,3570
28577,Rpi__1,Sensor__4,2025/1/7 4:00,13.7,45.1,timer,3570
28581,Rpi__1,Sensor__4,2025/1/7 4:05,13.7,45.2,timer,3570
28585,Rpi__1,Sensor__4,2025/1/7 4:10,13.7,45.1,timer,3570
28589,Rpi__1,Sensor__4,2025/1/7 4:15,13.7,45,timer,3570
28593,Rpi__1,Sensor__4,2025/1/7 4:20,13.7,45,timer,3570
28597,Rpi__1,Sensor__4,2025/1/7 4:25,13.7,45,timer,3570
28601,Rpi__1,Sensor__4,2025/1/7 4:30,13.7,44.9,timer,3570
28605,Rpi__1,Sensor__4,2025/1/7 4:35,13.7,44.8,timer,3570
28609,Rpi__1,Sensor__4,2025/1/7 4:40,13.7,44.9,timer,3570
28613,Rpi__1,Sensor__4,2025/1/7 4:45,13.7,44.8,timer,3570
28617,Rpi__1,Sensor__4,2025/1/7 4:50,13.6,44.7,timer,3570
28621,Rpi__1,Sensor__4,2025/1/7 4:55,13.7,44.7,timer,3570
28625,Rpi__1,Sensor__4,2025/1/7 5:00,13.6,44.6,timer,3570
28629,Rpi__1,Sensor__4,2025/1/7 5:05,13.6,44.6,timer,3570
28633,Rpi__1,Sensor__4,2025/1/7 5:10,13.6,44.5,timer,3570
28637,Rpi__1,Sensor__4,2025/1/7 5:15,13.6,44.4,timer,3570
28641,Rpi__1,Sensor__4,2025/1/7 5:20,13.7,44.3,timer,3570
28645,Rpi__1,Sensor__4,2025/1/7 5:25,13.6,44.1,timer,3570
28649,Rpi__1,Sensor__4,2025/1/7 5:30,13.6,43.9,timer,3570
28653,Rpi__1,Sensor__4,2025/1/7 5:35,13.6,43.5,timer,3570
28657,Rpi__1,Sensor__4,2025/1/7 5:40,13.6,43.5,timer,3570
28661,Rpi__1,Sensor__4,2025/1/7 5:45,13.6,43.4,timer,3570
28665,Rpi__1,Sensor__4,2025/1/7 5:50,13.6,43.3,timer,3570
28669,Rpi__1,Sensor__4,2025/1/7 5:55,13.6,43.4,timer,3570
28673,Rpi__1,Sensor__4,2025/1/7 6:00,13.6,43.3,timer,3570
28677,Rpi__1,Sensor__4,2025/1/7 6:05,13.6,43.2,timer,3570
28681,Rpi__1,Sensor__4,2025/1/7 6:10,13.6,43.1,timer,3570
28685,Rpi__1,Sensor__4,2025/1/7 6:15,13.6,43.1,timer,3570
28689,Rpi__1,Sensor__4,2025/1/7 6:20,13.6,43.1,timer,3570
28693,Rpi__1,Sensor__4,2025/1/7 6:25,13.6,43.1,timer,3570
28697,Rpi__1,Sensor__4,2025/1/7 6:30,13.5,43.1,timer,3570
28701,Rpi__1,Sensor__4,2025/1/7 6:35,13.6,43.1,timer,3570
28705,Rpi__1,Sensor__4,2025/1/7 6:40,13.6,43.1,timer,3570
28709,Rpi__1,Sensor__4,2025/1/7 6:45,13.5,43.1,timer,3570
28713,Rpi__1,Sensor__4,2025/1/7 6:50,13.5,42.9,timer,3570
28717,Rpi__1,Sensor__4,2025/1/7 6:55,13.5,43,timer,3570
28721,Rpi__1,Sensor__4,2025/1/7 7:00,13.5,42.9,timer,3570
28725,Rpi__1,Sensor__4,2025/1/7 7:05,13.5,42.8,timer,3570
28729,Rpi__1,Sensor__4,2025/1/7 7:10,13.5,42.8,timer,3570
28733,Rpi__1,Sensor__4,2025/1/7 7:15,13.5,42.8,timer,3570
28737,Rpi__1,Sensor__4,2025/1/7 7:20,13.5,42.8,timer,3570
28741,Rpi__1,Sensor__4,2025/1/7 7:25,13.5,42.7,timer,3570
28745,Rpi__1,Sensor__4,2025/1/7 7:30,13.5,42.8,timer,3570
28749,Rpi__1,Sensor__4,2025/1/7 7:35,13.5,42.8,timer,3570
28753,Rpi__1,Sensor__4,2025/1/7 7:40,13.5,42.7,timer,3570
28757,Rpi__1,Sensor__4,2025/1/7 7:45,13.4,42.6,timer,3570
28761,Rpi__1,Sensor__4,2025/1/7 7:50,13.4,42.6,timer,3570
28765,Rpi__1,Sensor__4,2025/1/7 7:55,13.4,42.6,timer,3570
28769,Rpi__1,Sensor__4,2025/1/7 8:00,13.5,42.4,timer,3570
28773,Rpi__1,Sensor__4,2025/1/7 8:05,13.4,42.4,timer,3570
28777,Rpi__1,Sensor__4,2025/1/7 8:10,13.5,42.4,timer,3570
28781,Rpi__1,Sensor__4,2025/1/7 8:15,13.5,42.4,timer,3570
28785,Rpi__1,Sensor__4,2025/1/7 8:20,13.5,42.5,timer,3570
28789,Rpi__1,Sensor__4,2025/1/7 8:25,13.6,42.7,timer,3570
28793,Rpi__1,Sensor__4,2025/1/7 8:30,13.6,42.7,timer,3570
28797,Rpi__1,Sensor__4,2025/1/7 8:35,13.7,42.7,timer,3570
28801,Rpi__1,Sensor__4,2025/1/7 8:40,13.7,43.2,timer,3570
28805,Rpi__1,Sensor__4,2025/1/7 8:45,13.7,43.2,timer,3570
28809,Rpi__1,Sensor__4,2025/1/7 8:50,13.9,44,timer,3570
28813,Rpi__1,Sensor__4,2025/1/7 8:55,13.9,44.1,timer,3570
28817,Rpi__1,Sensor__4,2025/1/7 9:00,14,44,timer,3570
28821,Rpi__1,Sensor__4,2025/1/7 9:05,14,43.7,timer,3570
28825,Rpi__1,Sensor__4,2025/1/7 9:10,14,43.5,timer,3570
28829,Rpi__1,Sensor__4,2025/1/7 9:15,14.1,43.3,timer,3570
28833,Rpi__1,Sensor__4,2025/1/7 9:20,14.1,43.1,timer,3570
28837,Rpi__1,Sensor__4,2025/1/7 9:25,14.1,43.1,timer,3570
28841,Rpi__1,Sensor__4,2025/1/7 9:30,14.2,43.4,timer,3570
28845,Rpi__1,Sensor__4,2025/1/7 9:35,14.2,43.4,timer,3570
28849,Rpi__1,Sensor__4,2025/1/7 9:40,14.3,44.1,timer,3570
28853,Rpi__1,Sensor__4,2025/1/7 9:45,14.4,44.3,timer,3570
28857,Rpi__1,Sensor__4,2025/1/7 9:50,14.5,44.3,timer,3570
28861,Rpi__1,Sensor__4,2025/1/7 9:55,14.6,44.1,timer,3570
28865,Rpi__1,Sensor__4,2025/1/7 10:00,14.6,44,timer,3570
28869,Rpi__1,Sensor__4,2025/1/7 10:05,14.7,43.9,timer,3570
28873,Rpi__1,Sensor__4,2025/1/7 10:10,14.8,43.9,timer,3570
28877,Rpi__1,Sensor__4,2025/1/7 10:15,14.8,43.8,timer,3570
28881,Rpi__1,Sensor__4,2025/1/7 10:20,14.9,43.9,timer,3570
28885,Rpi__1,Sensor__4,2025/1/7 10:25,15,43.9,timer,3570
28889,Rpi__1,Sensor__4,2025/1/7 10:30,15,43.9,timer,3570
28893,Rpi__1,Sensor__4,2025/1/7 10:35,15.1,44.1,timer,3570
28897,Rpi__1,Sensor__4,2025/1/7 10:40,15.2,44.2,timer,3570
28901,Rpi__1,Sensor__4,2025/1/7 10:45,15.2,44.3,timer,3570
28905,Rpi__1,Sensor__4,2025/1/7 10:50,15.3,44.5,timer,3570
28909,Rpi__1,Sensor__4,2025/1/7 10:55,15.3,44.5,timer,3570
28913,Rpi__1,Sensor__4,2025/1/7 11:00,15.4,44.5,timer,3570
28917,Rpi__1,Sensor__4,2025/1/7 11:05,15.4,44.5,timer,3570
28921,Rpi__1,Sensor__4,2025/1/7 11:10,15.4,44.6,timer,3570
28925,Rpi__1,Sensor__4,2025/1/7 11:15,15.4,44.6,timer,3570
28929,Rpi__1,Sensor__4,2025/1/7 11:20,15.5,44.8,timer,3570
28933,Rpi__1,Sensor__4,2025/1/7 11:25,15.6,44.9,timer,3570
28937,Rpi__1,Sensor__4,2025/1/7 11:30,15.6,45,timer,3570
28941,Rpi__1,Sensor__4,2025/1/7 11:35,15.6,45.1,timer,3570
28945,Rpi__1,Sensor__4,2025/1/7 11:40,15.6,45,timer,3570
28949,Rpi__1,Sensor__4,2025/1/7 11:45,15.7,45.2,timer,3570
28953,Rpi__1,Sensor__4,2025/1/7 11:50,15.7,45.1,timer,43170
28957,Rpi__1,Sensor__4,2025/1/7 11:55,15.7,45.2,timer,43170
28961,Rpi__1,Sensor__4,2025/1/7 12:00,15.6,45.2,timer,43170
28965,Rpi__1,Sensor__4,2025/1/7 12:05,15.6,45.4,timer,43170
28969,Rpi__1,Sensor__4,2025/1/7 12:10,15.7,45.5,timer,43170
28973,Rpi__1,Sensor__4,2025/1/7 12:15,15.7,45.6,timer,43170
28977,Rpi__1,Sensor__4,2025/1/7 12:20,15.8,45.7,timer,43170
28981,Rpi__1,Sensor__4,2025/1/7 12:25,15.8,45.7,timer,43170
28985,Rpi__1,Sensor__4,2025/1/7 12:30,15.8,45.8,timer,43170
28989,Rpi__1,Sensor__4,2025/1/7 12:35,15.8,45.9,timer,43170
28993,Rpi__1,Sensor__4,2025/1/7 12:40,15.8,45.9,timer,43170
28997,Rpi__1,Sensor__4,2025/1/7 12:45,15.8,45.8,timer,43170
29001,Rpi__1,Sensor__4,2025/1/7 12:50,15.7,45.8,timer,43170
29005,Rpi__1,Sensor__4,2025/1/7 12:55,15.7,45.7,timer,3570
29009,Rpi__1,Sensor__4,2025/1/7 13:00,15.7,45.7,timer,3570
29013,Rpi__1,Sensor__4,2025/1/7 13:05,15.7,45.6,timer,3570
29017,Rpi__1,Sensor__4,2025/1/7 13:10,15.7,45.4,timer,3570
29021,Rpi__1,Sensor__4,2025/1/7 13:15,15.7,45.3,timer,3570
29025,Rpi__1,Sensor__4,2025/1/7 13:20,15.8,45.2,timer,3570
29029,Rpi__1,Sensor__4,2025/1/7 13:25,15.8,45.1,timer,3570
29033,Rpi__1,Sensor__4,2025/1/7 13:30,15.9,45,timer,3570
29037,Rpi__1,Sensor__4,2025/1/7 13:35,16,44.8,timer,3570
29041,Rpi__1,Sensor__4,2025/1/7 13:40,16,44.6,timer,3570
29045,Rpi__1,Sensor__4,2025/1/7 13:45,16.1,44.6,timer,3570
29049,Rpi__1,Sensor__4,2025/1/7 13:50,16.1,44.4,timer,3570
29053,Rpi__1,Sensor__4,2025/1/7 13:55,16.1,44.3,timer,3570
29057,Rpi__1,Sensor__4,2025/1/7 14:00,16.2,44.2,timer,3570
29061,Rpi__1,Sensor__4,2025/1/7 14:05,16.2,44,timer,3570
29065,Rpi__1,Sensor__4,2025/1/7 14:10,16.2,43.8,timer,3570
29069,Rpi__1,Sensor__4,2025/1/7 14:15,16.3,43.7,timer,3570
29073,Rpi__1,Sensor__4,2025/1/7 14:20,16.3,43.5,timer,3570
29077,Rpi__1,Sensor__4,2025/1/7 14:25,16.4,43.3,timer,3570
29081,Rpi__1,Sensor__4,2025/1/7 14:30,16.4,43.3,timer,3570
29085,Rpi__1,Sensor__4,2025/1/7 14:35,16.5,42.9,timer,3570
29089,Rpi__1,Sensor__4,2025/1/7 14:40,16.5,42.9,timer,3570
29093,Rpi__1,Sensor__4,2025/1/7 14:45,16.5,42.7,timer,3570
29097,Rpi__1,Sensor__4,2025/1/7 14:50,16.6,42.5,timer,3570
29101,Rpi__1,Sensor__4,2025/1/7 14:55,16.6,42.3,timer,3570
29105,Rpi__1,Sensor__4,2025/1/7 15:00,16.6,42.2,timer,3570
29109,Rpi__1,Sensor__4,2025/1/7 15:05,16.7,42,timer,3570
29113,Rpi__1,Sensor__4,2025/1/7 15:10,16.7,41.9,timer,3570
29117,Rpi__1,Sensor__4,2025/1/7 15:15,16.8,41.8,timer,3570
29121,Rpi__1,Sensor__4,2025/1/7 15:20,16.8,41.8,timer,3570
29125,Rpi__1,Sensor__4,2025/1/7 15:25,16.8,41.8,timer,3570
29129,Rpi__1,Sensor__4,2025/1/7 15:30,16.8,41.8,timer,3570
29133,Rpi__1,Sensor__4,2025/1/7 15:35,16.9,41.2,timer,3570
29137,Rpi__1,Sensor__4,2025/1/7 15:40,16.9,41,timer,3570
29141,Rpi__1,Sensor__4,2025/1/7 15:45,16.9,41,timer,3570
29145,Rpi__1,Sensor__4,2025/1/7 15:50,16.9,40.8,timer,3570
29149,Rpi__1,Sensor__4,2025/1/7 15:55,16.9,40.6,timer,3570
29153,Rpi__1,Sensor__4,2025/1/7 16:00,16.9,40.5,timer,3570
29157,Rpi__1,Sensor__4,2025/1/7 16:05,16.9,40.5,timer,3570
29161,Rpi__1,Sensor__4,2025/1/7 16:10,16.9,40.5,timer,3570
29165,Rpi__1,Sensor__4,2025/1/7 16:15,17,40.1,timer,3570
29169,Rpi__1,Sensor__4,2025/1/7 16:20,17,40,timer,3570
29173,Rpi__1,Sensor__4,2025/1/7 16:25,17,40,timer,3570
29177,Rpi__1,Sensor__4,2025/1/7 16:30,17,39.8,timer,3570
29181,Rpi__1,Sensor__4,2025/1/7 16:35,17.1,39.8,timer,3570
29185,Rpi__1,Sensor__4,2025/1/7 16:40,17.1,39.8,timer,3570
29189,Rpi__1,Sensor__4,2025/1/7 16:45,17.1,39.8,timer,3570
29193,Rpi__1,Sensor__4,2025/1/7 16:50,17.1,39.5,timer,3570
29197,Rpi__1,Sensor__4,2025/1/7 16:55,17.2,39.4,timer,3570
29201,Rpi__1,Sensor__4,2025/1/7 17:00,17.2,39.4,timer,3570
29205,Rpi__1,Sensor__4,2025/1/7 17:05,17.2,39.3,timer,3570
29209,Rpi__1,Sensor__4,2025/1/7 17:10,17.3,39.3,timer,3570
29213,Rpi__1,Sensor__4,2025/1/7 17:15,17.3,39.2,timer,3570
29217,Rpi__1,Sensor__4,2025/1/7 17:20,17.3,39.2,timer,3570
29221,Rpi__1,Sensor__4,2025/1/7 17:25,17.3,39.2,timer,3570
29225,Rpi__1,Sensor__4,2025/1/7 17:30,17.3,39,timer,3570
29229,Rpi__1,Sensor__4,2025/1/7 17:35,17.4,39,timer,3570
29233,Rpi__1,Sensor__4,2025/1/7 17:40,17.4,39,timer,3570
29237,Rpi__1,Sensor__4,2025/1/7 17:45,17.4,39,timer,3570
29241,Rpi__1,Sensor__4,2025/1/7 17:50,17.5,39,timer,3570
29245,Rpi__1,Sensor__4,2025/1/7 17:55,17.5,38.9,timer,3570
29249,Rpi__1,Sensor__4,2025/1/7 18:00,17.5,38.9,timer,3570
29253,Rpi__1,Sensor__4,2025/1/7 18:05,17.5,38.8,timer,3570
29257,Rpi__1,Sensor__4,2025/1/7 18:10,17.5,38.9,timer,3570
29261,Rpi__1,Sensor__4,2025/1/7 18:15,17.5,38.8,timer,3570
29265,Rpi__1,Sensor__4,2025/1/7 18:20,17.5,38.8,timer,3570
29269,Rpi__1,Sensor__4,2025/1/7 18:25,17.5,38.8,timer,3570
29273,Rpi__1,Sensor__4,2025/1/7 18:30,17.5,38.8,timer,3570
29277,Rpi__1,Sensor__4,2025/1/7 18:35,17.5,38.8,timer,3570
29281,Rpi__1,Sensor__4,2025/1/7 18:40,17.5,38.8,timer,3570
29285,Rpi__1,Sensor__4,2025/1/7 18:45,17.5,38.8,timer,3570
29289,Rpi__1,Sensor__4,2025/1/7 18:50,17.4,38.8,timer,3570
29293,Rpi__1,Sensor__4,2025/1/7 18:55,17.5,38.8,timer,3570
29297,Rpi__1,Sensor__4,2025/1/7 19:00,17.5,38.7,timer,3570
29301,Rpi__1,Sensor__4,2025/1/7 19:05,17.4,38.6,timer,3570
29305,Rpi__1,Sensor__4,2025/1/7 19:10,17.4,38.6,timer,3570
29309,Rpi__1,Sensor__4,2025/1/7 19:15,17.5,38.6,timer,3570
29313,Rpi__1,Sensor__4,2025/1/7 19:20,17.5,38.6,timer,3570
29317,Rpi__1,Sensor__4,2025/1/7 19:25,17.5,38.5,timer,3570
29321,Rpi__1,Sensor__4,2025/1/7 19:30,17.5,38.5,timer,3570
29325,Rpi__1,Sensor__4,2025/1/7 19:35,17.5,38.5,timer,3570
29329,Rpi__1,Sensor__4,2025/1/7 19:40,17.4,38.4,timer,3570
29333,Rpi__1,Sensor__4,2025/1/7 19:45,17.5,38.3,timer,3570
29337,Rpi__1,Sensor__4,2025/1/7 19:50,17.5,38.2,timer,3570
29341,Rpi__1,Sensor__4,2025/1/7 19:55,17.5,38.2,timer,3570
29345,Rpi__1,Sensor__4,2025/1/7 20:00,17.5,38.2,timer,3570
29349,Rpi__1,Sensor__4,2025/1/7 20:05,17.5,38.1,timer,3570
29353,Rpi__1,Sensor__4,2025/1/7 20:10,17.5,38,timer,3570
29357,Rpi__1,Sensor__4,2025/1/7 20:15,17.4,38,timer,3570
29361,Rpi__1,Sensor__4,2025/1/7 20:20,17.3,38.1,timer,3570
29365,Rpi__1,Sensor__4,2025/1/7 20:25,17.2,38.1,timer,3570
29369,Rpi__1,Sensor__4,2025/1/7 20:30,17.2,38.5,timer,3570
29373,Rpi__1,Sensor__4,2025/1/7 20:35,17.1,38.6,timer,3570
29377,Rpi__1,Sensor__4,2025/1/7 20:40,17,38.8,timer,3570
29381,Rpi__1,Sensor__4,2025/1/7 20:45,17,38.9,timer,3570
29385,Rpi__1,Sensor__4,2025/1/7 20:50,16.8,39,timer,3570
29389,Rpi__1,Sensor__4,2025/1/7 20:55,16.8,39.1,timer,3570
29393,Rpi__1,Sensor__4,2025/1/7 21:00,16.7,39.2,timer,3570
29397,Rpi__1,Sensor__4,2025/1/7 21:10,16.6,39.4,timer,3570
29401,Rpi__1,Sensor__4,2025/1/7 21:15,16.6,39.4,timer,3570
29405,Rpi__1,Sensor__4,2025/1/7 21:20,16.6,39.4,timer,3570
29409,Rpi__1,Sensor__4,2025/1/7 21:25,16.4,39.6,timer,3570
29413,Rpi__1,Sensor__4,2025/1/7 21:30,16.4,39.6,timer,3570
29417,Rpi__1,Sensor__4,2025/1/7 21:35,16.3,39.7,timer,3570
29421,Rpi__1,Sensor__4,2025/1/7 21:40,16.3,39.7,timer,3570
29425,Rpi__1,Sensor__4,2025/1/7 21:45,16.2,39.8,timer,3570
29429,Rpi__1,Sensor__4,2025/1/7 21:50,16.1,39.8,timer,3570
29433,Rpi__1,Sensor__4,2025/1/7 21:55,16.1,39.8,timer,3570
29437,Rpi__1,Sensor__4,2025/1/7 22:00,16,39.8,timer,3570
29441,Rpi__1,Sensor__4,2025/1/7 22:05,16,39.9,timer,3570
29445,Rpi__1,Sensor__4,2025/1/7 22:10,16,39.9,timer,3570
29449,Rpi__1,Sensor__4,2025/1/7 22:15,15.9,39.9,timer,3570
29453,Rpi__1,Sensor__4,2025/1/7 22:20,15.9,39.9,timer,3570
29457,Rpi__1,Sensor__4,2025/1/7 22:25,15.8,39.9,timer,3570
29461,Rpi__1,Sensor__4,2025/1/7 22:30,15.8,39.9,timer,3570
29465,Rpi__1,Sensor__4,2025/1/7 22:35,15.7,39.9,timer,3570
29469,Rpi__1,Sensor__4,2025/1/7 22:40,15.7,39.9,timer,3570
29473,Rpi__1,Sensor__4,2025/1/7 22:45,15.7,40,timer,3570
29477,Rpi__1,Sensor__4,2025/1/7 22:50,15.6,39.9,timer,3570
29481,Rpi__1,Sensor__4,2025/1/7 22:55,15.6,39.9,timer,3570
29485,Rpi__1,Sensor__4,2025/1/7 23:00,15.6,40,timer,3570
29489,Rpi__1,Sensor__4,2025/1/7 23:05,15.6,39.9,timer,3570
29493,Rpi__1,Sensor__4,2025/1/7 23:10,15.5,39.9,timer,3570
29497,Rpi__1,Sensor__4,2025/1/7 23:15,15.5,39.9,timer,3570
29501,Rpi__1,Sensor__4,2025/1/7 23:20,15.5,39.9,timer,3570
29505,Rpi__1,Sensor__4,2025/1/7 23:25,15.4,39.9,timer,3570
29509,Rpi__1,Sensor__4,2025/1/7 23:30,15.4,39.9,timer,3570
29513,Rpi__1,Sensor__4,2025/1/7 23:35,15.4,39.9,timer,3570
29517,Rpi__1,Sensor__4,2025/1/7 23:40,15.4,40,timer,3570
29521,Rpi__1,Sensor__4,2025/1/7 23:45,15.3,40,timer,3570
29525,Rpi__1,Sensor__4,2025/1/7 23:50,15.3,40,timer,3570
29529,Rpi__1,Sensor__4,2025/1/7 23:55,15.3,39.9,timer,43170
29533,Rpi__1,Sensor__4,2025/1/8 0:00,15.2,40,timer,43170
29537,Rpi__1,Sensor__4,2025/1/8 0:05,15.2,40,timer,43170
29541,Rpi__1,Sensor__4,2025/1/8 0:10,15.2,40,timer,43170
29545,Rpi__1,Sensor__4,2025/1/8 0:15,15.2,39.9,timer,43170
29549,Rpi__1,Sensor__4,2025/1/8 0:20,15.2,39.9,timer,43170
29553,Rpi__1,Sensor__4,2025/1/8 0:25,15.2,39.9,timer,43170
29557,Rpi__1,Sensor__4,2025/1/8 0:30,15.1,39.9,timer,43170
29561,Rpi__1,Sensor__4,2025/1/8 0:35,15.2,39.9,timer,43170
29565,Rpi__1,Sensor__4,2025/1/8 0:40,15.1,39.8,timer,43170
29569,Rpi__1,Sensor__4,2025/1/8 0:45,15.1,39.9,timer,43170
29573,Rpi__1,Sensor__4,2025/1/8 0:50,15.1,39.8,timer,43170
29577,Rpi__1,Sensor__4,2025/1/8 0:55,15.1,39.8,timer,3570
29581,Rpi__1,Sensor__4,2025/1/8 1:00,15.1,39.9,timer,3570
29585,Rpi__1,Sensor__4,2025/1/8 1:05,15,39.9,timer,3570
29589,Rpi__1,Sensor__4,2025/1/8 1:10,15,39.8,timer,3570
29593,Rpi__1,Sensor__4,2025/1/8 1:15,15,40,timer,3570
29597,Rpi__1,Sensor__4,2025/1/8 1:20,15,39.9,timer,3570
29601,Rpi__1,Sensor__4,2025/1/8 1:25,15,39.9,timer,3570
29605,Rpi__1,Sensor__4,2025/1/8 1:30,15,39.9,timer,3570
29609,Rpi__1,Sensor__4,2025/1/8 1:35,15,39.9,timer,3570
29613,Rpi__1,Sensor__4,2025/1/8 1:40,15,39.9,timer,3570
29617,Rpi__1,Sensor__4,2025/1/8 1:45,14.9,39.9,timer,3570
29621,Rpi__1,Sensor__4,2025/1/8 1:50,14.9,39.9,timer,3570
29625,Rpi__1,Sensor__4,2025/1/8 1:55,14.9,39.9,timer,3570
29629,Rpi__1,Sensor__4,2025/1/8 2:00,14.9,39.9,timer,3570
29633,Rpi__1,Sensor__4,2025/1/8 2:05,14.9,39.9,timer,3570
29637,Rpi__1,Sensor__4,2025/1/8 2:10,14.9,39.8,timer,3570
29641,Rpi__1,Sensor__4,2025/1/8 2:15,14.9,39.8,timer,3570
29645,Rpi__1,Sensor__4,2025/1/8 2:20,14.9,39.8,timer,3570
29649,Rpi__1,Sensor__4,2025/1/8 2:25,14.9,39.8,timer,3570
29653,Rpi__1,Sensor__4,2025/1/8 2:30,14.8,39.8,timer,3570
29657,Rpi__1,Sensor__4,2025/1/8 2:35,14.8,39.8,timer,3570
29661,Rpi__1,Sensor__4,2025/1/8 2:40,14.8,39.8,timer,3570
29665,Rpi__1,Sensor__4,2025/1/8 2:45,14.8,39.8,timer,3570
29669,Rpi__1,Sensor__4,2025/1/8 2:50,14.8,39.8,timer,3570
29673,Rpi__1,Sensor__4,2025/1/8 2:55,14.8,39.7,timer,3570
29677,Rpi__1,Sensor__4,2025/1/8 3:00,14.8,39.7,timer,3570
29681,Rpi__1,Sensor__4,2025/1/8 3:05,14.7,39.7,timer,3570
29685,Rpi__1,Sensor__4,2025/1/8 3:10,14.7,39.5,timer,3570
29689,Rpi__1,Sensor__4,2025/1/8 3:15,14.7,39.5,timer,3570
29693,Rpi__1,Sensor__4,2025/1/8 3:20,14.7,39.5,timer,3570
29697,Rpi__1,Sensor__4,2025/1/8 3:25,14.7,39.3,timer,3570
29701,Rpi__1,Sensor__4,2025/1/8 3:30,14.7,39.5,timer,3570
29705,Rpi__1,Sensor__4,2025/1/8 3:35,14.7,39.3,timer,3570
29709,Rpi__1,Sensor__4,2025/1/8 3:40,14.7,39.3,timer,3570
29713,Rpi__1,Sensor__4,2025/1/8 3:45,14.7,39.3,timer,3570
29717,Rpi__1,Sensor__4,2025/1/8 3:50,14.6,39.2,timer,3570
29721,Rpi__1,Sensor__4,2025/1/8 3:55,14.7,39,timer,3570
29725,Rpi__1,Sensor__4,2025/1/8 4:00,14.6,38.9,timer,3570
29729,Rpi__1,Sensor__4,2025/1/8 4:05,14.6,38.7,timer,3570
29733,Rpi__1,Sensor__4,2025/1/8 4:10,14.6,38.6,timer,3570
29737,Rpi__1,Sensor__4,2025/1/8 4:15,14.6,38.5,timer,3570
29741,Rpi__1,Sensor__4,2025/1/8 4:20,14.6,38.4,timer,3570
29745,Rpi__1,Sensor__4,2025/1/8 4:25,14.6,38.3,timer,3570
29749,Rpi__1,Sensor__4,2025/1/8 4:30,14.6,38.1,timer,3570
29753,Rpi__1,Sensor__4,2025/1/8 4:35,14.6,38.1,timer,3570
29757,Rpi__1,Sensor__4,2025/1/8 4:40,14.5,38.1,timer,3570
29761,Rpi__1,Sensor__4,2025/1/8 4:45,14.5,38,timer,3570
29765,Rpi__1,Sensor__4,2025/1/8 4:50,14.5,38,timer,3570
29769,Rpi__1,Sensor__4,2025/1/8 4:55,14.5,37.8,timer,3570
29773,Rpi__1,Sensor__4,2025/1/8 5:00,14.5,37.8,timer,3570
29777,Rpi__1,Sensor__4,2025/1/8 5:05,14.5,37.7,timer,3570
29781,Rpi__1,Sensor__4,2025/1/8 5:10,14.5,37.8,timer,3570
29785,Rpi__1,Sensor__4,2025/1/8 5:15,14.5,37.7,timer,3570
29789,Rpi__1,Sensor__4,2025/1/8 5:20,14.5,37.7,timer,3570
29793,Rpi__1,Sensor__4,2025/1/8 5:25,14.5,37.6,timer,3570
29797,Rpi__1,Sensor__4,2025/1/8 5:30,14.5,37.6,timer,3570
29801,Rpi__1,Sensor__4,2025/1/8 5:35,14.5,37.6,timer,3570
29805,Rpi__1,Sensor__4,2025/1/8 5:40,14.5,37.6,timer,3570
29809,Rpi__1,Sensor__4,2025/1/8 5:45,14.5,37.6,timer,3570
29813,Rpi__1,Sensor__4,2025/1/8 5:50,14.5,37.4,timer,3570
29817,Rpi__1,Sensor__4,2025/1/8 5:55,14.5,37.5,timer,3570
29821,Rpi__1,Sensor__4,2025/1/8 6:00,14.5,37.3,timer,3570
29825,Rpi__1,Sensor__4,2025/1/8 6:05,14.5,37.3,timer,3570
29829,Rpi__1,Sensor__4,2025/1/8 6:10,14.4,37.5,timer,3570
29833,Rpi__1,Sensor__4,2025/1/8 6:15,14.4,37.5,timer,3570
29837,Rpi__1,Sensor__4,2025/1/8 6:20,14.4,37.4,timer,3570
29841,Rpi__1,Sensor__4,2025/1/8 6:25,14.4,37.4,timer,3570
29845,Rpi__1,Sensor__4,2025/1/8 6:30,14.4,37.3,timer,3570
29849,Rpi__1,Sensor__4,2025/1/8 6:35,14.4,37.6,timer,3570
29853,Rpi__1,Sensor__4,2025/1/8 6:40,14.4,37.4,timer,3570
29857,Rpi__1,Sensor__4,2025/1/8 6:45,14.4,37.5,timer,3570
29861,Rpi__1,Sensor__4,2025/1/8 6:50,14.4,37.4,timer,3570
29865,Rpi__1,Sensor__4,2025/1/8 6:55,14.4,37.4,timer,3570
29869,Rpi__1,Sensor__4,2025/1/8 7:00,14.4,37.3,timer,3570
29873,Rpi__1,Sensor__4,2025/1/8 7:05,14.4,37.3,timer,3570
29877,Rpi__1,Sensor__4,2025/1/8 7:10,14.4,37.4,timer,3570
29881,Rpi__1,Sensor__4,2025/1/8 7:15,14.4,37.3,timer,3570
29885,Rpi__1,Sensor__4,2025/1/8 7:20,14.4,37.3,timer,3570
29889,Rpi__1,Sensor__4,2025/1/8 7:25,14.4,37.4,timer,3570
29893,Rpi__1,Sensor__4,2025/1/8 7:30,14.3,37.4,timer,3570
29897,Rpi__1,Sensor__4,2025/1/8 7:35,14.3,37.3,timer,3570
29901,Rpi__1,Sensor__4,2025/1/8 7:40,14.3,37.4,timer,3570
29905,Rpi__1,Sensor__4,2025/1/8 7:45,14.3,37.3,timer,3570
29909,Rpi__1,Sensor__4,2025/1/8 7:50,14.3,37.3,timer,3570
29913,Rpi__1,Sensor__4,2025/1/8 7:55,14.3,37.4,timer,3570
29917,Rpi__1,Sensor__4,2025/1/8 8:00,14.3,37.4,timer,3570
29921,Rpi__1,Sensor__4,2025/1/8 8:05,14.4,37.4,timer,3570
29925,Rpi__1,Sensor__4,2025/1/8 8:10,14.4,37.2,timer,3570
29929,Rpi__1,Sensor__4,2025/1/8 8:15,14.5,38.2,timer,3570
29933,Rpi__1,Sensor__4,2025/1/8 8:20,14.7,39.4,timer,3570
29937,Rpi__1,Sensor__4,2025/1/8 8:25,14.8,40.1,timer,3570
29941,Rpi__1,Sensor__4,2025/1/8 8:30,14.9,40.6,timer,3570
29945,Rpi__1,Sensor__4,2025/1/8 8:35,15.1,40.8,timer,3570
29949,Rpi__1,Sensor__4,2025/1/8 8:40,15.2,41,timer,3570
29953,Rpi__1,Sensor__4,2025/1/8 8:45,15.3,41.1,timer,3570
29957,Rpi__1,Sensor__4,2025/1/8 8:50,15.4,41.1,timer,3570
29961,Rpi__1,Sensor__4,2025/1/8 8:55,15.4,41.1,timer,3570
29965,Rpi__1,Sensor__4,2025/1/8 9:00,15.5,41,timer,3570
29969,Rpi__1,Sensor__4,2025/1/8 9:05,15.6,41,timer,3570
29973,Rpi__1,Sensor__4,2025/1/8 9:10,15.7,40.9,timer,3570
29977,Rpi__1,Sensor__4,2025/1/8 9:15,15.8,40.9,timer,3570
29981,Rpi__1,Sensor__4,2025/1/8 9:20,15.9,40.9,timer,3570
29985,Rpi__1,Sensor__4,2025/1/8 9:25,15.9,40.8,timer,3570
29989,Rpi__1,Sensor__4,2025/1/8 9:30,16,40.8,timer,3570
29993,Rpi__1,Sensor__4,2025/1/8 9:35,16.1,41,timer,3570
29997,Rpi__1,Sensor__4,2025/1/8 9:40,16.1,41,timer,3570
30001,Rpi__1,Sensor__4,2025/1/8 9:45,16.2,41.1,timer,3570
30005,Rpi__1,Sensor__4,2025/1/8 9:50,16.3,41.2,timer,3570
30009,Rpi__1,Sensor__4,2025/1/8 9:55,16.4,41.3,timer,3570
30013,Rpi__1,Sensor__4,2025/1/8 10:00,16.5,41.4,timer,3570
30017,Rpi__1,Sensor__4,2025/1/8 10:05,16.6,41.5,timer,3570
30021,Rpi__1,Sensor__4,2025/1/8 10:10,16.6,41.6,timer,3570
30025,Rpi__1,Sensor__4,2025/1/8 10:15,16.7,41.8,timer,3570
30029,Rpi__1,Sensor__4,2025/1/8 10:20,16.8,41.9,timer,3570
30033,Rpi__1,Sensor__4,2025/1/8 10:25,16.8,42,timer,10
30037,Rpi__1,Sensor__4,2025/1/8 10:30,16.9,42.2,timer,10
30041,Rpi__1,Sensor__4,2025/1/8 10:35,17,42.3,timer,10
30045,Rpi__1,Sensor__4,2025/1/8 10:40,17,42.3,timer,10
30049,Rpi__1,Sensor__4,2025/1/8 10:45,17.4,42.5,timer,10
30053,Rpi__1,Sensor__4,2025/1/8 10:50,17.4,42.4,timer,10
30057,Rpi__1,Sensor__4,2025/1/8 10:55,17.3,42.5,timer,10
30061,Rpi__1,Sensor__4,2025/1/8 11:00,17.3,42.7,timer,10
30065,Rpi__1,Sensor__4,2025/1/8 11:05,17.3,42.7,timer,10
30069,Rpi__1,Sensor__4,2025/1/8 11:10,17.4,42.9,timer,10
30073,Rpi__1,Sensor__4,2025/1/8 11:15,17.5,42.9,timer,10
30077,Rpi__1,Sensor__4,2025/1/8 11:20,17.5,43,timer,10
30081,Rpi__1,Sensor__4,2025/1/8 11:25,17.5,43.1,timer,3570
30085,Rpi__1,Sensor__4,2025/1/8 11:30,17.6,43.2,timer,3570
30089,Rpi__1,Sensor__4,2025/1/8 11:35,17.6,43.2,timer,3570
30093,Rpi__1,Sensor__4,2025/1/8 11:40,17.6,43.2,timer,3570
30097,Rpi__1,Sensor__4,2025/1/8 11:45,17.7,43.3,timer,3570
30101,Rpi__1,Sensor__4,2025/1/8 11:50,17.7,43.3,timer,3570
30105,Rpi__1,Sensor__4,2025/1/8 11:55,17.7,43.4,timer,3570
30109,Rpi__1,Sensor__4,2025/1/8 12:00,17.7,43.5,timer,3570
30113,Rpi__1,Sensor__4,2025/1/8 12:05,17.7,43.5,timer,3570
30117,Rpi__1,Sensor__4,2025/1/8 12:10,17.8,43.5,timer,3570
30121,Rpi__1,Sensor__4,2025/1/8 12:15,17.8,43.6,timer,3570
30125,Rpi__1,Sensor__4,2025/1/8 12:20,17.8,43.6,timer,3570
30129,Rpi__1,Sensor__4,2025/1/8 12:25,17.9,43.7,timer,3570
30133,Rpi__1,Sensor__4,2025/1/8 12:30,17.9,43.6,timer,3570
30137,Rpi__1,Sensor__4,2025/1/8 12:35,17.9,43.6,timer,3570
30141,Rpi__1,Sensor__4,2025/1/8 12:40,17.9,43.6,timer,3570
30145,Rpi__1,Sensor__4,2025/1/8 12:45,17.9,43.6,timer,3570
30149,Rpi__1,Sensor__4,2025/1/8 12:50,17.9,43.6,timer,3570
30153,Rpi__1,Sensor__4,2025/1/8 12:55,17.9,43.7,timer,3570
30157,Rpi__1,Sensor__4,2025/1/8 13:00,17.9,43.6,timer,3570
30161,Rpi__1,Sensor__4,2025/1/8 13:05,17.9,43.6,timer,3570
30165,Rpi__1,Sensor__4,2025/1/8 13:10,17.9,43.7,timer,3570
30169,Rpi__1,Sensor__4,2025/1/8 13:15,18,43.8,timer,3570
30173,Rpi__1,Sensor__4,2025/1/8 13:20,18,43.8,timer,3570
30177,Rpi__1,Sensor__4,2025/1/8 13:25,18,43.9,timer,3570
30181,Rpi__1,Sensor__4,2025/1/8 13:30,18,43.8,timer,3570
30185,Rpi__1,Sensor__4,2025/1/8 13:35,18.1,43.9,timer,3570
30189,Rpi__1,Sensor__4,2025/1/8 13:40,18.1,43.8,timer,3570
30193,Rpi__1,Sensor__4,2025/1/8 13:45,18.1,43.9,timer,3570
30197,Rpi__1,Sensor__4,2025/1/8 13:50,18.2,43.9,timer,3570
30201,Rpi__1,Sensor__4,2025/1/8 13:55,18.2,43.9,timer,3570
30205,Rpi__1,Sensor__4,2025/1/8 14:00,18.2,44,timer,3570
30209,Rpi__1,Sensor__4,2025/1/8 14:05,18.3,44,timer,3570
30213,Rpi__1,Sensor__4,2025/1/8 14:10,18.3,44,timer,3570
30217,Rpi__1,Sensor__4,2025/1/8 14:15,18.3,44,timer,3570
30221,Rpi__1,Sensor__4,2025/1/8 14:20,18.3,44,timer,3570
30225,Rpi__1,Sensor__4,2025/1/8 14:25,18.3,44,timer,3570
30229,Rpi__1,Sensor__4,2025/1/8 14:30,18.4,44,timer,3570
30233,Rpi__1,Sensor__4,2025/1/8 14:35,18.3,44,timer,3570
30237,Rpi__1,Sensor__4,2025/1/8 14:40,18.4,44,timer,3570
30241,Rpi__1,Sensor__4,2025/1/8 14:45,18.4,44,timer,3570
30245,Rpi__1,Sensor__4,2025/1/8 14:50,18.4,43.9,timer,3570
30249,Rpi__1,Sensor__4,2025/1/8 14:55,18.4,43.8,timer,3570
30253,Rpi__1,Sensor__4,2025/1/8 15:00,18.4,43.7,timer,3570
30257,Rpi__1,Sensor__4,2025/1/8 15:05,18.3,43.6,timer,3570
30261,Rpi__1,Sensor__4,2025/1/8 15:10,18.3,43.5,timer,3570
30265,Rpi__1,Sensor__4,2025/1/8 15:15,18.4,43.4,timer,3570
30269,Rpi__1,Sensor__4,2025/1/8 15:20,18.4,43.2,timer,3570
30273,Rpi__1,Sensor__4,2025/1/8 15:25,18.4,43.1,timer,3570
30277,Rpi__1,Sensor__4,2025/1/8 15:30,18.4,42.9,timer,3570
30281,Rpi__1,Sensor__4,2025/1/8 15:35,18.4,42.8,timer,3570
30285,Rpi__1,Sensor__4,2025/1/8 15:40,18.3,42.6,timer,3570
30289,Rpi__1,Sensor__4,2025/1/8 15:45,18.4,42.4,timer,3570
30293,Rpi__1,Sensor__4,2025/1/8 15:50,18.4,42.3,timer,3570
30297,Rpi__1,Sensor__4,2025/1/8 15:55,18.4,42.2,timer,3570
30301,Rpi__1,Sensor__4,2025/1/8 16:00,18.4,41.9,timer,3570
30305,Rpi__1,Sensor__4,2025/1/8 16:05,18.4,41.8,timer,3570
30309,Rpi__1,Sensor__4,2025/1/8 16:10,18.4,41.6,timer,3570
30313,Rpi__1,Sensor__4,2025/1/8 16:15,18.4,41.5,timer,3570
30317,Rpi__1,Sensor__4,2025/1/8 16:20,18.4,41.3,timer,3570
30321,Rpi__1,Sensor__4,2025/1/8 16:25,18.5,41.2,timer,3570
30325,Rpi__1,Sensor__4,2025/1/8 16:30,18.5,41.1,timer,3570
30329,Rpi__1,Sensor__4,2025/1/8 16:35,18.5,40.9,timer,3570
30333,Rpi__1,Sensor__4,2025/1/8 16:40,18.5,40.8,timer,3570
30337,Rpi__1,Sensor__4,2025/1/8 16:45,18.5,40.7,timer,3570
30341,Rpi__1,Sensor__4,2025/1/8 16:50,18.5,40.5,timer,3570
30345,Rpi__1,Sensor__4,2025/1/8 16:55,18.5,40.4,timer,3570
30349,Rpi__1,Sensor__4,2025/1/8 17:00,18.6,40.3,timer,3570
30353,Rpi__1,Sensor__4,2025/1/8 17:05,18.6,40.2,timer,3570
30357,Rpi__1,Sensor__4,2025/1/8 17:10,18.6,40.1,timer,3570
30361,Rpi__1,Sensor__4,2025/1/8 17:15,18.6,40,timer,3570
30365,Rpi__1,Sensor__4,2025/1/8 17:20,18.6,39.9,timer,3570
30369,Rpi__1,Sensor__4,2025/1/8 17:25,18.6,39.7,timer,3570
30373,Rpi__1,Sensor__4,2025/1/8 17:30,18.7,39.7,timer,3570
30377,Rpi__1,Sensor__4,2025/1/8 17:35,18.6,39.5,timer,3570
30381,Rpi__1,Sensor__4,2025/1/8 17:40,18.7,39.5,timer,3570
30385,Rpi__1,Sensor__4,2025/1/8 17:45,18.7,39.4,timer,3570
30389,Rpi__1,Sensor__4,2025/1/8 17:50,18.7,39.2,timer,3570
30393,Rpi__1,Sensor__4,2025/1/8 17:55,18.7,39.1,timer,3570
30397,Rpi__1,Sensor__4,2025/1/8 18:00,18.7,39,timer,3570
30401,Rpi__1,Sensor__4,2025/1/8 18:05,18.6,39,timer,3570
30405,Rpi__1,Sensor__4,2025/1/8 18:10,18.6,38.9,timer,3570
30409,Rpi__1,Sensor__4,2025/1/8 18:15,18.6,38.9,timer,3570
30413,Rpi__1,Sensor__4,2025/1/8 18:20,18.6,38.7,timer,3570
30417,Rpi__1,Sensor__4,2025/1/8 18:25,18.6,38.6,timer,3570
30421,Rpi__1,Sensor__4,2025/1/8 18:30,18.6,38.6,timer,3570
30425,Rpi__1,Sensor__4,2025/1/8 18:35,18.6,38.5,timer,3570
30429,Rpi__1,Sensor__4,2025/1/8 18:40,18.6,38.4,timer,3570
30433,Rpi__1,Sensor__4,2025/1/8 18:45,18.6,38.4,timer,3570
30437,Rpi__1,Sensor__4,2025/1/8 18:50,18.6,38.3,timer,3570
30441,Rpi__1,Sensor__4,2025/1/8 18:55,18.7,38.2,timer,3570
30445,Rpi__1,Sensor__4,2025/1/8 19:00,18.7,38.3,timer,3570
30449,Rpi__1,Sensor__4,2025/1/8 19:05,18.7,38.3,timer,3570
30453,Rpi__1,Sensor__4,2025/1/8 19:10,18.8,38.2,timer,3570
30457,Rpi__1,Sensor__4,2025/1/8 19:15,18.8,38.3,timer,3570
30461,Rpi__1,Sensor__4,2025/1/8 19:20,18.8,38.3,timer,3570
30465,Rpi__1,Sensor__4,2025/1/8 19:25,18.8,38.3,timer,3570
30469,Rpi__1,Sensor__4,2025/1/8 19:30,18.9,38.5,timer,3570
30473,Rpi__1,Sensor__4,2025/1/8 19:35,18.8,38.5,timer,3570
30477,Rpi__1,Sensor__4,2025/1/8 19:40,18.8,38.6,timer,3570
30481,Rpi__1,Sensor__4,2025/1/8 19:45,18.9,38.6,timer,3570
30485,Rpi__1,Sensor__4,2025/1/8 19:50,18.8,38.7,timer,3570
30489,Rpi__1,Sensor__4,2025/1/8 19:55,18.8,38.8,timer,3570
30493,Rpi__1,Sensor__4,2025/1/8 20:00,18.8,38.8,timer,3570
30497,Rpi__1,Sensor__4,2025/1/8 20:05,18.7,38.9,timer,3570
30501,Rpi__1,Sensor__4,2025/1/8 20:10,18.7,39,timer,3570
30505,Rpi__1,Sensor__4,2025/1/8 20:15,18.6,39.1,timer,3570
30509,Rpi__1,Sensor__4,2025/1/8 20:20,18.5,39.4,timer,3570
30513,Rpi__1,Sensor__4,2025/1/8 20:25,18.4,39.6,timer,3570
30517,Rpi__1,Sensor__4,2025/1/8 20:30,18.3,39.7,timer,3570
30521,Rpi__1,Sensor__4,2025/1/8 20:35,18.1,39.9,timer,3570
30525,Rpi__1,Sensor__4,2025/1/8 20:40,18.1,39.9,timer,3570
30529,Rpi__1,Sensor__4,2025/1/8 20:45,18,40.2,timer,3570
30533,Rpi__1,Sensor__4,2025/1/8 20:50,17.9,40.4,timer,3570
30537,Rpi__1,Sensor__4,2025/1/8 20:55,17.8,40.6,timer,3570
30541,Rpi__1,Sensor__4,2025/1/8 21:00,17.7,40.7,timer,3570
30545,Rpi__1,Sensor__4,2025/1/8 21:05,17.7,40.8,timer,3570
30549,Rpi__1,Sensor__4,2025/1/8 21:10,17.6,40.9,timer,3570
30553,Rpi__1,Sensor__4,2025/1/8 21:15,17.5,40.9,timer,3570
30557,Rpi__1,Sensor__4,2025/1/8 21:20,17.5,41,timer,3570
30561,Rpi__1,Sensor__4,2025/1/8 21:25,17.4,41,timer,3570
30565,Rpi__1,Sensor__4,2025/1/8 21:30,17.4,41.1,timer,3570
30569,Rpi__1,Sensor__4,2025/1/8 21:35,17.3,41.2,timer,3570
30573,Rpi__1,Sensor__4,2025/1/8 21:40,17.2,41.2,timer,3570
30577,Rpi__1,Sensor__4,2025/1/8 21:45,17.1,41.2,timer,3570
30581,Rpi__1,Sensor__4,2025/1/8 21:50,17.1,41.3,timer,3570
30585,Rpi__1,Sensor__4,2025/1/8 21:55,17.1,41.3,timer,3570
30589,Rpi__1,Sensor__4,2025/1/8 22:00,17,41.3,timer,3570
30593,Rpi__1,Sensor__4,2025/1/8 22:05,17,41.3,timer,3570
30597,Rpi__1,Sensor__4,2025/1/8 22:10,16.9,41.3,timer,3570
30601,Rpi__1,Sensor__4,2025/1/8 22:15,16.9,41.4,timer,3570
30605,Rpi__1,Sensor__4,2025/1/8 22:20,16.8,41.5,timer,3570
30609,Rpi__1,Sensor__4,2025/1/8 22:25,16.8,41.5,timer,43170
30613,Rpi__1,Sensor__4,2025/1/8 22:30,16.8,41.4,timer,43170
30617,Rpi__1,Sensor__4,2025/1/8 22:35,16.7,41.5,timer,43170
30621,Rpi__1,Sensor__4,2025/1/8 22:40,16.7,41.5,timer,43170
30625,Rpi__1,Sensor__4,2025/1/8 22:45,16.6,41.6,timer,43170
30629,Rpi__1,Sensor__4,2025/1/8 22:50,16.6,41.7,timer,43170
30633,Rpi__1,Sensor__4,2025/1/8 22:55,16.5,41.7,timer,43170
30637,Rpi__1,Sensor__4,2025/1/8 23:00,16.5,41.8,timer,43170
30641,Rpi__1,Sensor__4,2025/1/8 23:05,16.5,41.8,timer,43170
30645,Rpi__1,Sensor__4,2025/1/8 23:10,16.4,41.8,timer,43170
30649,Rpi__1,Sensor__4,2025/1/8 23:15,16.4,41.8,timer,43170
30653,Rpi__1,Sensor__4,2025/1/8 23:20,16.4,41.9,timer,43170
30657,Rpi__1,Sensor__4,2025/1/8 23:25,16.3,41.9,timer,3570
30661,Rpi__1,Sensor__4,2025/1/8 23:30,16.3,42,timer,3570
30665,Rpi__1,Sensor__4,2025/1/8 23:35,16.2,42,timer,3570
30669,Rpi__1,Sensor__4,2025/1/8 23:40,16.2,42.1,timer,3570
30673,Rpi__1,Sensor__4,2025/1/8 23:45,16.2,42.1,timer,3570
30677,Rpi__1,Sensor__4,2025/1/8 23:50,16.1,42.1,timer,3570
30681,Rpi__1,Sensor__4,2025/1/8 23:55,16.1,42.2,timer,3570
30685,Rpi__1,Sensor__4,2025/1/9 0:00,16.1,42.1,timer,3570
30689,Rpi__1,Sensor__4,2025/1/9 0:05,16.1,42.2,timer,3570
30693,Rpi__1,Sensor__4,2025/1/9 0:10,16.1,42.3,timer,3570
30697,Rpi__1,Sensor__4,2025/1/9 0:15,16,42.3,timer,3570
30701,Rpi__1,Sensor__4,2025/1/9 0:25,16,42.3,timer,3570
30705,Rpi__1,Sensor__4,2025/1/9 0:30,16,42.3,timer,3570
30709,Rpi__1,Sensor__4,2025/1/9 0:35,16,42.3,timer,3570
30713,Rpi__1,Sensor__4,2025/1/9 0:40,16,42.3,timer,3570
30717,Rpi__1,Sensor__4,2025/1/9 0:45,15.9,42.4,timer,3570
30721,Rpi__1,Sensor__4,2025/1/9 0:50,15.9,42.4,timer,3570
30725,Rpi__1,Sensor__4,2025/1/9 0:55,15.9,42.5,timer,3570
30729,Rpi__1,Sensor__4,2025/1/9 1:00,15.8,42.5,timer,3570
30733,Rpi__1,Sensor__4,2025/1/9 1:05,15.8,42.5,timer,3570
30737,Rpi__1,Sensor__4,2025/1/9 1:10,15.8,42.6,timer,3570
30741,Rpi__1,Sensor__4,2025/1/9 1:15,15.8,42.6,timer,3570
30745,Rpi__1,Sensor__4,2025/1/9 1:20,15.8,42.6,timer,3570
30749,Rpi__1,Sensor__4,2025/1/9 1:25,15.8,42.7,timer,3570
30753,Rpi__1,Sensor__4,2025/1/9 1:30,15.8,42.6,timer,3570
30757,Rpi__1,Sensor__4,2025/1/9 1:35,15.8,42.6,timer,3570
30761,Rpi__1,Sensor__4,2025/1/9 1:40,15.8,42.7,timer,3570
30765,Rpi__1,Sensor__4,2025/1/9 1:45,15.8,42.7,timer,3570
30769,Rpi__1,Sensor__4,2025/1/9 1:50,15.8,42.7,timer,3570
30773,Rpi__1,Sensor__4,2025/1/9 1:55,15.7,42.6,timer,3570
30777,Rpi__1,Sensor__4,2025/1/9 2:00,15.8,42.7,timer,3570
30781,Rpi__1,Sensor__4,2025/1/9 2:05,15.8,42.7,timer,3570
30785,Rpi__1,Sensor__4,2025/1/9 2:10,15.8,42.7,timer,3570
30789,Rpi__1,Sensor__4,2025/1/9 2:15,15.8,42.7,timer,3570
30793,Rpi__1,Sensor__4,2025/1/9 2:20,15.8,42.7,timer,3570
30797,Rpi__1,Sensor__4,2025/1/9 2:25,15.8,42.7,timer,3570
30801,Rpi__1,Sensor__4,2025/1/9 2:30,15.7,42.7,timer,3570
30805,Rpi__1,Sensor__4,2025/1/9 2:35,15.7,42.6,timer,3570
30809,Rpi__1,Sensor__4,2025/1/9 2:40,15.7,42.7,timer,3570
30813,Rpi__1,Sensor__4,2025/1/9 2:45,15.7,42.7,timer,3570
30817,Rpi__1,Sensor__4,2025/1/9 2:50,15.7,42.6,timer,3570
30821,Rpi__1,Sensor__4,2025/1/9 2:55,15.7,42.6,timer,3570
30825,Rpi__1,Sensor__4,2025/1/9 3:00,15.7,42.6,timer,3570
30829,Rpi__1,Sensor__4,2025/1/9 3:05,15.7,42.6,timer,3570
30833,Rpi__1,Sensor__4,2025/1/9 3:10,15.7,42.5,timer,3570
30837,Rpi__1,Sensor__4,2025/1/9 3:15,15.7,42.5,timer,3570
30841,Rpi__1,Sensor__4,2025/1/9 3:20,15.6,42.5,timer,3570
30845,Rpi__1,Sensor__4,2025/1/9 3:25,15.6,42.5,timer,3570
30849,Rpi__1,Sensor__4,2025/1/9 3:30,15.6,42.5,timer,3570
30853,Rpi__1,Sensor__4,2025/1/9 3:35,15.6,42.3,timer,3570
30857,Rpi__1,Sensor__4,2025/1/9 3:40,15.6,42.4,timer,3570
30861,Rpi__1,Sensor__4,2025/1/9 3:45,15.6,42.5,timer,3570
30865,Rpi__1,Sensor__4,2025/1/9 3:50,15.6,42.4,timer,3570
30869,Rpi__1,Sensor__4,2025/1/9 3:55,15.6,42.2,timer,3570
30873,Rpi__1,Sensor__4,2025/1/9 4:00,15.6,42.2,timer,3570
30877,Rpi__1,Sensor__4,2025/1/9 4:05,15.5,42,timer,3570
30881,Rpi__1,Sensor__4,2025/1/9 4:10,15.5,41.9,timer,3570
30885,Rpi__1,Sensor__4,2025/1/9 4:15,15.5,41.9,timer,3570
30889,Rpi__1,Sensor__4,2025/1/9 4:20,15.5,41.8,timer,3570
30893,Rpi__1,Sensor__4,2025/1/9 4:25,15.5,41.8,timer,3570
30897,Rpi__1,Sensor__4,2025/1/9 4:30,15.5,41.8,timer,3570
30901,Rpi__1,Sensor__4,2025/1/9 4:35,15.5,41.6,timer,3570
30905,Rpi__1,Sensor__4,2025/1/9 4:40,15.5,41.6,timer,3570
30909,Rpi__1,Sensor__4,2025/1/9 4:45,15.4,41.6,timer,3570
30913,Rpi__1,Sensor__4,2025/1/9 4:50,15.5,41.6,timer,3570
30917,Rpi__1,Sensor__4,2025/1/9 4:55,15.4,41.5,timer,3570
30921,Rpi__1,Sensor__4,2025/1/9 5:00,15.4,41.4,timer,3570
30925,Rpi__1,Sensor__4,2025/1/9 5:05,15.4,41.5,timer,3570
30929,Rpi__1,Sensor__4,2025/1/9 5:10,15.4,41.5,timer,3570
30933,Rpi__1,Sensor__4,2025/1/9 5:15,15.4,41.4,timer,3570
30937,Rpi__1,Sensor__4,2025/1/9 5:20,15.4,41.4,timer,3570
30941,Rpi__1,Sensor__4,2025/1/9 5:25,15.4,41.4,timer,3570
30945,Rpi__1,Sensor__4,2025/1/9 5:30,15.4,41.4,timer,3570
30949,Rpi__1,Sensor__4,2025/1/9 5:35,15.4,41.3,timer,3570
30953,Rpi__1,Sensor__4,2025/1/9 5:40,15.3,41.3,timer,3570
30957,Rpi__1,Sensor__4,2025/1/9 5:45,15.3,41.4,timer,3570
30961,Rpi__1,Sensor__4,2025/1/9 5:50,15.3,41.4,timer,3570
30965,Rpi__1,Sensor__4,2025/1/9 5:55,15.3,41.2,timer,3570
30969,Rpi__1,Sensor__4,2025/1/9 6:00,15.2,41.2,timer,3570
30973,Rpi__1,Sensor__4,2025/1/9 6:05,15.2,41.1,timer,3570
30977,Rpi__1,Sensor__4,2025/1/9 6:10,15.2,41,timer,3570
30981,Rpi__1,Sensor__4,2025/1/9 6:15,15.2,40.9,timer,3570
30985,Rpi__1,Sensor__4,2025/1/9 6:20,15.2,40.9,timer,3570
30989,Rpi__1,Sensor__4,2025/1/9 6:25,15.2,40.9,timer,3570
30993,Rpi__1,Sensor__4,2025/1/9 6:30,15.2,40.8,timer,3570
30997,Rpi__1,Sensor__4,2025/1/9 6:35,15.2,40.7,timer,3570
31001,Rpi__1,Sensor__4,2025/1/9 6:40,15.1,40.7,timer,3570
31005,Rpi__1,Sensor__4,2025/1/9 6:45,15.1,40.7,timer,3570
31009,Rpi__1,Sensor__4,2025/1/9 6:50,15.2,40.6,timer,3570
31013,Rpi__1,Sensor__4,2025/1/9 6:55,15.1,40.6,timer,3570
31017,Rpi__1,Sensor__4,2025/1/9 7:00,15.1,40.4,timer,3570
31021,Rpi__1,Sensor__4,2025/1/9 7:05,15.1,40.4,timer,3570
31025,Rpi__1,Sensor__4,2025/1/9 7:10,15.1,40.4,timer,3570
31029,Rpi__1,Sensor__4,2025/1/9 7:15,15.1,40.4,timer,3570
31033,Rpi__1,Sensor__4,2025/1/9 7:20,15.1,40.2,timer,3570
31037,Rpi__1,Sensor__4,2025/1/9 7:25,15.1,40.2,timer,3570
31041,Rpi__1,Sensor__4,2025/1/9 7:30,15.1,40.3,timer,3570
31045,Rpi__1,Sensor__4,2025/1/9 7:35,15.1,40.3,timer,3570
31049,Rpi__1,Sensor__4,2025/1/9 7:40,15.1,40.3,timer,3570
31053,Rpi__1,Sensor__4,2025/1/9 7:45,15,40.3,timer,3570
31057,Rpi__1,Sensor__4,2025/1/9 7:50,15.1,40.5,timer,3570
31061,Rpi__1,Sensor__4,2025/1/9 7:55,15,40.7,timer,3570
31065,Rpi__1,Sensor__4,2025/1/9 8:00,15.1,41.7,timer,3570
31069,Rpi__1,Sensor__4,2025/1/9 8:05,15.1,41.5,timer,3570
31073,Rpi__1,Sensor__4,2025/1/9 8:10,15.2,41,timer,3570
31077,Rpi__1,Sensor__4,2025/1/9 8:15,15.2,40.7,timer,3570
31081,Rpi__1,Sensor__4,2025/1/9 8:20,15.3,40.7,timer,3570
31085,Rpi__1,Sensor__4,2025/1/9 8:25,15.4,41.5,timer,3570
31089,Rpi__1,Sensor__4,2025/1/9 8:30,15.6,42,timer,3570
31093,Rpi__1,Sensor__4,2025/1/9 8:35,15.7,42.4,timer,3570
31097,Rpi__1,Sensor__4,2025/1/9 8:40,15.8,42.6,timer,3570
31101,Rpi__1,Sensor__4,2025/1/9 8:45,15.9,42.7,timer,3570
31105,Rpi__1,Sensor__4,2025/1/9 8:50,16,42.6,timer,3570
31109,Rpi__1,Sensor__4,2025/1/9 8:55,16.1,42.6,timer,3570
31113,Rpi__1,Sensor__4,2025/1/9 9:00,16.2,42.6,timer,3570
31117,Rpi__1,Sensor__4,2025/1/9 9:05,16.2,42.5,timer,3570
31121,Rpi__1,Sensor__4,2025/1/9 9:10,16.3,42.4,timer,3570
31125,Rpi__1,Sensor__4,2025/1/9 9:15,16.4,42.3,timer,3570
31129,Rpi__1,Sensor__4,2025/1/9 9:20,16.4,42.2,timer,3570
31133,Rpi__1,Sensor__4,2025/1/9 9:25,16.5,42.2,timer,3570
31137,Rpi__1,Sensor__4,2025/1/9 9:30,16.6,42.2,timer,3570
31141,Rpi__1,Sensor__4,2025/1/9 9:35,16.6,42.2,timer,3570
31145,Rpi__1,Sensor__4,2025/1/9 9:40,16.7,42.3,timer,3570
31149,Rpi__1,Sensor__4,2025/1/9 9:45,16.8,42.3,timer,3570
31153,Rpi__1,Sensor__4,2025/1/9 9:50,16.8,42.3,timer,3570
31157,Rpi__1,Sensor__4,2025/1/9 9:55,16.9,42.4,timer,3570
31161,Rpi__1,Sensor__4,2025/1/9 10:00,16.9,42.4,timer,3570
31165,Rpi__1,Sensor__4,2025/1/9 10:05,17,42.5,timer,3570
31169,Rpi__1,Sensor__4,2025/1/9 10:10,17,42.5,timer,3570
31173,Rpi__1,Sensor__4,2025/1/9 10:15,17.1,42.5,timer,3570
31177,Rpi__1,Sensor__4,2025/1/9 10:20,17.1,42.6,timer,3570
31181,Rpi__1,Sensor__4,2025/1/9 10:25,17.1,42.7,timer,43170
31185,Rpi__1,Sensor__4,2025/1/9 10:30,17.2,42.7,timer,3570
31189,Rpi__1,Sensor__4,2025/1/9 10:35,17.2,42.8,timer,3570
31193,Rpi__1,Sensor__4,2025/1/9 10:40,17.3,42.9,timer,3570
31197,Rpi__1,Sensor__4,2025/1/9 10:45,17.3,43,timer,3570
31201,Rpi__1,Sensor__4,2025/1/9 10:50,17.4,43.1,timer,3570
31205,Rpi__1,Sensor__4,2025/1/9 10:55,17.5,43.2,timer,3570
31209,Rpi__1,Sensor__4,2025/1/9 11:00,17.5,43.2,timer,3570
31213,Rpi__1,Sensor__4,2025/1/9 11:05,17.6,43.4,timer,3570
31217,Rpi__1,Sensor__4,2025/1/9 11:10,17.6,43.5,timer,3570
31221,Rpi__1,Sensor__4,2025/1/9 11:15,17.7,43.5,timer,3570
31225,Rpi__1,Sensor__4,2025/1/9 11:20,17.8,43.6,timer,3570
31229,Rpi__1,Sensor__4,2025/1/9 11:25,17.8,43.7,timer,3570
31233,Rpi__1,Sensor__4,2025/1/9 11:30,17.8,43.7,timer,3570
31237,Rpi__1,Sensor__4,2025/1/9 11:35,17.9,43.8,timer,3570
31241,Rpi__1,Sensor__4,2025/1/9 11:40,17.9,43.9,timer,3570
31245,Rpi__1,Sensor__4,2025/1/9 11:45,18,43.9,timer,3570
31249,Rpi__1,Sensor__4,2025/1/9 11:50,18,44,timer,3570
31253,Rpi__1,Sensor__4,2025/1/9 11:55,18,44,timer,3570
31257,Rpi__1,Sensor__4,2025/1/9 12:00,18.1,44,timer,3570
31261,Rpi__1,Sensor__4,2025/1/9 12:05,18.1,44.1,timer,3570
31265,Rpi__1,Sensor__4,2025/1/9 12:10,18.1,44.1,timer,3570
31269,Rpi__1,Sensor__4,2025/1/9 12:15,18.1,44.1,timer,3570
31273,Rpi__1,Sensor__4,2025/1/9 12:20,18.2,44.2,timer,3570
31277,Rpi__1,Sensor__4,2025/1/9 12:25,18.2,44.2,timer,3570
31281,Rpi__1,Sensor__4,2025/1/9 12:30,18.2,44.2,timer,3570
31285,Rpi__1,Sensor__4,2025/1/9 12:35,18.3,44.3,timer,3570
31289,Rpi__1,Sensor__4,2025/1/9 12:40,18.3,44.2,timer,3570
31293,Rpi__1,Sensor__4,2025/1/9 12:45,18.2,44.2,timer,3570
31297,Rpi__1,Sensor__4,2025/1/9 12:50,18.3,44.2,timer,3570
31301,Rpi__1,Sensor__4,2025/1/9 12:55,18.2,44.1,timer,3570
31305,Rpi__1,Sensor__4,2025/1/9 13:00,18.2,44.1,timer,3570
31309,Rpi__1,Sensor__4,2025/1/9 13:05,18.2,44,timer,3570
31313,Rpi__1,Sensor__4,2025/1/9 13:10,18.2,43.8,timer,3570
31317,Rpi__1,Sensor__4,2025/1/9 13:15,18.3,43.8,timer,3570
31321,Rpi__1,Sensor__4,2025/1/9 13:20,18.2,43.6,timer,3570
31325,Rpi__1,Sensor__4,2025/1/9 13:25,18.3,43.5,timer,3570
31329,Rpi__1,Sensor__4,2025/1/9 13:30,18.3,43.4,timer,3570
31333,Rpi__1,Sensor__4,2025/1/9 13:35,18.3,43.2,timer,3570
31337,Rpi__1,Sensor__4,2025/1/9 13:40,18.3,43.1,timer,3570
31341,Rpi__1,Sensor__4,2025/1/9 13:45,18.3,42.9,timer,3570
31345,Rpi__1,Sensor__4,2025/1/9 13:50,18.3,42.7,timer,3570
31349,Rpi__1,Sensor__4,2025/1/9 13:55,18.3,42.5,timer,3570
31353,Rpi__1,Sensor__4,2025/1/9 14:00,18.3,42.4,timer,3570
31357,Rpi__1,Sensor__4,2025/1/9 14:05,18.3,42.2,timer,3570
31361,Rpi__1,Sensor__4,2025/1/9 14:10,18.3,41.9,timer,3570
31365,Rpi__1,Sensor__4,2025/1/9 14:15,18.3,41.8,timer,3570
31369,Rpi__1,Sensor__4,2025/1/9 14:20,18.4,41.7,timer,3570
31373,Rpi__1,Sensor__4,2025/1/9 14:25,18.4,41.5,timer,3570
31377,Rpi__1,Sensor__4,2025/1/9 14:30,18.4,41.4,timer,3570
31381,Rpi__1,Sensor__4,2025/1/9 14:35,18.4,41.2,timer,3570
31385,Rpi__1,Sensor__4,2025/1/9 14:40,18.4,41,timer,3570
31389,Rpi__1,Sensor__4,2025/1/9 14:45,18.4,40.8,timer,3570
31393,Rpi__1,Sensor__4,2025/1/9 14:50,18.4,40.7,timer,3570
31397,Rpi__1,Sensor__4,2025/1/9 14:55,18.5,40.6,timer,3570
31401,Rpi__1,Sensor__4,2025/1/9 15:00,18.4,40.3,timer,3570
31405,Rpi__1,Sensor__4,2025/1/9 15:05,18.5,40.3,timer,3570
31409,Rpi__1,Sensor__4,2025/1/9 15:10,18.5,40.1,timer,3570
31413,Rpi__1,Sensor__4,2025/1/9 15:15,18.5,40,timer,3570
31417,Rpi__1,Sensor__4,2025/1/9 15:20,18.5,39.8,timer,3570
31421,Rpi__1,Sensor__4,2025/1/9 15:25,18.5,39.7,timer,3570
31425,Rpi__1,Sensor__4,2025/1/9 15:30,18.6,39.6,timer,3570
31429,Rpi__1,Sensor__4,2025/1/9 15:35,18.6,39.5,timer,3570
31433,Rpi__1,Sensor__4,2025/1/9 15:40,18.6,39.3,timer,3570
31437,Rpi__1,Sensor__4,2025/1/9 15:45,18.6,39.3,timer,3570
31441,Rpi__1,Sensor__4,2025/1/9 15:50,18.6,39.2,timer,3570
31445,Rpi__1,Sensor__4,2025/1/9 15:55,18.6,39.1,timer,3570
31449,Rpi__1,Sensor__4,2025/1/9 16:00,18.7,39,timer,3570
31453,Rpi__1,Sensor__4,2025/1/9 16:05,18.7,38.9,timer,3570
31457,Rpi__1,Sensor__4,2025/1/9 16:10,18.7,38.8,timer,3570
31461,Rpi__1,Sensor__4,2025/1/9 16:15,18.7,38.7,timer,3570
31465,Rpi__1,Sensor__4,2025/1/9 16:20,18.8,38.6,timer,3570
31469,Rpi__1,Sensor__4,2025/1/9 16:25,18.8,38.6,timer,3570
31473,Rpi__1,Sensor__4,2025/1/9 16:30,18.8,38.6,timer,3570
31477,Rpi__1,Sensor__4,2025/1/9 16:35,18.8,38.5,timer,3570
31481,Rpi__1,Sensor__4,2025/1/9 16:40,18.8,38.5,timer,3570
31485,Rpi__1,Sensor__4,2025/1/9 16:45,18.9,38.4,timer,3570
31489,Rpi__1,Sensor__4,2025/1/9 16:50,18.9,38.4,timer,3570
31493,Rpi__1,Sensor__4,2025/1/9 16:55,18.9,38.4,timer,3570
31497,Rpi__1,Sensor__4,2025/1/9 17:00,18.9,38.3,timer,3570
31501,Rpi__1,Sensor__4,2025/1/9 17:05,18.9,38.3,timer,3570
31505,Rpi__1,Sensor__4,2025/1/9 17:10,18.9,38.3,timer,3570
31509,Rpi__1,Sensor__4,2025/1/9 17:15,18.9,38.3,timer,3570
31513,Rpi__1,Sensor__4,2025/1/9 17:20,19,38.3,timer,3570
31517,Rpi__1,Sensor__4,2025/1/9 17:25,19,38.2,timer,3570
31521,Rpi__1,Sensor__4,2025/1/9 17:30,19,38.2,timer,3570
31525,Rpi__1,Sensor__4,2025/1/9 17:35,19,38.1,timer,3570
31529,Rpi__1,Sensor__4,2025/1/9 17:40,18.9,38.2,timer,3570
31533,Rpi__1,Sensor__4,2025/1/9 17:45,18.9,38.1,timer,3570
31537,Rpi__1,Sensor__4,2025/1/9 17:50,18.9,38,timer,3570
31541,Rpi__1,Sensor__4,2025/1/9 17:55,18.9,38,timer,3570
31545,Rpi__1,Sensor__4,2025/1/9 18:00,18.9,38,timer,3570
31549,Rpi__1,Sensor__4,2025/1/9 18:05,18.9,38,timer,3570
31553,Rpi__1,Sensor__4,2025/1/9 18:10,18.8,38,timer,3570
31557,Rpi__1,Sensor__4,2025/1/9 18:15,18.8,37.9,timer,3570
31561,Rpi__1,Sensor__4,2025/1/9 18:20,18.8,37.8,timer,3570
31565,Rpi__1,Sensor__4,2025/1/9 18:25,18.8,37.8,timer,3570
31569,Rpi__1,Sensor__4,2025/1/9 18:30,18.8,37.7,timer,3570
31573,Rpi__1,Sensor__4,2025/1/9 18:35,18.8,37.7,timer,3570
31577,Rpi__1,Sensor__4,2025/1/9 18:40,18.8,37.6,timer,3570
31581,Rpi__1,Sensor__4,2025/1/9 18:45,18.7,37.6,timer,3570
31585,Rpi__1,Sensor__4,2025/1/9 18:50,18.7,37.5,timer,3570
31589,Rpi__1,Sensor__4,2025/1/9 18:55,18.7,37.5,timer,3570
31593,Rpi__1,Sensor__4,2025/1/9 19:00,18.7,37.3,timer,3570
31597,Rpi__1,Sensor__4,2025/1/9 19:05,18.7,37.3,timer,3570
31601,Rpi__1,Sensor__4,2025/1/9 19:10,18.7,37.3,timer,3570
31605,Rpi__1,Sensor__4,2025/1/9 19:15,18.7,37.1,timer,3570
31609,Rpi__1,Sensor__4,2025/1/9 19:20,18.8,37,timer,3570
31613,Rpi__1,Sensor__4,2025/1/9 19:25,18.8,37,timer,3570
31617,Rpi__1,Sensor__4,2025/1/9 19:30,18.8,37,timer,3570
31621,Rpi__1,Sensor__4,2025/1/9 19:35,18.8,37,timer,3570
31625,Rpi__1,Sensor__4,2025/1/9 19:40,18.8,36.9,timer,3570
31629,Rpi__1,Sensor__4,2025/1/9 19:45,18.8,36.9,timer,3570
31633,Rpi__1,Sensor__4,2025/1/9 19:50,18.8,36.8,timer,3570
31637,Rpi__1,Sensor__4,2025/1/9 19:55,18.8,36.8,timer,3570
31641,Rpi__1,Sensor__4,2025/1/9 20:00,18.8,36.8,timer,3570
31645,Rpi__1,Sensor__4,2025/1/9 20:05,18.8,36.8,timer,3570
31649,Rpi__1,Sensor__4,2025/1/9 20:10,18.8,36.9,timer,3570
31653,Rpi__1,Sensor__4,2025/1/9 20:15,18.7,37,timer,3570
31657,Rpi__1,Sensor__4,2025/1/9 20:20,18.6,37,timer,3570
31661,Rpi__1,Sensor__4,2025/1/9 20:25,18.4,37.2,timer,3570
31665,Rpi__1,Sensor__4,2025/1/9 20:30,18.3,37.3,timer,3570
31669,Rpi__1,Sensor__4,2025/1/9 20:35,18.2,37.6,timer,3570
31673,Rpi__1,Sensor__4,2025/1/9 20:40,18.2,37.8,timer,3570
31677,Rpi__1,Sensor__4,2025/1/9 20:45,18,37.9,timer,3570
31681,Rpi__1,Sensor__4,2025/1/9 20:50,17.9,38,timer,3570
31685,Rpi__1,Sensor__4,2025/1/9 20:55,17.9,38,timer,3570
31689,Rpi__1,Sensor__4,2025/1/9 21:00,17.8,37.9,timer,3570
31693,Rpi__1,Sensor__4,2025/1/9 21:05,17.7,38,timer,3570
31697,Rpi__1,Sensor__4,2025/1/9 21:10,17.6,38,timer,3570
31701,Rpi__1,Sensor__4,2025/1/9 21:15,17.6,38,timer,3570
31705,Rpi__1,Sensor__4,2025/1/9 21:20,17.5,38,timer,3570
31709,Rpi__1,Sensor__4,2025/1/9 21:25,17.4,38,timer,3570
31713,Rpi__1,Sensor__4,2025/1/9 21:30,17.4,38,timer,3570
31717,Rpi__1,Sensor__4,2025/1/9 21:35,17.3,37.9,timer,3570
31721,Rpi__1,Sensor__4,2025/1/9 21:40,17.2,37.9,timer,3570
31725,Rpi__1,Sensor__4,2025/1/9 21:45,17.2,37.9,timer,3570
31729,Rpi__1,Sensor__4,2025/1/9 21:50,17.1,37.8,timer,3570
31733,Rpi__1,Sensor__4,2025/1/9 21:55,17,37.8,timer,3570
31737,Rpi__1,Sensor__4,2025/1/9 22:00,17,37.7,timer,3570
31741,Rpi__1,Sensor__4,2025/1/9 22:05,17,37.7,timer,3570
31745,Rpi__1,Sensor__4,2025/1/9 22:10,16.9,37.6,timer,3570
31749,Rpi__1,Sensor__4,2025/1/9 22:15,16.8,37.6,timer,3570
31753,Rpi__1,Sensor__4,2025/1/9 22:20,16.7,37.6,timer,3570
31757,Rpi__1,Sensor__4,2025/1/9 22:25,16.7,37.5,timer,43170
31761,Rpi__1,Sensor__4,2025/1/9 22:30,16.7,37.4,timer,43170
31765,Rpi__1,Sensor__4,2025/1/9 22:35,16.6,37.5,timer,43170
31769,Rpi__1,Sensor__4,2025/1/9 22:40,16.5,37.4,timer,43170
31773,Rpi__1,Sensor__4,2025/1/9 22:45,16.5,37.4,timer,43170
31777,Rpi__1,Sensor__4,2025/1/9 22:50,16.5,37.3,timer,43170
31781,Rpi__1,Sensor__4,2025/1/9 22:55,16.4,37.3,timer,43170
31785,Rpi__1,Sensor__4,2025/1/9 23:00,16.4,37.2,timer,43170
31789,Rpi__1,Sensor__4,2025/1/9 23:05,16.3,37.2,timer,43170
31793,Rpi__1,Sensor__4,2025/1/9 23:10,16.3,37.1,timer,43170
31797,Rpi__1,Sensor__4,2025/1/9 23:15,16.3,37,timer,43170
31801,Rpi__1,Sensor__4,2025/1/9 23:25,16.3,37,timer,43170
31805,Rpi__1,Sensor__4,2025/1/9 23:30,16.2,36.9,timer,3570
31809,Rpi__1,Sensor__4,2025/1/9 23:35,16.2,36.7,timer,3570
31813,Rpi__1,Sensor__4,2025/1/9 23:40,16.2,36.7,timer,3570
31817,Rpi__1,Sensor__4,2025/1/9 23:45,16.1,36.8,timer,3570
31821,Rpi__1,Sensor__4,2025/1/9 23:50,16.1,36.7,timer,3570
31825,Rpi__1,Sensor__4,2025/1/9 23:55,16.1,36.7,timer,3570
31829,Rpi__1,Sensor__4,2025/1/10 0:00,16,36.7,timer,3570
31833,Rpi__1,Sensor__4,2025/1/10 0:05,16,36.6,timer,3570
31837,Rpi__1,Sensor__4,2025/1/10 0:10,16,36.6,timer,3570
31841,Rpi__1,Sensor__4,2025/1/10 0:15,16,36.5,timer,3570
31845,Rpi__1,Sensor__4,2025/1/10 0:20,15.9,36.4,timer,3570
31849,Rpi__1,Sensor__4,2025/1/10 0:25,16,36.2,timer,3570
31853,Rpi__1,Sensor__4,2025/1/10 0:30,15.9,36.1,timer,3570
31857,Rpi__1,Sensor__4,2025/1/10 0:35,15.9,36,timer,3570
31861,Rpi__1,Sensor__4,2025/1/10 0:40,15.9,36,timer,3570
31865,Rpi__1,Sensor__4,2025/1/10 0:45,15.9,35.9,timer,3570
31869,Rpi__1,Sensor__4,2025/1/10 0:50,15.8,36,timer,3570
31873,Rpi__1,Sensor__4,2025/1/10 0:55,15.8,36,timer,3570
31877,Rpi__1,Sensor__4,2025/1/10 1:00,15.8,36.1,timer,3570
31881,Rpi__1,Sensor__4,2025/1/10 1:05,15.8,36.1,timer,3570
31885,Rpi__1,Sensor__4,2025/1/10 1:10,15.8,36.1,timer,3570
31889,Rpi__1,Sensor__4,2025/1/10 1:15,15.8,36.2,timer,3570
31893,Rpi__1,Sensor__4,2025/1/10 1:20,15.8,36.2,timer,3570
31897,Rpi__1,Sensor__4,2025/1/10 1:25,15.8,36.3,timer,3570
31901,Rpi__1,Sensor__4,2025/1/10 1:30,15.8,36.3,timer,3570
31905,Rpi__1,Sensor__4,2025/1/10 1:35,15.7,36.3,timer,3570
31909,Rpi__1,Sensor__4,2025/1/10 1:40,15.7,36.4,timer,3570
31913,Rpi__1,Sensor__4,2025/1/10 1:45,15.7,36.4,timer,3570
31917,Rpi__1,Sensor__4,2025/1/10 1:50,15.7,36.6,timer,3570
31921,Rpi__1,Sensor__4,2025/1/10 1:55,15.7,36.6,timer,3570
31925,Rpi__1,Sensor__4,2025/1/10 2:00,15.7,36.7,timer,3570
31929,Rpi__1,Sensor__4,2025/1/10 2:05,15.7,36.7,timer,3570
31933,Rpi__1,Sensor__4,2025/1/10 2:10,15.7,36.7,timer,3570
31937,Rpi__1,Sensor__4,2025/1/10 2:15,15.6,36.7,timer,3570
31941,Rpi__1,Sensor__4,2025/1/10 2:20,15.6,36.7,timer,3570
31945,Rpi__1,Sensor__4,2025/1/10 2:25,15.6,36.8,timer,3570
31949,Rpi__1,Sensor__4,2025/1/10 2:30,15.6,36.7,timer,3570
31953,Rpi__1,Sensor__4,2025/1/10 2:35,15.6,36.8,timer,3570
31957,Rpi__1,Sensor__4,2025/1/10 2:40,15.6,36.8,timer,3570
31961,Rpi__1,Sensor__4,2025/1/10 2:45,15.5,36.9,timer,3570
31965,Rpi__1,Sensor__4,2025/1/10 2:50,15.5,37,timer,3570
31969,Rpi__1,Sensor__4,2025/1/10 2:55,15.5,36.9,timer,3570
31973,Rpi__1,Sensor__4,2025/1/10 3:00,15.5,36.9,timer,3570
31977,Rpi__1,Sensor__4,2025/1/10 3:05,15.4,36.9,timer,3570
31981,Rpi__1,Sensor__4,2025/1/10 3:10,15.4,36.8,timer,3570
31985,Rpi__1,Sensor__4,2025/1/10 3:15,15.4,36.8,timer,3570
31989,Rpi__1,Sensor__4,2025/1/10 3:20,15.4,36.8,timer,3570
31993,Rpi__1,Sensor__4,2025/1/10 3:25,15.4,36.9,timer,3570
31997,Rpi__1,Sensor__4,2025/1/10 3:30,15.4,36.9,timer,3570
32001,Rpi__1,Sensor__4,2025/1/10 3:35,15.4,37,timer,3570
32005,Rpi__1,Sensor__4,2025/1/10 3:40,15.3,37.1,timer,3570
32009,Rpi__1,Sensor__4,2025/1/10 3:45,15.3,37.1,timer,3570
32013,Rpi__1,Sensor__4,2025/1/10 3:50,15.3,36.9,timer,3570
32017,Rpi__1,Sensor__4,2025/1/10 3:55,15.3,36.9,timer,3570
32021,Rpi__1,Sensor__4,2025/1/10 4:00,15.3,36.9,timer,3570
32025,Rpi__1,Sensor__4,2025/1/10 4:05,15.3,37,timer,3570
32029,Rpi__1,Sensor__4,2025/1/10 4:10,15.3,37.1,timer,3570
32033,Rpi__1,Sensor__4,2025/1/10 4:15,15.3,37.1,timer,3570
32037,Rpi__1,Sensor__4,2025/1/10 4:20,15.2,37,timer,3570
32041,Rpi__1,Sensor__4,2025/1/10 4:25,15.2,37,timer,3570
32045,Rpi__1,Sensor__4,2025/1/10 4:30,15.2,37.2,timer,3570
32049,Rpi__1,Sensor__4,2025/1/10 4:35,15.2,37.3,timer,3570
32053,Rpi__1,Sensor__4,2025/1/10 4:40,15.1,37.2,timer,3570
32057,Rpi__1,Sensor__4,2025/1/10 4:45,15.1,37.2,timer,3570
32061,Rpi__1,Sensor__4,2025/1/10 4:50,15.1,37.1,timer,3570
32065,Rpi__1,Sensor__4,2025/1/10 4:55,15.1,37.2,timer,3570
32069,Rpi__1,Sensor__4,2025/1/10 5:00,15.1,37.2,timer,3570
32073,Rpi__1,Sensor__4,2025/1/10 5:05,15.1,37.2,timer,3570
32077,Rpi__1,Sensor__4,2025/1/10 5:10,15.1,37.2,timer,3570
32081,Rpi__1,Sensor__4,2025/1/10 5:15,15,37.3,timer,3570
32085,Rpi__1,Sensor__4,2025/1/10 5:20,15,37.3,timer,3570
32089,Rpi__1,Sensor__4,2025/1/10 5:25,15,37.2,timer,3570
32093,Rpi__1,Sensor__4,2025/1/10 5:30,15,37.2,timer,3570
32097,Rpi__1,Sensor__4,2025/1/10 5:35,15,37.2,timer,3570
32101,Rpi__1,Sensor__4,2025/1/10 5:40,15,37.2,timer,3570
32105,Rpi__1,Sensor__4,2025/1/10 5:45,14.9,37.3,timer,3570
32109,Rpi__1,Sensor__4,2025/1/10 5:50,14.9,37.6,timer,3570
32113,Rpi__1,Sensor__4,2025/1/10 5:55,14.9,37.7,timer,3570
32117,Rpi__1,Sensor__4,2025/1/10 6:00,14.9,37.4,timer,3570
32121,Rpi__1,Sensor__4,2025/1/10 6:05,14.9,37.4,timer,3570
32125,Rpi__1,Sensor__4,2025/1/10 6:10,14.9,37.4,timer,3570
32129,Rpi__1,Sensor__4,2025/1/10 6:15,14.9,37.2,timer,3570
32133,Rpi__1,Sensor__4,2025/1/10 6:20,14.9,37.4,timer,3570
32137,Rpi__1,Sensor__4,2025/1/10 6:25,14.8,37.4,timer,3570
32141,Rpi__1,Sensor__4,2025/1/10 6:30,14.8,37.4,timer,3570
32145,Rpi__1,Sensor__4,2025/1/10 6:35,14.8,37.1,timer,3570
32149,Rpi__1,Sensor__4,2025/1/10 6:40,14.8,37.1,timer,3570
32153,Rpi__1,Sensor__4,2025/1/10 6:45,14.7,37.1,timer,3570
32157,Rpi__1,Sensor__4,2025/1/10 6:50,14.7,37.3,timer,3570
32161,Rpi__1,Sensor__4,2025/1/10 6:55,14.7,37.5,timer,3570
32165,Rpi__1,Sensor__4,2025/1/10 7:00,14.7,37.6,timer,3570
32169,Rpi__1,Sensor__4,2025/1/10 7:05,14.7,37.4,timer,3570
32173,Rpi__1,Sensor__4,2025/1/10 7:10,14.7,37.2,timer,3570
32177,Rpi__1,Sensor__4,2025/1/10 7:15,14.7,37.2,timer,3570
32181,Rpi__1,Sensor__4,2025/1/10 7:20,14.6,37.5,timer,3570
32185,Rpi__1,Sensor__4,2025/1/10 7:25,14.6,37.5,timer,3570
32189,Rpi__1,Sensor__4,2025/1/10 7:30,14.6,37.1,timer,3570
32193,Rpi__1,Sensor__4,2025/1/10 7:35,14.6,36.9,timer,3570
32197,Rpi__1,Sensor__4,2025/1/10 7:40,14.6,37,timer,3570
32201,Rpi__1,Sensor__4,2025/1/10 7:45,14.5,36.8,timer,3570
32205,Rpi__1,Sensor__4,2025/1/10 7:50,14.6,37.3,timer,3570
32209,Rpi__1,Sensor__4,2025/1/10 7:55,14.6,37.5,timer,3570
32213,Rpi__1,Sensor__4,2025/1/10 8:00,14.7,37.2,timer,3570
32217,Rpi__1,Sensor__4,2025/1/10 8:05,14.7,37.2,timer,3570
32221,Rpi__1,Sensor__4,2025/1/10 8:10,14.9,36.5,timer,3570
32225,Rpi__1,Sensor__4,2025/1/10 8:15,15.1,36.5,timer,3570
32229,Rpi__1,Sensor__4,2025/1/10 8:20,15.1,36.5,timer,3570
32233,Rpi__1,Sensor__4,2025/1/10 8:25,15.4,37.3,timer,3570
32237,Rpi__1,Sensor__4,2025/1/10 8:30,15.4,37.3,timer,3570
32241,Rpi__1,Sensor__4,2025/1/10 8:35,15.7,38.1,timer,3570
32245,Rpi__1,Sensor__4,2025/1/10 8:40,15.8,38.4,timer,3570
32249,Rpi__1,Sensor__4,2025/1/10 8:45,15.9,38.6,timer,3570
32253,Rpi__1,Sensor__4,2025/1/10 8:50,16,38.7,timer,3570
32257,Rpi__1,Sensor__4,2025/1/10 8:55,16,38.7,timer,3570
32261,Rpi__1,Sensor__4,2025/1/10 9:00,16.2,38.9,timer,3570
32265,Rpi__1,Sensor__4,2025/1/10 9:05,16.2,39,timer,3570
32269,Rpi__1,Sensor__4,2025/1/10 9:10,16.3,39,timer,3570
32273,Rpi__1,Sensor__4,2025/1/10 9:15,16.4,39,timer,3570
32277,Rpi__1,Sensor__4,2025/1/10 9:20,16.5,39.1,timer,3570
32281,Rpi__1,Sensor__4,2025/1/10 9:25,16.5,39.1,timer,3570
32285,Rpi__1,Sensor__4,2025/1/10 9:30,16.6,39.1,timer,3570
32289,Rpi__1,Sensor__4,2025/1/10 9:35,16.7,39.1,timer,3570
32293,Rpi__1,Sensor__4,2025/1/10 9:40,16.7,39.1,timer,3570
32297,Rpi__1,Sensor__4,2025/1/10 9:45,16.8,39,timer,3570
32301,Rpi__1,Sensor__4,2025/1/10 9:50,16.9,39,timer,3570
32305,Rpi__1,Sensor__4,2025/1/10 9:55,16.9,39,timer,3570
32309,Rpi__1,Sensor__4,2025/1/10 10:00,17,38.9,timer,3570
32313,Rpi__1,Sensor__4,2025/1/10 10:05,17,38.8,timer,3570
32317,Rpi__1,Sensor__4,2025/1/10 10:10,17.1,38.7,timer,3570
32321,Rpi__1,Sensor__4,2025/1/10 10:15,17.1,38.6,timer,3570
32325,Rpi__1,Sensor__4,2025/1/10 10:20,17.1,38.6,timer,3570
32329,Rpi__1,Sensor__4,2025/1/10 10:25,17.2,38.5,timer,43170
32333,Rpi__1,Sensor__4,2025/1/10 10:30,17.3,38.4,timer,3570
32337,Rpi__1,Sensor__4,2025/1/10 10:35,17.3,38.4,timer,3570
32341,Rpi__1,Sensor__4,2025/1/10 10:40,17.4,38.5,timer,3570
32345,Rpi__1,Sensor__4,2025/1/10 10:45,17.4,38.5,timer,3570
32349,Rpi__1,Sensor__4,2025/1/10 10:50,17.4,38.5,timer,3570
32353,Rpi__1,Sensor__4,2025/1/10 10:55,17.5,38.5,timer,3570
32357,Rpi__1,Sensor__4,2025/1/10 11:00,17.6,38.6,timer,3570
32361,Rpi__1,Sensor__4,2025/1/10 11:05,17.6,38.5,timer,3570
32365,Rpi__1,Sensor__4,2025/1/10 11:10,17.7,38.5,timer,3570
32369,Rpi__1,Sensor__4,2025/1/10 11:15,17.7,38.6,timer,3570
32373,Rpi__1,Sensor__4,2025/1/10 11:20,17.8,38.6,timer,3570
32377,Rpi__1,Sensor__4,2025/1/10 11:25,17.9,39,timer,3570
32381,Rpi__1,Sensor__4,2025/1/10 11:30,18,38.8,timer,3570
32385,Rpi__1,Sensor__4,2025/1/10 11:35,18,38.7,timer,3570
32389,Rpi__1,Sensor__4,2025/1/10 11:40,18,38.8,timer,3570
32393,Rpi__1,Sensor__4,2025/1/10 11:45,18.1,38.9,timer,3570
32397,Rpi__1,Sensor__4,2025/1/10 11:50,18.1,38.9,timer,3570
32401,Rpi__1,Sensor__4,2025/1/10 11:55,18.1,39,timer,3570
32405,Rpi__1,Sensor__4,2025/1/10 12:00,18.2,39,timer,3570
32409,Rpi__1,Sensor__4,2025/1/10 12:05,18.3,39.1,timer,3570
32413,Rpi__1,Sensor__4,2025/1/10 12:10,18.3,39.1,timer,3570
32417,Rpi__1,Sensor__4,2025/1/10 12:15,18.3,39.1,timer,3570
32421,Rpi__1,Sensor__4,2025/1/10 12:20,18.4,39.2,timer,3570
